0.0	0.19999999999999984	0.3999999999999997	0.5999999999999995	0.7999999999999994	0.9999999999999992	0.00017755681818143823	0.2001775568181813	0.4001775568181812	0.600177556818181	0.8001775568181808	1.0001775568181808	0.00035511363636311715	0.20035511363636296	0.40035511363636284	0.6003551136363626	0.8003551136363626	1.0003551136363624	0.0005326704545448572	0.2005326704545447	0.40053267045454455	0.6005326704545444	0.8005326704545442	1.000532670454544	0.0007102272727259159	0.20071022727272578	0.40071022727272565	0.6007102272727254	0.8007102272727253	1.000710227272725	0.0008877840909076953	0.20088778409090755	0.4008877840909074	0.6008877840909073	0.8008877840909071	1.000887784090907	0.0	0.0	0.0	0.0	0.0	0.0	0.20000000000000015	0.20000000000000018	0.20000000000000018	0.20000000000000018	0.20000000000000018	0.20000000000000018	0.4000000000000003	0.40000000000000036	0.40000000000000036	0.40000000000000036	0.40000000000000036	0.40000000000000036	0.6000000000000004	0.6000000000000004	0.6000000000000004	0.6000000000000004	0.6000000000000004	0.6000000000000004	0.8000000000000006	0.8000000000000007	0.8000000000000007	0.8000000000000007	0.8000000000000007	0.8000000000000007	1.0000000000000007	1.0000000000000007	1.0000000000000007	1.0000000000000007	1.0000000000000007	1.0000000000000009
0.0	0.20000011824061723	0.40000023648018507	0.6000003547188293	0.8000004729565501	1.0000005911932213	0.00035511363596573667	0.20035523187645563	0.40035535011597884	0.6003554683546238	0.8003555865923908	1.0003557048291916	0.0007102272711713433	0.20071034551135994	0.4007104637507636	0.6007105819894093	0.8007107002272974	1.000710818464401	0.0010653409056508509	0.20106545914549256	0.4010655773847471	0.6010656956233934	0.8010658138614317	1.0010659320988833	0.0014204545394855422	0.2014205727790256	0.4014206910181603	0.601420809256807	0.8014209274949662	1.0014210457327202	0.0017755681727101727	0.2017756864121221	0.40177580465121177	0.601775922889859	0.801776041128064	1.0017761593659464	0.0	0.0	0.0	0.0	0.0	0.0	0.19999988178802808	0.19999988178913966	0.19999988179007197	0.19999988179095698	0.19999988179188932	0.19999988179300088	0.39999976357638184	0.39999976357841177	0.3999997635801827	0.3999997635818752	0.39999976358364614	0.39999976358567607	0.5999996453651831	0.5999996453679012	0.599999645370356	0.5999996453727309	0.5999996453751857	0.5999996453779037	0.7999995271544321	0.799999527157608	0.7999995271605919	0.7999995271635241	0.799999527166508	0.7999995271696839	0.9999994089440066	0.9999994089474472	0.9999994089508665	0.9999994089542784	0.9999994089576977	0.9999994089611385
0.0	0.2000003153125376	0.4000006306205256	0.6000009459245206	0.8000012612245229	1.0000015765199752	0.0005326706627304457	0.20053298597471766	0.4005333012825171	0.6005336165865187	0.8005339318867237	1.0005342471827439	0.0010653413221808667	0.20106565663286177	0.4010659719401462	0.601066287244154	0.8010666025448867	1.001066917842227	0.0015980119784936792	0.201598327287671	0.4015986425943094	0.6015989578983224	0.8015992731997112	1.0015995884985656	0.0021306826320263736	0.20213099793989384	0.402131313246015	0.6021316285500321	0.8021319438519464	1.0021322591521176	0.002663353282919053	0.20266366859022963	0.4026639838961585	0.6026642992001794	0.8026646145022927	1.0026649298030246	0.0	0.0	0.0	0.0	0.0	0.0	0.19999968476430488	0.1999996847691123	0.1999996847731362	0.19999968477695448	0.19999968478097835	0.19999968478578567	0.3999993695300089	0.3999993695387917	0.3999993695464393	0.39999936955374227	0.39999936956138965	0.399999369570172	0.5999990542976482	0.5999990543094087	0.5999990543200112	0.5999990543302613	0.5999990543408635	0.5999990543526231	0.7999987390672231	0.7999987390809634	0.7999987390938521	0.7999987391065118	0.7999987391194	0.799998739133139	0.999998423838197	0.999998423853085	0.9999984238678598	0.9999984238825953	0.9999984238973694	0.999998423912256
0.0	0.2000005912192797	0.40000118242666394	0.6000017736236323	0.8000023648101848	1.0000029559848416	0.0007102281078699897	0.20071081932571683	0.4007114105326199	0.6007120017296143	0.8007125929167033	1.00071318409286	0.001420456207194185	0.20142104742162786	0.40142163862719343	0.6014222298242116	0.8014228210126876	1.0014234121923125	0.0021306842983374857	0.20213127550884274	0.40213186671272166	0.60213245790976	0.8021330490999629	1.002133640283557	0.0028409123822318054	0.20284150358930989	0.4028420947918423	0.602842685988897	0.8028432771804781	1.0028438683675265	0.0035511404592336207	0.2035517316648534	0.40355232286689025	0.6035529140639595	0.8035535052560622	1.0035540964445844	0.0	0.0	0.0	0.0	0.0	0.0	0.19999940892507076	0.19999940893762155	0.19999940894810747	0.19999940895805374	0.19999940896853952	0.19999940898109014	0.39999881785377767	0.39999881787671354	0.39999881789664976	0.39999881791567354	0.39999881793560926	0.39999881795854353	0.599998226787537	0.599998226818249	0.5999982268458907	0.5999982268725955	0.5999982269002361	0.5999982269309446	0.799997635726349	0.799997635762228	0.7999976357958303	0.7999976358288196	0.79999763586242	0.7999976358982936	0.9999970446687975	0.999997044707677	0.9999970447462042	0.9999970447846092	0.9999970448231338	0.999997044862007
0.0	0.20000094596480986	0.40000189190514834	0.6000028378241012	0.8000037837216685	1.0000047295947632	0.0008877861807643482	0.20088873214264152	0.40088967808201326	0.6008906240010374	0.8008915698997223	1.000892515775933	0.0017755723439962785	0.20177651829885998	0.4017774642354983	0.6017784101545871	0.8017793560561408	1.001780301939516	0.0026633584904363268	0.20266430443722647	0.40266525037040224	0.602666196289546	0.8026671421946724	1.002668088086233	0.003551144621999821	0.203552090561738	0.4035530364921555	0.6035539824113444	0.8035549283193152	1.0035558742180017	0.0044389307394064464	0.20443987667614233	0.40444082260555375	0.604441768524782	0.8044427144338302	1.0044436603355618	0.0	0.0	0.0	0.0	0.0	0.0	0.19999905426630882	0.1999990542921055	0.1999990543136217	0.19999905433402226	0.19999905435553847	0.1999990543813355	0.3999981085400678	0.39999810858721874	0.3999981086281363	0.3999981086671543	0.3999981087080711	0.3999981087552193	0.5999971628242116	0.5999971628873478	0.5999971629440818	0.5999971629988579	0.5999971630555897	0.5999971631187183	0.7999962171187408	0.7999962171924927	0.799996217261458	0.7999962173291325	0.7999962173980942	0.7999962174718336	0.9999952714207214	0.9999952715006444	0.9999952715797259	0.9999952716585159	0.9999952717375922	0.9999952718174999
0.0	0.20000137955352945	0.4000027590634082	0.6000041385352058	0.8000055179689216	1.0000068973589828	0.0010653450908062634	0.20106672463913391	0.4010681041473275	0.6010694836192835	0.8010708630550196	1.0010722424506904	0.002130690150407216	0.20213206968624248	0.40213344918959176	0.6021348286616912	0.8021362081025724	1.002137587511072	0.0031960351801133833	0.20319741470156338	0.40319879419875143	0.6032001736709728	0.8032015531182601	1.0032029325413947	0.004261380183338617	0.20426275969221044	0.4042641391844989	0.6042655186568205	0.8042668981091984	1.004268277545075	0.0053267251613464735	0.2053281046648615	0.40532948415537745	0.6053308636277864	0.8053322430820953	1.005333622523424	0.0	0.0	0.0	0.0	0.0	0.0	0.19999862078375732	0.19999862082974917	0.1999986208680485	0.19999862090434645	0.19999862094264675	0.1999986209886412	0.3999972415807671	0.39999724166484174	0.39999724173768825	0.39999724180710805	0.3999972418799548	0.3999972419640269	0.5999958623962924	0.5999958625088678	0.5999958626098723	0.5999958627073316	0.5999958628083338	0.5999958629208973	0.7999944832303347	0.7999944833618271	0.7999944834845998	0.7999944836050159	0.7999944837277836	0.7999944838592546	0.9999931040776318	0.9999931042201279	0.999993104360916	0.9999931045011132	0.9999931046418931	0.9999931047843622
0.0	0.2000018919902715	0.40000378390974695	0.6000056757675549	0.800007567563693	1.000009459289025	0.0012429050473743756	0.2012447970292596	0.4012466889460633	0.6012485808041783	0.8012504726036385	1.0012523643381492	0.002485810044232658	0.20248770200588928	0.40248959391488603	0.602491485773279	0.8024933775811296	1.0024952693365234	0.0037287149926882985	0.20373060693104106	0.4037324988300721	0.6037343906887013	0.8037362825069926	1.0037381742861755	0.0049716198982797215	0.20497351181623713	0.4049754037073537	0.6049772955661773	0.8049791873927525	1.0049810791926495	0.006214524763028664	0.20621641667229865	0.40621830856057395	0.6062202004195665	0.8062220922492905	1.00622398405806	0.0	0.0	0.0	0.0	0.0	0.0	0.19999810847291313	0.19999810854748803	0.19999810860949496	0.1999981086682355	0.19999810873024604	0.19999810880482946	0.3999962169672788	0.3999962171036167	0.3999962172215697	0.39999621733390467	0.3999962174518614	0.3999962175882015	0.5999943254916689	0.5999943256742188	0.5999943258377611	0.5999943259954704	0.5999943261590128	0.5999943263415498	0.7999924340460856	0.7999924342592939	0.7999924344580676	0.7999924346529301	0.7999924348516996	0.7999924350648788	0.9999905426219587	0.9999905428530059	0.9999905430809489	0.9999905433078196	0.9999905435357528	0.999990543766761
0.0	0.20000248328030495	0.40000496645335065	0.6000074495331005	0.8000099325195488	1.0000124153987155	0.0014204662598658166	0.2014229495275445	0.4014254326966325	0.6014279157769231	0.8014303987684751	1.0014328816616676	0.002840932443323229	0.20284341568040737	0.402845898837742	0.6028483819185221	0.8028508649228555	1.0028533478477981	0.0042613985535646815	0.20426388175538493	0.4042663648976647	0.6042688479788602	0.8042713309990853	1.0042738139601484	0.005681864598980998	0.20568434776991235	0.4056868309002487	0.6056893139817865	0.8056917970146048	1.005694280007119	0.007102330582601522	0.20710481374037493	0.40710729686645486	0.6071097799482896	0.8071122629859063	1.0071147459919052	0.0	0.0	0.0	0.0	0.0	0.0	0.1999975173290276	0.1999975174420037	0.19999751753580128	0.19999751762461754	0.19999751771842442	0.1999975178314214	0.3999950346905128	0.39999503489706906	0.3999950350755109	0.3999950352453523	0.3999950354238062	0.3999950356303778	0.5999925520974864	0.5999925523740456	0.5999925526214464	0.5999925528598866	0.5999925531072952	0.5999925533838483	0.7999900695499511	0.7999900698729322	0.7999900701736045	0.7999900704682158	0.7999900707688897	0.7999900710918403	0.9999875870348792	0.9999875873848739	0.9999875877296623	0.9999875880726553	0.9999875884174368	0.9999875887673851
0.0	0.20000315342933267	0.40000630670428394	0.6000094598451317	0.8000126128518638	1.0000157657041706	0.0015980289376742796	0.2016011823489507	0.4016043356183322	0.6016074887600662	0.8016106417742479	1.0016137946469112	0.0031960577655341313	0.2031992111328543	0.40320236438542456	0.6032055175279605	0.8032086705606396	1.003211823479158	0.004794086488165415	0.20479723980479142	0.40480039303575815	0.6048035461789741	0.8048066992346286	1.0048098522052487	0.006392115117652057	0.20639526838983818	0.40639842160368117	0.6064015747474578	0.8064047278212999	1.0064078808372832	0.007990143658312179	0.20799329691156848	0.40799645011935154	0.6079996032636144	0.8080027563444045	1.0080059093798546	0.0	0.0	0.0	0.0	0.0	0.0	0.19999684734710846	0.19999684750972596	0.19999684764454315	0.19999684777214183	0.19999684790697886	0.19999684806963972	0.39999369474089025	0.3999936950382195	0.3999936952947128	0.39999369553870223	0.39999369579522376	0.3999936960925961	0.5999905422001527	0.5999905425982334	0.5999905429538315	0.5999905432963585	0.599990543651981	0.5999905440500773	0.7999873897248995	0.7999873901897656	0.7999873906218938	0.7999873910451031	0.799987391477248	0.7999873919420953	0.9999842372963271	0.9999842378000544	0.9999842382955683	0.9999842387882548	0.9999842392837731	0.9999842397874583
0.0	0.20000390244349328	0.40000780467349367	0.6000117067182793	0.8000156085778275	1.000019510223804	0.0017755932902047571	0.20177949570889311	0.40178339793136286	0.6017872999775224	0.801791201847518	1.0017951035218757	0.003551186428754041	0.20355508878676876	0.40355899098613474	0.6035628930335369	0.803566794929252	1.0035706966672344	0.0053267794219852525	0.20533068170998214	0.40533458387956567	0.6053384859280212	0.8053423878556454	1.005346289665833	0.007102372286620195	0.20710627451319188	0.40711017665918564	0.6071140787085094	0.8071179806613714	1.0071218825344184	0.008877965028577817	0.20888186722898686	0.4088857693666892	0.608889671416766	0.8088935733792958	1.00889747527934	0.0	0.0	0.0	0.0	0.0	0.0	0.19999609852191833	0.199996098746831	0.19999609893302994	0.19999609910917754	0.19999609929541412	0.19999609952040764	0.39999219710833994	0.3999921975195808	0.3999921978738438	0.3999921982106461	0.39999219856496543	0.3999921989762996	0.5999882957853335	0.5999882963359034	0.5999882968270209	0.5999882972998263	0.5999882977909988	0.5999882983416305	0.7999843945529033	0.7999843951957955	0.7999843957925526	0.7999843963767064	0.7999843969735098	0.7999843976164183	0.9999804933849852	0.9999804940815888	0.9999804947658454	0.9999804954458595	0.9999804961301456	0.9999804968267332
0.0	0.20000473032936084	0.4000094603728083	0.6000141901685156	0.8000189197164437	1.0000236489783254	0.001953159526875721	0.20195788982324125	0.40196261985682974	0.6019673496545743	0.8019720792166898	1.0019768085168856	0.003906318850909125	0.2039110490661742	0.4039157790690128	0.6039205088685994	0.8039252384653459	1.0039299678510292	0.005859477980588472	0.20586420810220113	0.40586893806528124	0.6058736678664284	0.8058783975060869	1.0058831269886739	0.007812636938322931	0.207817366977718	0.40782209690932536	0.6078268267117585	0.8078315563853317	1.0078362859522674	0.009765795731977838	0.20977052573635896	0.4097752556569779	0.6097799854605266	0.8097847151471287	1.0097894447503186	0.0	0.0	0.0	0.0	0.0	0.0	0.1999952708479749	0.1999952711492417	0.19999527139830525	0.1999952716338142	0.19999527188294342	0.1999952721843496	0.3999905417822989	0.3999905423331581	0.39999054280704066	0.3999905432573171	0.39999054373130105	0.39999054428233605	0.5999858128379526	0.5999858135754135	0.5999858142323211	0.5999858148643938	0.5999858155214074	0.5999858162590122	0.7999810840149405	0.7999810848760024	0.7999810856741337	0.7999810864550269	0.7999810872532552	0.7999810881144045	0.9999763552782865	0.9999763562112391	0.9999763571263413	0.9999763580353213	0.9999763589504987	0.9999763598834956
0.0	0.20000563709394603	0.4000112738149403	0.600016910213157	0.8000225462885328	1.0000281819907442	0.002130727857114695	0.2021363649083159	0.40214200161674063	0.6021476380178704	0.8021532741120102	1.0021589098645947	0.004261455449953468	0.20426709239557028	0.40427272906413086	0.6042783654678937	0.8042840016074506	1.0042896374719088	0.006392182789596085	0.20639781961320303	0.40640345623006885	0.6064090926360611	0.8064147288318223	1.0064203648229504	0.008522909905297702	0.20852854662171888	0.40853418319768386	0.608539819605513	0.8085454558456642	1.0085510919470317	0.010653636807243311	0.21065927347802532	0.41066491003980393	0.6106705464492266	0.8106761827064812	1.0106818188552649	0.0	0.0	0.0	0.0	0.0	0.0	0.19999436431954992	0.19999436471262658	0.19999436503714585	0.19999436534386103	0.19999436566848794	0.199994366061791	0.39998872875171054	0.39998872947044684	0.3999887300879064	0.39998873067428864	0.39998873129191787	0.399988732010957	0.5999830933421894	0.5999830943043547	0.5999830951602378	0.5999830959833267	0.5999830968393947	0.5999830978018371	0.7999774580909906	0.7999774592143418	0.7999774602541216	0.7999774612709494	0.7999774623109069	0.7999774634344686	0.99997182295241	0.9999718241694828	0.9999718253615679	0.9999718265450985	0.9999718277373343	0.9999718289545624
0.0	0.20000662274469716	0.40001324501348756	0.6000198668708666	0.800026488316736	1.000033109286373	0.0023082984903730506	0.20231492118090477	0.40232154343402216	0.6023281652954424	0.8023347867655857	1.0023414078000028	0.004616596643898957	0.20462321919996357	0.4046298414025239	0.6046364632675957	0.8046430847960043	1.0046497059736363	0.006924894474733107	0.20693151687530092	0.40693813901211084	0.6069447608802728	0.8069513824806881	1.006958003820297	0.009233192020236702	0.2092398142841102	0.4092464363689206	0.6092530582396279	0.80925967989688	1.0092663013774283	0.011541489293318111	0.2115481114989998	0.4115547335658914	0.6115613554388074	0.8115679771180238	1.0115745986592335	0.0	0.0	0.0	0.0	0.0	0.0	0.1999933789306684	0.19999337943239878	0.19999337984606094	0.19999338023684637	0.19999338065067637	0.1999933811527577	0.3999867580050227	0.39998675892243096	0.39998675970950903	0.39998676045657305	0.3999867612439195	0.39998676216181706	0.5999801372814761	0.5999801385095493	0.5999801396004742	0.59998014064905	0.5999801417402759	0.5999801429688283	0.7999735167600316	0.7999735181937412	0.7999735195189305	0.7999735208142408	0.7999735221397287	0.7999735235738431	0.9999668963822762	0.9999668979355091	0.9999668994546987	0.9999669009622546	0.9999669024817099	0.9999669040352793
0.0	0.20000768728949708	0.400015373982928	0.6000230601616454	0.8000307458255023	1.000038430892812	0.0024858716361038234	0.20249355885823736	0.4025012455324918	0.6025089317166737	0.8025166174113477	1.0025243025604182	0.0049717428507718995	0.20497942990482107	0.4049871165161404	0.6049948027052582	0.8050024884732971	1.0050101738023125	0.0074576136617609395	0.20746530052129591	0.40747298705053403	0.6074806732438272	0.8074883591024073	1.00749604463472	0.009943484115908088	0.20995117080433917	0.4099588572686861	0.6099665434654172	0.8099742293954256	1.0099819151045946	0.012429354229275765	0.21243704084488338	0.4124447272870132	0.6124524134867282	0.8124600994444224	1.01246778522976	0.0	0.0	0.0	0.0	0.0	0.0	0.1999923146751116	0.19999231530371922	0.19999231582129529	0.19999231631002098	0.19999231682784852	0.19999231745697957	0.3999846295301941	0.3999846306795892	0.39998463166438775	0.3999846325986284	0.39998463358383346	0.3999846347339808	0.5999769446385074	0.5999769461770595	0.59997694754194	0.5999769488531592	0.5999769502185052	0.5999769517578287	0.7999692600000516	0.7999692617961116	0.7999692634539161	0.7999692650735631	0.7999692667318394	0.7999692685285928	0.9999615755415621	0.9999615774872338	0.9999615793875839	0.9999615812724737	0.9999615831732567	0.9999615851195396
0.0	0.20000883073667067	0.40001766073863404	0.6000264901068538	0.8000353188411177	1.0000441468399848	0.002663447503803207	0.20267227815803365	0.40268110813691366	0.6026899375123624	0.8026987662851227	1.0027075943855346	0.005326894488693556	0.20533572493615795	0.4053445548379371	0.6053533842199132	0.8053622130835804	1.0053710414064903	0.007990340976597352	0.20799917118460387	0.408008000985544	0.6080168303730392	0.8080256593487376	1.0080344879227519	0.010653787025297845	0.21066261702253325	0.4106714467437776	0.6106802761358158	0.8106891051998526	1.0106979339922633	0.013317232654470252	0.21332606256202197	0.4133348922561555	0.6133437216521376	0.8133525507505174	1.0133613796370446	0.0	0.0	0.0	0.0	0.0	0.0	0.1999911715464098	0.19999117232148914	0.199991172958822	0.19999117356035104	0.19999117419804843	0.1999911749738839	0.3999823433146795	0.3999823447318803	0.3999823459445386	0.3999823470943444	0.39998234830759694	0.3999823497259098	0.599973515395218	0.5999735172921657	0.5999735189727301	0.5999735205863989	0.5999735222676541	0.5999735241657803	0.7999646877880209	0.7999646900023193	0.7999646920433479	0.799964694036446	0.7999646960781859	0.7999646982935877	0.9999558604026659	0.9999558628012636	0.9999558651407153	0.9999558674600265	0.9999558698001448	0.9999558721997494
0.0	0.2000100530949772	0.40002010529685716	0.600030156729189	0.8000402073916738	1.0000502571600984	0.002841026302966193	0.20285107929845225	0.40286113147293884	0.6028711829146539	0.8028812336245562	1.0028912835173462	0.005682051975793516	0.20569210472044339	0.405702156801777	0.6057122082519615	0.8057222590729479	1.005732309237049	0.008523077045190581	0.2085331294991221	0.4085431814582834	0.6085532329156258	0.8085632838733128	1.008573334343285	0.011364101581462577	0.21137415377934535	0.41138420564197625	0.611394257105209	0.811404308170638	1.0114143589065765	0.014205125608385327	0.21421517769734788	0.4142252295273513	0.6142352809956987	0.8142453321031394	1.0142553829537615	0.0	0.0	0.0	0.0	0.0	0.0	0.19998994953784996	0.19998995048035786	0.19998995125435032	0.19998995198452607	0.19998995275903245	0.1999899537026034	0.3999798993454454	0.3999799010687583	0.39997990254143	0.39997990393705846	0.3999799054105735	0.3999799071354783	0.5999698495328065	0.5999698518393897	0.599969853880148	0.5999698558386862	0.5999698578804367	0.599969860188749	0.7999598000999217	0.7999598027922161	0.7999598052704397	0.7999598076893182	0.7999598101685753	0.7999598128625355	0.9999497509367453	0.9999497538529345	0.9999497566932655	0.9999497595078104	0.9999497623491249	0.9999497652668693
0.0	0.20001135437361642	0.4000227076747404	0.6000340600527024	0.800045411507092	1.0000567618876728	0.003018608243127526	0.20302996249813718	0.40304131576715846	0.6030526681570991	0.8030640196691773	1.0030753702002182	0.006037215730289742	0.2060485696846862	0.4060599228425212	0.6060712752432701	0.8060826268894393	1.0060939777473021	0.00905582249363296	0.2090671760993486	0.4090785291109572	0.6090898815208368	0.80910123333178	1.0091125845577136	0.012074428617667096	0.21208578191609706	0.4120971348121963	0.6121084872295871	0.8121198391703447	1.01213119071625	0.015093034130775639	0.21510438729852682	0.4151157401558331	0.6151270925797474	0.815138444571274	1.0151497962552274	0.0	0.0	0.0	0.0	0.0	0.0	0.19998864864246976	0.1999886497747168	0.19998865070331975	0.19998865157895337	0.1999886525082638	0.19998865364197085	0.39997729760895795	0.3999772996791607	0.39997730144599125	0.39997730311954444	0.39997730488754196	0.3999773069599631	0.5999659470317172	0.5999659498024765	0.5999659522506885	0.5999659545990951	0.5999659570486928	0.5999659598219083	0.7999545969107255	0.7999546001446161	0.7999546031173274	0.7999546060174857	0.7999546089916537	0.7999546122279603	0.9999432471136876	0.9999432506162821	0.9999432540230585	0.9999432573973209	0.9999432608055001	0.999943264310387
0.0	0.2000127345822278	0.4000254678903165	0.600038200102798	0.8000509312191191	1.000063661059537	0.0031961935338447947	0.20320892797620035	0.40322166124708486	0.6032343934746356	0.8032471246603778	1.003259854680865	0.006392386170457151	0.20640512025640298	0.40641785339599557	0.6064305856371383	0.8064433169830045	1.0064560473929618	0.009588577948120321	0.2096013116203408	0.40961404458679046	0.6096267768394107	0.8096395083817545	1.0096522392298877	0.012784768967329479	0.21279750227472297	0.4128102351044278	0.6128229673664871	0.812835699063562	1.0128484302925131	0.015980959261613546	0.21599369241390368	0.4160064251979773	0.6160191574682362	0.8160318892260034	1.0160446206193428	0.0	0.0	0.0	0.0	0.0	0.0	0.1999872688530585	0.19998727019870013	0.199987271300901	0.19998727233975905	0.19998727344291392	0.1999872747905206	0.3999745380911846	0.3999745405515099	0.39997454264861393	0.39997454463401455	0.3999745467326989	0.3999745491960456	0.5999618078716427	0.5999618111643973	0.5999618140700401	0.5999618168558583	0.599961819763392	0.5999618230595428	0.7999490781943956	0.7999490820372983	0.7999490855650712	0.7999490890051354	0.7999490925349104	0.7999490963812075	0.9999363489021145	0.999936353064046	0.999936357106575	0.9999363611086577	0.9999363651531323	0.9999363693183236
0.0	0.20001419373089027	0.40002838596250767	0.6000425769062302	0.8000567665613265	1.0000709547148254	0.003373782384704838	0.20338797595222746	0.4034021681411575	0.6034163591035919	0.8034305488414167	1.0034447372083533	0.006747563714637059	0.20676175686362672	0.4067759488989992	0.6067901398783051	0.8068043298055106	1.0068185186321437	0.010121344034958932	0.21013553669772167	0.41014972853003373	0.6101639195235805	0.8101781096828234	1.010192299026116	0.013495123464038684	0.21350931569778747	0.4135235073697534	0.6135376983750083	0.8135518887169199	1.013566078509122	0.016868902041110617	0.2168830940925234	0.416897285711325	0.6169114767267526	0.8169256671405242	1.0169398571266088	0.0	0.0	0.0	0.0	0.0	0.0	0.19998581016215747	0.1999858117461853	0.19998581304199634	0.19998581426278855	0.199985815559863	0.1999858171464891	0.3999716207775952	0.39997162367371436	0.3999716261391535	0.39997162847212103	0.39997163093966026	0.39997163383981377	0.599957432031525	0.5999574359073503	0.5999574393230872	0.5999574425963705	0.599957446014636	0.5999574498950517	0.7999432439238902	0.7999432484470096	0.7999432525936596	0.7999432566353389	0.7999432607846821	0.7999432653124476	0.9999290562693841	0.9999290611676724	0.9999290659189554	0.9999290706205283	0.9999290753744472	0.9999290802772386
0.0	0.20001573183012275	0.4000314619111261	0.6000471904911062	0.800062917569111	1.0000786428949797	0.0035513750053262198	0.203567106646281	0.4035828366787459	0.6035985652816918	0.8036142924574237	1.0036300180341053	0.007102748781244618	0.20711847993491495	0.4071342097893127	0.6071499384129578	0.8071656658107502	1.0071813919253756	0.010654121380583628	0.21066985196769847	0.410685581585982	0.6107013102270918	0.8107170378965652	1.0107327646151854	0.014205492941572655	0.2142212230285034	0.41423695246036657	0.6142526811158308	0.8142684089991078	1.0142841362423785	0.01775686350973341	0.21777259338414726	0.41778832275459754	0.6178040514225361	0.8178197793901643	1.0178355068601437	0.0	0.0	0.0	0.0	0.0	0.0	0.19998427256205947	0.1999842744107925	0.19998427592123946	0.1999842773436068	0.19998427885570033	0.19998428070781527	0.3999685456531609	0.3999685490331674	0.3999685519069282	0.39996855462495584	0.3999685575014616	0.3999685608867624	0.5999528194895549	0.5999528240127598	0.5999528279939087	0.5999528318071875	0.5999528357916584	0.5999528403209483	0.799937094071159	0.7999370993494619	0.7999371041820073	0.7999371088900513	0.7999371137261524	0.7999371190106764	0.9999213691815892	0.9999213748973116	0.9999213804339976	0.999921385910247	0.9999213914504336	0.9999213971722295
0.0	0.20001734889088618	0.4000346957568784	0.6000520408868913	0.8000693842797023	1.0000867256437576	0.00372897160536282	0.2037463202789058	0.4037636670901576	0.6037810122480627	0.8037983557554096	1.0038156974119121	0.007457941788773731	0.20747528989935635	0.40749263650570683	0.6075099816887423	0.8075273254544533	1.0075446677356112	0.011186910611557467	0.21120425806706414	0.41122160440097805	0.6112389496052083	0.8112562936865555	1.0112736366683677	0.014915878233896522	0.2149332251107319	0.4149505712295736	0.614967916451219	0.8149852607808794	1.0150026043711358	0.018644844708205894	0.21866219133925677	0.41867953738770275	0.6186968826244854	0.818714227052391	1.0187315709056926	0.0	0.0	0.0	0.0	0.0	0.0	0.1999826560448071	0.19998265818588276	0.19998265993299352	0.1999826615774963	0.19998266332672263	0.19998266547213892	0.3999653127023507	0.39996531661674356	0.39996531994071577	0.3999653230830472	0.3999653264105549	0.3999653303317902	0.5999479702231659	0.5999479754612702	0.5999479800657728	0.5999479844740213	0.5999479890828212	0.599947994328856	0.7999306286071376	0.7999306347193254	0.7999306403079481	0.7999306457501052	0.7999306513433461	0.7999306574637091	0.9999132876035481	0.9999132942218091	0.9999133006241493	0.9999133069537278	0.9999133133606367	0.9999133199869257
0.0	0.20001904492458117	0.40003808752136083	0.6000571281244018	0.8000761667321539	1.0000952030072205	0.0039065723944979435	0.2039256170711208	0.4039446596066272	0.6039637002432233	0.8039827389842513	1.0040017755979138	0.007813143155788342	0.2078321871865598	0.40785122948792873	0.6078702701547465	0.8078893091942684	1.0079083465282077	0.011719712354567693	0.21173875563319075	0.41175779762240305	0.6117768383146995	0.8117958777183527	1.0118149158594028	0.015626280175164577	0.21564532278898185	0.4156643645317901	0.6156834052450155	0.8157024449350437	1.015721483776787	0.0195328466775133	0.21955188900905515	0.4195709306717335	0.619589971403154	0.819609011206805	1.0196280503516177	0.0	0.0	0.0	0.0	0.0	0.0	0.19998096060219497	0.19998096306456037	0.19998096507135366	0.19998096695945994	0.19998096896893697	0.19998097143680385	0.3999619219091359	0.3999619264108032	0.39996193022875826	0.39996193383636525	0.39996193765881444	0.3999619421692057	0.5999428842090417	0.5999428902327535	0.5999428955211445	0.5999429005817485	0.5999429058756225	0.599942911909517	0.799923847501756	0.7999238545302381	0.7999238609482454	0.7999238671952211	0.799923873619141	0.7999238806581922	0.9999048114988165	0.9999048191087176	0.9999048264605199	0.999904833725497	0.9999048410831719	0.9999048487035019
0.0	0.20002081994305218	0.40004163722706737	0.600062452235817	0.8000832649673579	1.0001040750337535	0.0040841775824643385	0.20410499724444306	0.4041258144603443	0.6041466295091149	0.8041674423947265	1.0041882528506396	0.008168353300958766	0.20818917222669445	0.4082099891767462	0.6082308042615486	0.8082516174898137	1.008272428770981	0.012252527236471581	0.2122733453040793	0.4122941618987304	0.6123149770138981	0.8123357906595587	1.012356602864563	0.016336699599769758	0.21635751690846333	0.4163783332225985	0.6163991483627018	0.8164199623365294	1.016440775343333	0.02042087045895221	0.22044168744552126	0.42046250366902527	0.6204833188308112	0.8205041329352034	1.0205249462889665	0.0	0.0	0.0	0.0	0.0	0.0	0.19997918622576583	0.19997918903966877	0.1999791913301431	0.1999791934842172	0.19997919577805703	0.19997919859885402	0.3999583732569825	0.3999583784011848	0.3999583827587542	0.39995838687431423	0.3999583912375294	0.3999583963927198	0.5999375614231043	0.5999375683062973	0.5999375743416746	0.5999375801143987	0.5999375861566858	0.5999375930527815	0.7999167507239238	0.7999167587547901	0.7999167660785768	0.7999167732039932	0.7999167805352527	0.799916788579589	0.9998959408296682	0.999895949524278	0.999895957912862	0.9998959661986753	0.9998959745947072	0.9998959833026614
0.0	0.2000226739585848	0.4000453448973844	0.6000680132546713	0.8000906790280348	1.0001133417740498	0.004261787379025675	0.2042844610208665	0.40430713188442957	0.6043298002890742	0.8043524662394838	1.0043751294309733	0.008523572643027347	0.20854624545045275	0.4085689160139076	0.6085915844611741	0.808614250802631	1.0086369149341563	0.012785355884248104	0.21280802771830845	0.41283069787947146	0.612853366362643	0.8128760331797587	1.0128986983625892	0.017047137342290835	0.21706980831503173	0.41709247815868866	0.6171151466713366	0.8171378138623193	1.0171604799573144	0.021308917094083623	0.22133158770135966	0.4213542574431032	0.6213769259813868	0.8213995933215218	1.021422259811409	0.0	0.0	0.0	0.0	0.0	0.0	0.1999773329068134	0.19997733610379348	0.19997733870291615	0.19997734114620722	0.19997734374950651	0.199977346955037	0.39995466672885693	0.39995467257321043	0.39995467751786495	0.39995468218573904	0.3999546871374106	0.3999546929954526	0.5999320018405224	0.5999320096602134	0.5999320165082075	0.5999320230551644	0.5999320299117702	0.5999320377476179	0.7999093382415405	0.7999093473645349	0.7999093556735455	0.7999093637539013	0.7999093720722488	0.7999093812121933	0.9998866755571091	0.9998866854334327	0.999886694949586	0.9998867043449933	0.9998867138704793	0.9998867237636515
0.0	0.20002460698390812	0.40004921055659554	0.6000738112158609	0.8000984089587415	1.0001230032811224	0.004439401993994032	0.20446400862288175	0.404488612112957	0.6045132128278584	0.8045378107730691	1.0045624056021827	0.00887880160084098	0.20890340728908516	0.40892801044217897	0.6089526112071343	0.8089772095962273	1.0090018054904115	0.013318198925048015	0.21334280351508697	0.41336740621522994	0.6133920070223352	0.8134166059505791	1.013441203034751	0.01775759423754638	0.2177821978552441	0.41780680019791694	0.6178314010396155	0.8178560003915133	1.0178805985078745	0.022196987624781107	0.22222159083005105	0.42224619305873456	0.6222707939305245	0.8222953934518898	1.022319992015296	0.0	0.0	0.0	0.0	0.0	0.0	0.1999754006363801	0.1999754042492597	0.19997540718295584	0.19997540993958682	0.1999754128784171	0.19997541650180217	0.399950802307221	0.39995080891168117	0.3999508144927096	0.39995081975892094	0.39995082534858656	0.39995083196993	0.599926205435705	0.5999262142720307	0.5999262220007754	0.5999262293863944	0.5999262371257644	0.599926245982107	0.7999016100214876	0.7999016203299804	0.7999016297066722	0.799901638821303	0.7999016482095401	0.7999016585391214	0.9998770156408662	0.999877026799815	0.9998770375377491	0.9998770481347815	0.9998770588842842	0.9998770700642552
0.0	0.20002661903219487	0.4000532342298816	0.6000798461556437	0.8001064548058717	1.000133059610303	0.004617021637225759	0.204643640273472	0.4046702553809494	0.6046968673716397	0.8047234762519208	1.0047500816299135	0.009234040593344369	0.20926065817439335	0.409287272905337	0.6093138849544198	0.8093404943360663	1.0093671009148681	0.013851056986181972	0.2138776733342415	0.4139042875576898	0.613930899655926	0.8139575096456748	1.0139841175648339	0.018468071120593416	0.21849468637635752	0.4185213001993037	0.6185479123378695	0.8185745228053246	1.0186011318867567	0.023085083093239814	0.22311169788586094	0.4231383115819372	0.6231649237555905	0.8231915344146384	1.0232181439996655	0.0	0.0	0.0	0.0	0.0	0.0	0.19997338940525708	0.19997339346813237	0.1999733967632741	0.19997339985823076	0.19997340315962908	0.19997340723530127	0.3999467799740327	0.3999467874008772	0.39994679366936586	0.39994679958157836	0.3999468058606044	0.3999468133080842	0.5999201721823011	0.5999201821184958	0.5999201907985987	0.5999201990895953	0.5999202077826883	0.5999202177434435	0.7998935660296284	0.7998935776205892	0.7998935881503959	0.7998935983814353	0.7998936089253834	0.7998936205423144	0.9998669610393883	0.9998669735857497	0.9998669856430568	0.9998669975369723	0.99986700960848	0.9998670221807934
0.0	0.20002871011706244	0.40005741594332267	0.6000861181116425	0.8001148166176593	1.0001435108192471	0.0047946465186231866	0.20482335619611572	0.4048520619243822	0.6048807641680107	0.8049094629343746	1.0049381577821956	0.009589290039583306	0.20961799853873442	0.4096467038481741	0.6096754061595059	0.8097041054895748	1.0097328016850988	0.014383930695124336	0.2144126378162215	0.4144413425596207	0.6144700449279222	0.8144987449407359	1.014527442639145	0.019178568826717857	0.21920727472632023	0.4192359790230258	0.6192646814380572	0.8192933819870738	1.0193220809882981	0.023973204541961814	0.22400190992382574	0.42403061407996645	0.6240593165356608	0.8240880173002882	1.0241167168662313	0.0	0.0	0.0	0.0	0.0	0.0	0.1999712992039833	0.19997130375221528	0.19997130743661118	0.19997131089573117	0.19997131458769069	0.19997131915138783	0.3999425997107441	0.3999426080245561	0.39994261503336825	0.3999426216408655	0.399942628662429	0.39994263700125326	0.5999139020531978	0.5999139131755702	0.5999139228800838	0.5999139321454291	0.5999139418656911	0.5999139530179352	0.7998852062308046	0.7998852192047754	0.7998852309760703	0.7998852424084115	0.7998852541968793	0.7998852672025367	0.9998565117098415	0.9998565257522486	0.9998565392298588	0.9998565525190964	0.9998565660139835	0.9998565800881226
0.0	0.20003088025257187	0.40006175572389613	0.6000926271228416	0.8001234944441737	1.0001543569679265	0.004972276848140439	0.20500315661479132	0.4050340319801871	0.6050649034659861	0.8050957710806651	1.005126634329442	0.009944550358715241	0.20997542881503034	0.41000630371650654	0.6100371752803594	0.8100680435261493	1.0100989082811316	0.01491682067953004	0.2149476976021146	0.41497857187489207	0.6150094435044001	0.8150403125134991	1.0150711789465248	0.019889088191467157	0.21991996375380327	0.4199508375304461	0.6199817092137935	0.8200125788222152	1.0200434467094552	0.024861353013796526	0.2248922279997922	0.42492310162135266	0.6249539733515571	0.8249848432015838	1.0250157117194165	0.0	0.0	0.0	0.0	0.0	0.0	0.19996913002284677	0.19996913509305214	0.19996913919543646	0.19996914304539873	0.19996914715685957	0.19996915224561865	0.3999382614983036	0.3999382707659551	0.39993827856971054	0.39993828592337516	0.39993829374244594	0.39993830304018396	0.5999073950205235	0.5999074074184335	0.5999074182228267	0.5999074285337179	0.5999074393570567	0.5999074517910068	0.7998765305888416	0.7998765450499091	0.7998765581539694	0.7998765708752276	0.7998765839999779	0.7998765984993816	0.999845667608115	0.9998456832590165	0.999845698261156	0.9998457130472905	0.999845728070279	0.999845743759643
0.0	0.20003312945322968	0.4000662535994804	0.6000993732295923	0.8001324883373271	1.000165598118639	0.005149912835781982	0.20518304175397759	0.405216165786254	0.6052492855160067	0.8052824009529301	1.0053155115444559	0.010299821970007526	0.2103329494367679	0.41036607295717625	0.6103991927764421	0.8104323089171592	1.0104654211854551	0.015449727567233942	0.21548285333364794	0.4155159761584763	0.6155490960530089	0.8155822130437532	1.0156153271783526	0.020599630050646345	0.22063275430819806	0.4206658765841133	0.62069899654035	0.8207321141983398	1.0207652299498073	0.025749529551933072	0.22578265317041116	0.42581577527589715	0.6258488952858444	0.8258820132134927	1.0259151296663531	0.0	0.0	0.0	0.0	0.0	0.0	0.1999668818518828	0.19996688748192493	0.1999668920319472	0.1999668963002614	0.1999669008611017	0.19996690651325288	0.39993376531715275	0.39993377560778753	0.39993378426284265	0.3999337924151357	0.39993380108845866	0.3999338114150292	0.5999006510556422	0.5999006648214789	0.5999006768036077	0.5999006882334391	0.5999007002381984	0.5999007140471966	0.7998675390665405	0.7998675551223094	0.7998675696532809	0.799867583753756	0.7998675983094738	0.7998676144112669	0.9998344286888129	0.9998344460644427	0.9998344626985917	0.9998344790862894	0.9998344957454108	0.9998345131672913
0.0	0.20003545773398881	0.40007090959885633	0.6001063564736149	0.8001417983508767	1.000177234336011	0.005327554691608595	0.2053630118386604	0.4053984635814387	0.6054339105699473	0.80546935281522	1.005504789702439	0.010655105292847968	0.21069056083800994	0.4107260120180627	0.6107614591087229	0.8107969021359606	1.0108323408830326	0.015982651986261146	0.21601810565319896	0.41605355606645994	0.6160890032429829	0.8161244472133516	1.0161598880285603	0.021310195240325652	0.2213456472396247	0.42138109704777044	0.6214165442946649	0.8214519890051837	1.0214874316115659	0.026637735199913644	0.22667318649315163	0.4267086361146861	0.6267440834228454	0.8267795284332196	1.0268149718168966	0.0	0.0	0.0	0.0	0.0	0.0	0.19996455468087326	0.19996456090985307	0.1999645659380677	0.1999645706530639	0.19996457569409076	0.19996458194925137	0.3999291111472248	0.39992912253224167	0.3999291320966694	0.39992914110161043	0.3999291506876882	0.39992916211534757	0.5998936701291525	0.5998936853583106	0.5998936985983908	0.5998937112227245	0.5998937244896596	0.5998937397701558	0.799858231625677	0.7998582493872424	0.7998582654421039	0.7998582810147438	0.7998582970990054	0.7998583149154331	0.9998227949052512	0.9998228141255981	0.9998228325024495	0.9998228505994247	0.999822869005982	0.9998228882815404
0.0	0.20003786511024818	0.4000757237517067	0.6001135768979978	0.8001514245404234	1.0001892656869946	0.005505202625737573	0.2055430670943325	0.4055809256055619	0.6056187788811158	0.805656626933495	1.0056944690809888	0.011010400746745025	0.21104826345339517	0.41108612134808187	0.6111239747396767	0.8111618236578934	1.011199667861298	0.01651559456483239	0.21655345520380023	0.41659131225604795	0.6166291657451453	0.8166670157062151	1.0167048621936337	0.022020784596855376	0.22205864339894602	0.4220964997863685	0.6221343533553552	0.8221722041346408	1.0222100525995859	0.027525971001648334	0.2275638290263149	0.4276016852101048	0.6276395388486532	0.8276773899602186	1.0277152392836377	0.0	0.0	0.0	0.0	0.0	0.0	0.19996214849934718	0.19996215536759404	0.19996216090544994	0.19996216609626832	0.19996217164920926	0.19996217854827786	0.3999242989679457	0.3999243115209814	0.3999243220545516	0.39992433196769867	0.39992434252677456	0.3999243551301054	0.5998864522108888	0.5998864690017455	0.5998864835823245	0.599886497478862	0.599886512091115	0.5998865289426508	0.7998486082270025	0.7998486278089226	0.7998486454874517	0.7998486626278162	0.7998486803410573	0.7998486999879477	0.9998107662094601	0.9998107873982378	0.9998108076316564	0.999810827548628	0.999810847817159	0.9998108690714034
0.0	0.20004035159785308	0.4000806960886169	0.6001210345471983	0.8001613669634126	1.000201692240869	0.0056828568483408256	0.20572320774699196	0.4057635520994083	0.6058038907042517	0.8058442235756247	1.0058845499600981	0.011365708751326458	0.211406057718137	0.41144640139718575	0.6114867401332834	0.811527073960281	1.0115674026101553	0.01704855593136065	0.21708890262913644	0.41712924538556084	0.6171695842319047	0.8172099192083284	1.017250250372609	0.022731398956861278	0.22277174363776348	0.422812085666062	0.6228524246027126	0.8228927604807584	1.0229330938213614	0.02841423800141355	0.22845458182903322	0.42849492363583536	0.62853526265113	0.8285755988961917	1.0286159331819005	0.0	0.0	0.0	0.0	0.0	0.0	0.19995966329658044	0.199959670845643	0.19995967692547348	0.19995968262205432	0.19995968871954847	0.19995969630469895	0.39991932875823366	0.39991934255514616	0.39991935411930596	0.3999193649977363	0.3999193765917774	0.3999193904476768	0.5998789972699204	0.5998790157238129	0.5998790317297422	0.5998790469782964	0.5998790630213717	0.5998790815465642	0.7998386688302437	0.7998386903505129	0.7998387097552511	0.7998387285614763	0.7998387480069616	0.7998387696037054	0.9997983425521833	0.9997983658367999	0.9997983880437822	0.9997984098944317	0.9997984321426718	0.9997984555044342
0.0	0.2000429172130968	0.40008582664107806	0.6001287294670472	0.8001716256791397	1.0002145140692473	0.005860517569656117	0.2059034340231548	0.4059463433047404	0.6059892462955414	0.8060321430114041	1.0060750326221726	0.011721029726358015	0.2117639440680437	0.4118068526163835	0.6118497557550505	0.8118926535224542	1.0119355456220045	0.01758153671447522	0.2176244485735697	0.41766735611446126	0.6177102593772839	0.8177531584077699	1.0177960532671042	0.02344203915727093	0.2234849488084447	0.4235278555542382	0.6235707589187338	0.8236136589397683	1.0236565561870583	0.029302537243880343	0.22934544596129938	0.42938835246688856	0.6294312559199393	0.829474156345122	1.0295170546297765	0.0	0.0	0.0	0.0	0.0	0.0	0.19995709906159442	0.19995710733423147	0.19995711398924404	0.1999571202223178	0.19995712689790743	0.19995713521258326	0.39991420049649645	0.3999142156153478	0.3999142282732023	0.39991424017549276	0.39991425286817334	0.39991426805584174	0.5998713052745477	0.5998713254957498	0.5998713430141576	0.5998713596966253	0.599871377258366	0.5998713975628914	0.7998284133940967	0.7998284369741182	0.7998284582103372	0.7998284787831005	0.7998285000668937	0.7998285237364241	0.9997855238828708	0.999785549394399	0.9997855736950331	0.9997855975959623	0.9997856219448092	0.999785647546723
0.0	0.20004556197272122	0.400091115441488	0.6001366617047501	0.8001822007487522	1.0002277312460786	0.006038184999985917	0.20608374614985456	0.40612929946429854	0.6061748459126189	0.8062203855125548	1.00626591735203	0.012076364091744441	0.21212192293951976	0.41216747545774346	0.6122130220720156	0.8122585628257527	1.012304097391742	0.01811453754302837	0.21816009368214662	0.41820564510336145	0.6182511918569262	0.8182967339947183	1.018342271581325	0.02415270603532051	0.2241982597641305	0.4242438103195243	0.6242893571871275	0.8243349004100942	1.024380440609521	0.030190869774120353	0.23023642248397302	0.4302819727796095	0.6303275197465519	0.8303730634132799	1.030418604748131	0.0	0.0	0.0	0.0	0.0	0.0	0.1999544557831556	0.19995446482332685	0.19995447208759332	0.19995447888867074	0.19995448617679293	0.1999544952657014	0.39990891416063057	0.39990893068166994	0.39990894449796305	0.3999089574841714	0.3999089713408564	0.39990898794178587	0.5998633761923008	0.5998633982880003	0.5998634174082642	0.5998634356085988	0.5998634547791631	0.5998634769717409	0.7998178418762266	0.7998178676407848	0.7998178908164528	0.799817913258938	0.7998179364898715	0.7998179623586454	0.9997723101496779	0.9997723380228245	0.9997723645402506	0.9997723906109409	0.9997724171844187	0.9997724451628964
0.0	0.20004828589391596	0.40009656252314985	0.6001448313088852	0.8001930922352463	1.0002413438476425	0.006215859349693494	0.20626414435463739	0.40631242082179536	0.6063606898145592	0.8064089513527164	1.0064572044368933	0.012431712267518316	0.21247999476955406	0.41252827037438006	0.6125765395527318	0.812624802353511	1.0126730584167465	0.01864755904607554	0.21869583860057765	0.4187441130140015	0.6187923823480741	0.8188406466614299	1.0188889060220416	0.024863400428542126	0.22491167735872145	0.4249599508317728	0.6250082202932994	0.8250564857923346	1.0251047480042548	0.03107923663759918	0.23112751245877303	0.43117578565166953	0.6312240552242366	0.8312723212092124	1.0313205846605915	0.0	0.0	0.0	0.0	0.0	0.0	0.19995173344977643	0.19995174330263335	0.19995175121107978	0.19995175861244235	0.1999517665484207	0.19995177645752707	0.39990346972802304	0.39990348773366974	0.39990350277476533	0.3999035169064112	0.3999035319941403	0.39990355009210365	0.5998552099899428	0.5998552340702178	0.5998552548839388	0.5998552746881232	0.5998552955599612	0.5998553197523377	0.7998069542332699	0.7998069823105035	0.7998070075362519	0.7998070319541155	0.7998070572437618	0.7998070854417393	0.9997587012994691	0.9997587316725448	0.9997587605329166	0.999758788895688	0.9997588178209122	0.999758848316123
0.0	0.20005108899431975	0.4001021679202746	0.6001532383294067	0.8002043002034709	1.000255351952556	0.0063935408292133305	0.20644462886557374	0.4064957076219285	0.6065467782618915	0.806597840807462	1.0066488941664051	0.0127870746738643	0.21283815999574504	0.41288923782048054	0.6129403086672962	0.8129913725910862	1.0130424291969065	0.019180601852912323	0.2192316839752751	0.41928276050928864	0.6193338315296082	0.8193848971022788	1.0194359572986293	0.025574123174793635	0.2256252024469087	0.42567627796209356	0.6257273491243844	0.8257784159892976	1.0258294792894604	0.03196763888020569	0.23201871694830792	0.43206979216209745	0.6321208634480928	0.8321719308437763	1.0322229954935813	0.0	0.0	0.0	0.0	0.0	0.0	0.19994893204971426	0.19994894276159086	0.19994895134998777	0.19994895938467822	0.19994896800471473	0.19994897878123674	0.39989786717554937	0.39989788675037574	0.39989790308423867	0.39989791842428535	0.3998979348117569	0.3998979544927964	0.5998468066334658	0.599846832811262	0.5998468554122373	0.5998468769082578	0.5998468995760887	0.599846925883022	0.7997957504208308	0.7997957809422056	0.7997958083312959	0.7997958348326335	0.7997958622952757	0.7997958929559014	0.9997446972778131	0.9997447302927026	0.9997447616251481	0.9997447924051198	0.9997448238122629	0.9997448569681107
0.0	0.20005397129202196	0.4001079316679839	0.6001618828176495	0.8002158247201341	1.000269755641779	0.006571229649047221	0.20662519991125597	0.40667916011037947	0.6067331115166004	0.8067870541542993	1.0068409868326302	0.013142451731107821	0.21319641905629094	0.41325037825129607	0.6133043298873414	0.8133582740258518	1.013412210234616	0.019713666593056425	0.21976763045333644	0.41982158825328153	0.6198755400820335	0.8199294860137439	1.0199834261230567	0.02628487511225311	0.22633883588416973	0.4263927925828505	0.626446744569245	0.8265006919059984	1.0265546353860342	0.03285607754824753	0.2329100370160725	0.4329639933912771	0.6330179455150483	0.8330718934301374	1.0331258383763202	0.0	0.0	0.0	0.0	0.0	0.0	0.19994605157097	0.1999460631893736	0.1999460724943263	0.19994608119613913	0.19994609053730616	0.19994610222970835	0.3998921064795707	0.3998921277102851	0.39989214540646273	0.3998921620192989	0.3998921797768543	0.3998922011292707	0.5998381660880876	0.5998381944791953	0.5998382189633924	0.5998382422412123	0.5998382668020018	0.5998382953412454	0.7997842303934767	0.7997842634937576	0.7997842931620491	0.799784321857362	0.7997843516099654	0.799784384870149	0.9997302980289765	0.9997303338311082	0.9997303677676922	0.9997304010927425	0.9997304351149999	0.9997304710791015
0.0	0.2000569328055624	0.40011385380231007	0.6001707648263281	0.8002276658538015	1.0002845549986132	0.0067489260197800965	0.2068058577208139	0.40686277853382924	0.6069196898421398	0.8069765916726853	1.0070334827300702	0.013497843859748906	0.21355477239002327	0.41361169212317533	0.613668603686069	0.8137255071472301	1.0137824020348059	0.020246753896298465	0.22030367868259476	0.4203605969112405	0.6204175086875289	0.820474414094458	1.0205313132099338	0.026995657079468962	0.22705257852681796	0.4271094955677112	0.6271664075185197	0.8272233144497086	1.027280217217615	0.03374455368850618	0.23380147372650267	0.4338583904210021	0.633915302523914	0.8339722100838248	1.0340291144408766	0.0	0.0	0.0	0.0	0.0	0.0	0.19994309200128846	0.19994310457489042	0.19994311463382927	0.19994312403730155	0.19994313413753406	0.19994314679552222	0.39988618761593464	0.39988621059136437	0.39988622972096804	0.39988624767238984	0.3998862668719982	0.3998862899863395	0.5998292883182524	0.5998293190412832	0.5998293455068139	0.5998293706583481	0.5998293972112859	0.5998294281035735	0.7997723941047382	0.7997724299219631	0.7997724619878802	0.7997724929900429	0.7997725251522271	0.7997725611523243	0.9997155034959252	0.9997155422342413	0.999715578909927	0.999715614910655	0.9997156516842117	0.9997156906078749
0.0	0.20005997355393065	0.40011993436019444	0.6001798844095353	0.8002398236748931	1.0002997501086983	0.006926630152055897	0.20698660252388995	0.4070465631399324	0.6071065135034078	0.8071664536439986	1.0072263821556342	0.013853251480413385	0.21391322043635724	0.4139731798935138	0.6140331305381983	0.81409307244664	1.0141530051048908	0.02077986439263221	0.22083982931154825	0.42089978714955617	0.6209597380298748	0.8210196820451341	1.0210796192764382	0.027706469915281827	0.2277664312319241	0.4278263877915668	0.6278863388645429	0.8279462845298742	1.0280062257105025	0.0346330683481575	0.23469302814489507	0.4347529843343943	0.6348129355753016	0.8348728819226463	1.0349328248220844	0.0	0.0	0.0	0.0	0.0	0.0	0.19994005332815912	0.19994006690678562	0.19994007775795647	0.19994008789835874	0.19994009879644636	0.19994011247096205	0.3998801105599769	0.39988013537105105	0.3998801560067379	0.39988017536393117	0.39988019607917386	0.39988022104822474	0.5998201732876336	0.5998202064639974	0.5998202350110918	0.5998202621301811	0.5998202907766597	0.5998203241456894	0.7997602415071137	0.7997602801825651	0.799760314767066	0.7997603481912942	0.7997603828853049	0.7997604217690986	0.9997003136203291	0.9997003554472554	0.9997003949998676	0.9997004338095546	0.9997004734735521	0.9997005155117542
0.0	0.20006309355656937	0.40012617337949374	0.6001892416227502	0.8002522982556959	1.000315341060026	0.007104342256606888	0.20716743455067163	0.4072305141773529	0.6072935827667837	0.807356640351581	1.0074196854086832	0.014208675013910495	0.21427176363535247	0.4143348420208175	0.6143979109200323	0.8144609704175657	1.0145240199548409	0.02131299871233337	0.22137608298944192	0.4214391596358339	0.6215022287945405	0.8215652905686559	1.0216283450424068	0.028417314458920664	0.2284803948574149	0.428543470130634	0.6286065395014488	0.8286696030582222	1.0287326617937655	0.035521622574872055	0.23558470133751022	0.4356477762160098	0.6357108457717314	0.8357739100668007	1.0358369706576556	0.0	0.0	0.0	0.0	0.0	0.0	0.19993693553881328	0.19993695017343602	0.1999369618558908	0.1999369727692181	0.19993698450479752	0.19993699924801261	0.3998738752865155	0.3998739020262479	0.39987392424220264	0.3998739450737256	0.3998739673797813	0.3998739942985522	0.5998108209591246	0.5998108567130065	0.5998108874439881	0.5998109166263746	0.5998109474699667	0.599810983442386	0.7997477725520572	0.7997478142302354	0.7997478514567801	0.7997478874205989	0.7997479247712813	0.7997479666859624	0.9996847283425475	0.9996847734139636	0.9996848159841514	0.9996848577387237	0.9996849004352268	0.9996849457465935
0.0	0.20006629283337177	0.4001325708989754	0.6001988365228322	0.8002650896703535	1.0003313279429287	0.007282062544238835	0.20734835403187424	0.40741463189574395	0.6074808979001065	0.8075471520807117	1.0076133927910025	0.014564114881204437	0.214630402427682	0.4146966789646696	0.6147629453094221	0.8148292015555185	1.01489544709714	0.02184615748592502	0.22191244036623042	0.4219787150388544	0.6220449816686422	0.8221112403700326	1.0221774912302897	0.02912819154995779	0.2291944702620257	0.42926074346240495	0.629327010325119	0.8293932709487061	1.0294595263991855	0.03641021741676986	0.23647649437152485	0.43654276715178864	0.6366090342175803	0.8366752956388213	1.0367415530881223	0.0	0.0	0.0	0.0	0.0	0.0	0.19993373862022656	0.19993375436295344	0.19993376691654072	0.19993377863950365	0.19993379125305114	0.1999338071183624	0.39986748176985565	0.39986751053332764	0.39986753440524486	0.39986755678101077	0.3998675807546408	0.3998676097203571	0.599801231294847	0.599801269753184	0.599801302772444	0.5998013341157462	0.5998013672621842	0.5998014059675747	0.7997349871899887	0.7997350320185849	0.7997350720131036	0.7997351106363163	0.7997351507710876	0.7997351958672367	0.9996687476016417	0.9996687960768507	0.9996688418080512	0.9996688866460426	0.9996689325200082	0.9996689812667917
0.0	0.2000695714046858	0.40013912695832576	0.6002086691680324	0.8002781979948825	1.0003477108500975	0.007459791225843446	0.20752936119875734	0.4075989165457689	0.6076684591726993	0.8077379891186367	1.0078075046068333	0.01491957150343804	0.21498913725465996	0.41505869118576194	0.6151282341858022	0.815197766358076	1.0152672870468293	0.02237934134420714	0.2224489020926117	0.42251845402861093	0.6225879973409835	0.8226575321564437	1.0227270585651969	0.029839102028349464	0.229908658305345	0.4299782086656955	0.6300477522332343	0.8301172891175606	1.0301868204613143	0.03729885392246511	0.23736840831508033	0.43743795822910697	0.6375075020191372	0.8375770397636357	1.0376465732569	0.0	0.0	0.0	0.0	0.0	0.0	0.1999304625591149	0.19993047946318082	0.19993049292853649	0.19993050549855254	0.1999305190313764	0.19993053607340014	0.3998609299837821	0.39986096086812556	0.39986098647319174	0.3998610104644521	0.3998610361839857	0.39986106729607734	0.5997914042561384	0.5997914455485966	0.5997914809625693	0.5997915145662579	0.5997915501234128	0.5997915916942744	0.7997218853702787	0.7997219335001472	0.7997219763910101	0.7997220177956673	0.7997220608444902	0.7997221092760591	0.9996523713353558	0.9996524233770546	0.9996524724154567	0.9996525204779722	0.999652569677217	0.9996526220252754
0.0	0.2000729292913109	0.40014584159814326	0.6002187396179837	0.8002916233071588	1.0003644898765667	0.007637528512393008	0.20771045628311607	0.40778336837908885	0.6078562668553533	0.8079291517545486	1.0080020211628498	0.015275045301923713	0.21534796855822907	0.4154208791458791	0.615493778030171	0.8155666653248583	1.0156395403214795	0.022912550918246993	0.22298546882001377	0.42305837727629264	0.6231312765020358	0.8232041666372153	1.0232770477748723	0.0305500467344239	0.23062295984779888	0.43069586662062626	0.6307687661252523	0.8308416584832762	1.0309145449174453	0.03818753314105582	0.238260444237269	0.43833335053676	0.6384062502845822	0.8384791435685418	1.038552032310259	0.0	0.0	0.0	0.0	0.0	0.0	0.1999271073419382	0.19992712546169564	0.19992713988023372	0.1999271533354187	0.19992716782965197	0.19992718610421878	0.39985421990156617	0.39985425300594624	0.39985428042282234	0.39985430610215	0.39985433364747	0.39985436700756066	0.5997813398035636	0.5997813840625148	0.5997814219796526	0.5997814579450262	0.5997814960228867	0.5997815405946235	0.7997084670412618	0.7997085186263932	0.7997085645443794	0.799708608854749	0.7997086549501057	0.7997087068743987	0.9996355994801343	0.9996356552543838	0.9996357077488924	0.9996357591795717	0.9996358118547415	0.9996358679735176
0.0	0.20007636651450214	0.40015271485994697	0.6002290479337133	0.8003053656869334	1.0003816651197328	0.007815274614950173	0.20789163951729506	0.4079679876483807	0.6080443212203502	0.8081206402796128	1.008196942768189	0.015630536698159437	0.2157068967809808	0.4157832433079225	0.6158595773251188	0.8159358989575607	1.0160122074412272	0.023445786839398127	0.22352214120061778	0.42359848545431167	0.6236748198439692	0.8237511445238547	1.0238274595897308	0.03126102650890245	0.23133737575067617	0.43141371820865154	0.6314900529024403	0.8315663799666351	1.0316427007076532	0.0390762561221454	0.23915260320815943	0.439228945164991	0.6393052801240198	0.8393816081832435	1.0394579313973653	0.0	0.0	0.0	0.0	0.0	0.0	0.19992367295489627	0.19992369234580606	0.19992370775970955	0.19992372213886894	0.19992373763746227	0.1999237572016117	0.39984735149595774	0.3998473869215558	0.3998474162303597	0.39984744367163255	0.39984747312416113	0.399847508836058	0.5997710378969021	0.5997710852574007	0.5997711257881496	0.5997711642183119	0.5997712049289639	0.5997712526398687	0.799694732150222	0.7996947873477159	0.7996948364259832	0.7996948837685199	0.7996949330453861	0.7996949886230416	0.9996184319711026	0.9996184916472977	0.9996185477494984	0.9996186026944808	0.9996186589990191	0.9996187190615196
0.0	0.2000798830959687	0.4001597467861736	0.6002395941776381	0.8003194252158269	1.0003992366793466	0.007993029744662438	0.20807291113418125	0.4081527746073287	0.6082326225414514	0.8083124549869554	1.0083922697344363	0.015986046113822375	0.21606592236614716	0.41614578413590064	0.616225632554816	0.8163054677599397	1.0163852889287597	0.023979049739294094	0.22405891988734997	0.4241387792362934	0.6242186280606403	0.824298466530037	1.024378294742844	0.031972042192895594	0.23205190687612282	0.43213176431255196	0.6322116134678657	0.8322914544907005	1.0323712887747811	0.0399650239158421	0.24004488629879445	0.44012474320548745	0.6402045926494727	0.8402844347398437	1.0403642716702701	0.0	0.0	0.0	0.0	0.0	0.0	0.19992015938393054	0.1999201801025525	0.19992019655476426	0.199920211897385	0.1999202284440994	0.19992024935607483	0.39984032473918885	0.39984036258918515	0.39984039387147446	0.399840423149859	0.3998404545925438	0.3998404927622271	0.5997604984951534	0.5997605490949136	0.5997605923516892	0.599760633351525	0.5997606768091317	0.5997607278003715	0.7996806806433987	0.7996807396134363	0.799680791987491	0.7996808424908075	0.7996808950866271	0.7996809544815998	0.9996008687420754	0.999600932492915	0.9996009923570395	0.9996010509649285	0.9996011110550466	0.9996011752378215
0.0	0.20008347905787438	0.40016693742017817	0.6002503784135655	0.80033380197733	1.0004172046575146	0.008170794112769256	0.20825427136721159	0.40833772951063185	0.6084211710939064	0.8085045961716711	1.0085880023756346	0.016341573970778463	0.2164250457576109	0.4165085020949395	0.6165919442050246	0.8166753722378242	1.016758785309325	0.02451234024986399	0.22459580553389769	0.4246792592970926	0.6247627018476095	0.8248461333716215	1.024929553969956	0.03268309462792025	0.23276655408715932	0.4328500058164523	0.6329334487264143	0.8330168829808345	1.0331003100644585	0.04085383757277819	0.24093729458121038	0.4410207457514007	0.6411041889749018	0.8411876243728639	1.0412710542839307	0.0	0.0	0.0	0.0	0.0	0.0	0.19991656661472376	0.1999165887187074	0.1999166062529213	0.1999166225991634	0.1999166402385633	0.1999166625578067	0.39983313960297295	0.3998331799825296	0.3998332133212845	0.39983324451322	0.3998332780305202	0.3998333187661329	0.5997497215565367	0.5997497755359089	0.5997498216330724	0.5997498653092248	0.5997499116300068	0.5997499660456076	0.7996663124659861	0.7996663753718032	0.7996664311794707	0.7996664849743079	0.799666541028968	0.7996666044085107	0.9995829097255561	0.9995829777270135	0.9995830415099042	0.9995831039317332	0.99958316796638	0.9995832364495023
0.0	0.20008715442284	0.40017428680623884	0.600261400706701	0.800348496056813	1.0004355691587103	0.00834856793060195	0.2084357204503751	0.40852285261400895	0.6086099671544595	0.8086970641308324	1.0087841410082943	0.01669712069108471	0.21678426739990986	0.41687139765128917	0.6169585127631059	0.8170456128991256	1.0171326971107455	0.025045659003332263	0.22513279879471124	0.42521992631279765	0.6253070419021463	0.82539414576666	1.0254812380094944	0.033394184655899974	0.23348131824768317	0.43356844360582575	0.6336555595847965	0.8337426663647064	1.0338297655251116	0.041742698144107845	0.24182982912843706	0.44191695389734786	0.6420040702162103	0.8420911782192501	1.0421782803962178	0.0	0.0	0.0	0.0	0.0	0.0	0.19991289463269798	0.1999129181807731	0.19991293684142497	0.1999129542321135	0.1999129730095598	0.19991299679670674	0.39982579605850077	0.39982583907474456	0.39982587455435104	0.39982590773753346	0.3998259434154064	0.3998259868272439	0.5997387070384841	0.5997387645404321	0.5997388135942664	0.5997388600551143	0.5997389093573299	0.5997389673441625	0.7996516275621245	0.7996516945699845	0.7996517539513799	0.7996518111705787	0.7996518708263844	0.7996519383610301	0.9995645548527253	0.9995646272840186	0.9995646951450949	0.9995647615342935	0.999564829675126	0.9995649026421709
0.0	0.20009090921394265	0.4001817949895556	0.600272661123645	0.8003635075415226	1.0004543302897697	0.008526351409592655	0.20861725861822103	0.40870814417420537	0.6087990110013558	0.8088898591634949	1.008980685951398	0.017052686697007522	0.21714358773825443	0.4172344712723405	0.6173253387180365	0.8174161902538533	1.0175070248634308	0.02557900663224707	0.22566990032503137	0.42576078096075676	0.6258516489232552	0.825942504435421	1.0260333476025925	0.034105313119203666	0.23419620022250665	0.43428707856753107	0.6343779469515832	0.8344688055723275	1.0345596561079973	0.04263160668155655	0.2427224910145463	0.4428133687394595	0.64290423749129	0.8429950974184179	1.0430859511679595	0.0	0.0	0.0	0.0	0.0	0.0	0.19990914342301536	0.1999091684749828	0.1999091883072417	0.19990920678385862	0.19990922674550193	0.1999092520623764	0.39981829407644226	0.3998183398384475	0.39981837754468025	0.39981841279804703	0.39981845072393446	0.3998184969244346	0.5997274548976436	0.5997275160677216	0.5997275681964076	0.5997276175520434	0.5997276699559695	0.5997277316637347	0.7996366258749049	0.7996366971540715	0.7996367602515703	0.7996368210300431	0.7996368844316937	0.7996369562952375	0.999545804053447	0.999545881097009	0.9995459531982337	0.9995460237105933	0.9995460961219478	0.9995461737599725
0.0	0.20009474345471626	0.40018946201625105	0.6002841597323952	0.8003788365205837	1.0004734881598931	0.008704144761263409	0.20879888610584865	0.4088936044489836	0.6089883029143325	0.8090829815706877	1.009177637526391	0.017408272410998783	0.21750300721850427	0.41759772342660195	0.6176924225603864	0.8177871048140917	1.017881769100356	0.026112383769446787	0.22620711078085629	0.4263018239195458	0.6263965236116437	0.826491210100358	1.0265858834930586	0.034816480860602995	0.23491120087731457	0.4350059115897704	0.6351006117371645	0.8351953015360098	1.0352899827671618	0.043520564237373355	0.24361528131460464	0.4437099913753323	0.6438046919199744	0.8438993831122068	1.0439940677628956	0.0	0.0	0.0	0.0	0.0	0.0	0.19990531297057787	0.19990533958730006	0.19990536063705952	0.19990538024173585	0.1999054014345097	0.19990542834411903	0.39981063362694585	0.39981068224571714	0.39981072226572306	0.39981075966943735	0.39981079993225255	0.3998108490359854	0.5997159650898781	0.5997160300762073	0.5997160853998008	0.5997161377620083	0.5997161933899211	0.5997162589711355	0.7996213073463667	0.7996213830690768	0.799621450027286	0.7996215145019889	0.7996215817965532	0.7996216581660351	0.9995266572562654	0.9995267390977146	0.9995268156035597	0.9995268903972012	0.9995269672460642	0.999527049745588
0.0	0.2000986571691529	0.40019728793337334	0.6002958966023503	0.8003944830850039	1.0004930428806518	0.008881948197241243	0.20898060314892333	0.40907923369714055	0.6091778431746366	0.8092764316554335	1.009374996057203	0.017763878255726503	0.21786252628720001	0.4179611545837329	0.6180597647823517	0.8181583570940354	1.0182569303570974	0.026645791048103017	0.22674443081898576	0.42684305586901305	0.626941666669768	0.8270402634861564	1.027138846427423	0.035527688723321654	0.23562632107871484	0.435724943562141	0.6358235548538017	0.8359221551904196	1.0360207464594946	0.04440957186438378	0.24450820110472726	0.4446068229040846	0.6447054346240951	0.8448040364449361	1.0449026313477345	0.0	0.0	0.0	0.0	0.0	0.0	0.1999014032600262	0.19990143150341785	0.19990145381728727	0.19990147459279517	0.1999014970644095	0.1999015256309396	0.39980281467963624	0.3998028662680913	0.39980290869037316	0.3998029483258088	0.3998029910159235	0.39980304313958154	0.5997042375702624	0.5997043065235081	0.5997043651639166	0.5997044206461492	0.5997044796223056	0.5997045492322871	0.799605671917494	0.7996057522589309	0.7996058232246607	0.7996058915345661	0.799605962871459	0.7996060439271462	0.9995071143884012	0.9995072012165116	0.9995072822939256	0.9995073615292664	0.9995074429852464	0.9995075305402309
0.0	0.20010265038170294	0.400205272788896	0.600307871804309	0.800410447327674	1.0005129945659865	0.0090597619292517	0.20916240998367025	0.40926503217850113	0.609367632065019	0.8094702097227416	1.0095727618702397	0.018119504654062903	0.2182221453915513	0.4183247652145311	0.6184273658777433	0.8185299476099765	1.0186325091718198	0.027179229101701657	0.227281861097002	0.4273844774902603	0.6274870788018139	0.8275896653197138	1.0276922371549189	0.03623893755101885	0.23634156169422144	0.436444175375618	0.6365467772156105	0.8366493674725592	1.0367519481447114	0.045298630615974306	0.2454012514620623	0.44550386442634	0.6456064667274651	0.8457090585633885	1.0458116430921371	0.0	0.0	0.0	0.0	0.0	0.0	0.19989741427574	0.19989744420875877	0.19989746783405468	0.19989748982379985	0.19989751362273434	0.19989754391154457	0.3997948372036149	0.39979489187656747	0.39979493679096734	0.39979497874069403	0.3997950239499252	0.3997950792123133	0.5996922722930833	0.5996923453664321	0.5996924074473918	0.5996924661647512	0.5996925286153703	0.5996926024122241	0.7995897195282166	0.7995898046664827	0.7995898797887181	0.7995899520747876	0.7995900276057467	0.7995901135311156	0.9994871753757517	0.9994872673824237	0.9994873532007985	0.9994874370405207	0.9994875232758202	0.999487616083649
0.0	0.20010672311727684	0.40021341663172183	0.6003200854104768	0.8004267293433741	1.000533343332217	0.009237586169132811	0.2093443068468901	0.40945100015393565	0.6095576698697531	0.8096643160796286	1.009770935294406	0.01847515202911134	0.2185818649794655	0.4186885557909634	0.6187952263420187	0.8189018768803387	1.0190085060853111	0.02771269856408788	0.2278194022733164	0.4279260894656911	0.6280327607137465	0.8281394163301916	1.0282460564275349	0.036950228187843916	0.237056923592311	0.43716360792261283	0.63727027973862	0.8373769393218292	1.0374835887854155	0.046187741546154994	0.24629443346485502	0.44640111704429325	0.6465077893559465	0.8466144506168799	1.0467211041687865	0.0	0.0	0.0	0.0	0.0	0.0	0.19989334600183614	0.19989337768847323	0.19989340267321087	0.1998934259212249	0.1998934510967227	0.1998934831743411	0.39978670116745685	0.39978675904159944	0.3997868065392825	0.39978685088705085	0.3997868987086486	0.39978695723067403	0.5996800692118354	0.5996801465609716	0.599680212208025	0.5996802742772401	0.5996803403304847	0.5996804184750888	0.7995734501174033	0.7995735402334931	0.7995736196633662	0.7995736960685235	0.7995737759475857	0.7995738669293055	0.9994668401428831	0.9994669375231138	0.9994670282542527	0.9994671168632709	0.9994672080526592	0.9994673063141184
0.0	0.20011087540124323	0.40022171951167895	0.6003325374944591	0.8004433292287668	1.0005540892980311	0.009415421128817391	0.20952629397593936	0.4096371378853384	0.6097479568746118	0.8098587510350929	1.0099695166610774	0.018830820804171318	0.21894168549951068	0.41905252678612664	0.6191633466722407	0.8192741454256333	1.0193849216409379	0.028246200069408263	0.22835705500710973	0.42846789247894884	0.6285787131132464	0.8286895172489487	1.0288003049999463	0.03766156147836101	0.23777240764234545	0.4378832420968933	0.637994063340692	0.8381048716799434	1.038215669347013	0.04707690570947624	0.24718774819236286	0.4472985818616232	0.6474094036373611	0.8475202137571661	1.0476310157532944	0.0	0.0	0.0	0.0	0.0	0.0	0.1998891984221709	0.19988923192744174	0.19988925832032658	0.1998892828712594	0.19988930947332073	0.19988934340743914	0.39977840653921465	0.39977846773310144	0.3997785179065401	0.3997785647372672	0.3997786152659017	0.3997786771705647	0.5996676282792269	0.5996677100623099	0.5996677794027833	0.5996678449421893	0.5996679147281481	0.5996679973841393	0.7995568636228704	0.7995569589006439	0.7995570427914056	0.7995571234605107	0.7995572078439898	0.7995573040719044	0.9994461086130413	0.999446211564895	0.9994463073829802	0.9994464009284109	0.9994464972491963	0.9994466011684552
0.0	0.20011510725943327	0.40023018147952927	0.6003452281312748	0.8004602470824129	1.000575232584506	0.009593267020357323	0.20970837160875896	0.40982344563566003	0.6099384933669036	0.8100535149001544	1.0101685063041448	0.019186511402785676	0.2193016074009669	0.41941667867430305	0.6195317273671371	0.8196467537685228	1.0197617563847112	0.028779734252185874	0.2288948199584111	0.4290098872149998	0.6291249367097967	0.8292399688096324	1.0293549836296108	0.03837293826764773	0.23848801471467437	0.4386030787936905	0.6387181289416305	0.8388331654910443	1.0389481907978306	0.047966124161136874	0.248081196724967	0.4481962599836086	0.6483113107016097	0.8484263491385681	1.048541379024329	0.0	0.0	0.0	0.0	0.0	0.0	0.19988497152033594	0.19988500691027078	0.19988503476069022	0.19988506065980285	0.19988508873917868	0.1998851245986479	0.39976995328641085	0.3997700179204405	0.3997700708633984	0.3997701202631533	0.39977017359490286	0.3997702390072867	0.5996549494471684	0.5996550358248094	0.5996551089877902	0.5996551781173081	0.599655251767978	0.5996553391017384	0.7995399599813661	0.7995400606075216	0.7995401491145148	0.7995402341943375	0.7995403232408015	0.7995404249079129	0.9994249807081321	0.9994250894327112	0.999425190514272	0.9994252891654023	0.9994253907974059	0.9994255005819971
0.0	0.20011941871813824	0.40023880258696387	0.600358157397348	0.800477483004762	1.0005967733150956	0.00977112405591097	0.20989053998385915	0.4100099236688904	0.6101292796354528	0.8102486079878333	1.0103679045599891	0.019542224248717172	0.21966163113380044	0.4197810119309318	0.6199003689270695	0.8200197024337876	1.0201390108652515	0.029313301747280463	0.2294326977880558	0.42955207436008846	0.6296714322146357	0.8297907717481284	1.0299100930767147	0.039084359401243544	0.23920374568058125	0.439323118909642	0.6394424774631233	0.8395618217016401	1.0396811541090503	0.048855397956932216	0.2489747801441183	0.449094152517071	0.649213511680613	0.8493328579179086	1.0494521951635487	0.0	0.0	0.0	0.0	0.0	0.0	0.19988066527966097	0.19988070262129554	0.19988073197931053	0.19988075927246762	0.1998807888806536	0.19988082673547877	0.39976134137604286	0.3997614095724413	0.39976146537995744	0.3997615174359472	0.39976157366828596	0.3997616427155474	0.5996420326667797	0.5996421238020191	0.5996422009183344	0.5996422737594507	0.5996423514087189	0.5996424435893617	0.7995227391285809	0.799522845292628	0.7995229385732602	0.7995230282124549	0.7995231220827037	0.7995232293851547	0.9994034563487343	0.9994035710501499	0.9994036775740313	0.9994037815022888	0.9994038886278176	0.999404004488618
0.0	0.20012380980411096	0.4002475828866058	0.600371325370513	0.8004950370981578	1.0006187116156362	0.009948992447752728	0.21007279934033032	0.41019657225007045	0.6103203159706131	0.8104440306131637	1.0105677117674976	0.019897959765967196	0.22002175714868366	0.4201455270326305	0.6202692718540558	0.8203929919483496	1.0205166856338128	0.02984690318992192	0.22997068915771998	0.4300944546017735	0.6302182003407936	0.8303419268025993	1.0304656341042129	0.039795825725192066	0.23991960141232674	0.4400433633428367	0.6401671098287873	0.8402908412606527	1.040414560254758	0.049744728153299465	0.24986849953238371	0.44999226057042263	0.6501160077083604	0.8502397412545625	1.0503634653556546	0.0	0.0	0.0	0.0	0.0	0.0	0.19987627968321248	0.1998763190445786	0.19987634996091544	0.19987637869457817	0.19987640988380856	0.19987644980514424	0.39975257077458065	0.39975264265738414	0.3997527014257574	0.3997527562263129	0.3997528154580988	0.3997528882694586	0.5996288778883876	0.5996289739466716	0.5996290551488659	0.5996291318246125	0.5996292136082395	0.5996293108075952	0.7995052009991428	0.7995053128933758	0.7995054111070923	0.7995055054561724	0.799505604313216	0.7995057174502737	0.9993815354540938	0.9993816563394362	0.9993817684867679	0.9993818778656908	0.9993819906695116	0.9993821128207233
0.0	0.2001282805445681	0.4002565224320145	0.6003847321300204	0.8005129094668467	1.0006410476143581	0.010126872408271667	0.2102551499178441	0.4103833916452955	0.6105116026642726	0.8106397830932012	1.0107679282680717	0.020253718378770515	0.22038198589699198	0.42051022445719377	0.6206384366517714	0.8207666228412744	1.0208947812442877	0.030380539215696906	0.23050879472990926	0.43063702862891823	0.6307652418030856	0.8308934347134788	1.031021607477825	0.04050733808602447	0.2406355827831342	0.4407638129928022	0.6408920269641583	0.8410202251194082	1.0411484102119373	0.05063411580729987	0.2507623559734305	0.45089058525365255	0.6510187999208977	0.8511470003104465	1.0512751907883813	0.0	0.0	0.0	0.0	0.0	0.0	0.1998718147137918	0.19987185616390807	0.19987188868995023	0.19987191891116915	0.19987195173441077	0.19987199379455645	0.39974364144796315	0.3997437171430009	0.3997437789697745	0.3997438366043367	0.39974389893579976	0.39974397564253294	0.5996154850615188	0.5996155862106768	0.5996156716329905	0.5996157522679254	0.5996158383235276	0.5996159407161304	0.7994873455266099	0.7994874633460809	0.799487566654338	0.7994876658656509	0.7994877698746882	0.7994878890487266	0.9993592179421145	0.9993593452214242	0.9993594631755895	0.9993595781807968	0.9993596968501111	0.9993598255092419
0.0	0.20013283096718865	0.4002656212776828	0.6003983777565327	0.8005311002169715	1.000663781441877	0.010304764149973054	0.21043759195665307	0.4105703821217136	0.6107031400098505	0.8108358657470173	1.0109685544056213	0.020609500511601497	0.2207423178308085	0.4208751046835968	0.6210078638255506	0.821140595643772	1.0212732982532047	0.030914210460561527	0.2310470151679699	0.4311797971317004	0.6313125573181196	0.8314452962234774	1.0315780139660398	0.041218897330781136	0.24135169066720977	0.4414844687605231	0.6416172297967069	0.8417499742316523	1.0418827049604809	0.05152356197664643	0.2516563505520524	0.4517891276783509	0.6519218894563502	0.8520546362500406	1.052187372652516	0.0	0.0	0.0	0.0	0.0	0.0	0.1998672703539369	0.19986731396279925	0.19986734815057933	0.1998673799069874	0.19986741441793382	0.19986745869032915	0.39973455336160124	0.39973463299647843	0.3997346979804245	0.399734758539531	0.3997348240722614	0.3997349048076881	0.5996018541349063	0.5996019605451276	0.5996020503234755	0.5996021350436629	0.5996022255106961	0.5996023332737704	0.7994691726434773	0.7994692965859692	0.799469405152208	0.7994695093799108	0.7994696187083075	0.7994697441247915	0.9993365037293661	0.9993366376156049	0.9993367615622105	0.9993368823713731	0.9993370070957907	0.9993371424836356
0.0	0.2001374611001156	0.4002748794790401	0.6004122623321289	0.8005496094565774	1.0006869132312015	0.010482667885487818	0.21062012569760194	0.41075754394753783	0.610894928302311	0.8110322788957155	1.0111695905265807	0.020965306589191945	0.22110275340294333	0.4212401681920157	0.6213775538824082	0.8215149108892192	1.0216522372197536	0.03144791756086485	0.2315853511361138	0.43172276080163835	0.6318601476043241	0.8319975120776126	1.0321348543401456	0.04193050430702726	0.24206792593975923	0.4422053315484594	0.6423427192558593	0.8424800895535708	1.0426174454832144	0.05241306771971678	0.2525504843541836	0.4526878889577247	0.6528252774549393	0.8529626502404053	1.0531000121419183	0.0	0.0	0.0	0.0	0.0	0.0	0.19986264658592084	0.19986269242449328	0.19986272832668495	0.19986276166649064	0.19986279791955625	0.1998628444787765	0.39972530648037546	0.3997253901844561	0.39972545842556045	0.3997255220008319	0.3997255908377687	0.39972567573724477	0.5995879850564841	0.5995880969002956	0.5995881911722456	0.5995882801052369	0.5995883751249794	0.5995884884384263	0.7994506822811712	0.7994508125471714	0.7994509265367915	0.7994510359368265	0.7994511507540948	0.7994512826215633	0.9993133927310786	0.9993135334401	0.9993136635669455	0.9993137903597575	0.9993139213312722	0.9993140636718945
0.0	0.20014217097195758	0.40028429709245605	0.6004263859403097	0.8005684372956188	1.0007104431177412	0.010660583827563512	0.21080275138212012	0.410944877392041	0.6110869678381596	0.8112290228624283	1.011371036979908	0.021321137036511256	0.2214632930669154	0.4216054154638112	0.6217475073310254	0.8218895691131471	1.0220315987057733	0.03198166115332346	0.2321238032993945	0.43226592033156885	0.6324080133819268	0.8325500830231887	1.0326921293742122	0.042642159862839424	0.2427842894769763	0.44292640226053637	0.6430684962729877	0.8432105720437826	1.04335263276589	0.05330263409554811	0.25344475846689557	0.4535868702065958	0.6537289650589823	0.8538710434511834	1.0540131104535226	0.0	0.0	0.0	0.0	0.0	0.0	0.1998579433917506	0.19985799153195574	0.19985802920186582	0.1998580641738462	0.19985810222416056	0.19985815114591216	0.39971590076863284	0.3997159886730226	0.3997160602724699	0.3997161269565967	0.3997161992020164	0.3997162884029241	0.5995738777733843	0.5995739952256269	0.5995740941303793	0.599574187405194	0.5995742871207305	0.599574406167114	0.7994318743700441	0.7994320111627177	0.7994321307430514	0.7994322454731223	0.7994323659508997	0.7994325044809488	0.999289884861134	0.9992900326116548	0.999290169108703	0.9992903020668535	0.999290439479818	0.9992905890005304
0.0	0.2001469606117874	0.400293874175237	0.6004407486659926	0.8005875838459523	1.0007343712392982	0.010838512189082088	0.21098546925223788	0.4111323827255697	0.6112792589154552	0.8114260979723278	1.0115728941170936	0.021676992278804152	0.22182393727698832	0.42197084698156256	0.6221177246817811	0.8222645708532709	1.02241138327578	0.03251544187507471	0.23266237232375872	0.43280927641569655	0.6329561553730031	0.8331030098098424	1.0332498398451346	0.043353864846860886	0.243500782156096	0.44364768180219594	0.6437945617814602	0.8439414226633873	1.0440882677972314	0.05419226216388999	0.2543391739784479	0.45448607254145	0.6546329534129389	0.8547798170546446	1.0549266687873808	0.0	0.0	0.0	0.0	0.0	0.0	0.19985316075316867	0.19985321126787847	0.19985325075943902	0.19985328741293304	0.1998533273163353	0.1998533786774512	0.39970633619019086	0.39970642842772014	0.39970650348787856	0.3997065733746079	0.3997066491341132	0.399706742775852	0.5995595322319415	0.5995596554697478	0.599559759148114	0.5995598568952213	0.5995599614514263	0.5995600864159605	0.7994127488393816	0.7994128923645444	0.7994130177048314	0.7994131379243794	0.7994132642364087	0.7994134096436759	0.9992659800320771	0.9992661350456481	0.9992662781049954	0.9992664174121402	0.9992665614632418	0.9992667183945878
0.0	0.20015183004914464	0.40030361078563137	0.6004553505955195	0.8006070492213471	1.0007586977360792	0.011016453183038115	0.21116827955056713	0.41132006021952777	0.6114718018337963	0.8116235045526142	1.0117751622921507	0.022032872741545664	0.22218468648812817	0.422336463229028	0.6224882064467153	0.8226399166494548	1.0227915914969345	0.0330492603636095	0.23320105887598178	0.43335282974953204	0.633504574301416	0.8336562931894863	1.0338079865325784	0.044065620108221085	0.24421740485531673	0.4443691710803213	0.6445209167165679	0.8446726423758947	1.0448243515688667	0.05508195298512408	0.2552337319782105	0.4553854970803615	0.6555372436633393	0.8556889722256152	1.0558406883465943	0.0	0.0	0.0	0.0	0.0	0.0	0.19984829865165085	0.1998483516146772	0.19984839298243773	0.1998484313673397	0.19984847318037274	0.199848527058808	0.39969661270833257	0.3996967094135393	0.39969678803794595	0.39969686122206893	0.39969694060257765	0.3996970388265551	0.5995449483776865	0.5995450775804578	0.59954518617484	0.5995452885261399	0.5995453980696622	0.5995455291401978	0.7993933056173936	0.799393456083486	0.7993935873548474	0.7993937132250284	0.799393845547137	0.7993939980492845	0.9992416781551027	0.9992418406560797	0.9992419904719266	0.9992421363136611	0.9992422872018977	0.9992424517776336
0.0	0.20015677931403672	0.400313506982832	0.6004701918166597	0.8006268335374893	1.0007834227507009	0.01119440702257292	0.21135118252033663	0.4115079101464127	0.611664596894358	0.8118212429325541	1.0119778418616545	0.022388778850510098	0.22254554115607322	0.42270226469121536	0.6228589531396008	0.8230156070437853	1.0231722239391163	0.03358311725687645	0.23373986362377244	0.4338965810299978	0.6340532708929231	0.8342099339164161	1.034366570219088	0.04477742649666566	0.24493415845393113	0.44509087100336875	0.6452475620156571	0.8454042321473579	1.0455608850754614	0.05597170762040322	0.25612843355680337	0.45628514494313405	0.656441836958925	0.8565985101416207	1.0567551703374571	0.0	0.0	0.0	0.0	0.0	0.0	0.19984335706840536	0.19984341255449078	0.19984345585361044	0.1998434960203634	0.19984353980026862	0.19984359627509593	0.3996867302858051	0.39968683159491764	0.3996869138882638	0.3996869904656026	0.39968707357533684	0.39968717652495944	0.5995301261553436	0.5995302615047272	0.5995303751590975	0.599530482247903	0.5995305969271495	0.5995307342941606	0.7993735446312106	0.7993737022492707	0.7993738396246846	0.7993739713083456	0.7993741098184258	0.7993742696361245	0.9992169791400521	0.9992171493555674	0.9992173061241899	0.9992174586880217	0.9992176166146776	0.9992177890717537
0.0	0.2001618084369367	0.40032356282697157	0.6004852724186037	0.8006469369119721	1.0008085464281782	0.011372373920947027	0.21153417840536207	0.4116959327797831	0.6118576443998573	0.8120193134434427	1.0121809331847023	0.022744711031715277	0.22290650173727597	0.4230682518543216	0.6232299652758798	0.8233916425805048	1.023553281174855	0.03411701319319719	0.2342787872356861	0.43444053095533847	0.6346022458750843	0.8347639327472159	1.0349255916899895	0.0454892848624521	0.2456510438322193	0.4458127824812583	0.6459744986180184	0.8461361929462592	1.0462978693146028	0.056861527131540954	0.2570232798059841	0.4571850172511852	0.6573467344505312	0.8575084319827647	1.0576701159693336	0.0	0.0	0.0	0.0	0.0	0.0	0.1998383359843754	0.19983839406918363	0.1998384393554236	0.19983848135501284	0.19983852715972464	0.19983858631112997	0.3996766888848246	0.3996767949357448	0.3996768810038613	0.3996769610712566	0.3996770480197321	0.39967715584039637	0.5995150655088385	0.5995152071887048	0.599515326048585	0.5995154380096042	0.5995155579747246	0.5995157018312958	0.7993534658068944	0.7993536307905318	0.7993537744448075	0.7993539121064646	0.7993540569844538	0.799354224341367	0.9991918828954262	0.9991920610553595	0.9991922249750801	0.9991923844504023	0.9991925496190253	0.9991927301975677
0.0	0.20016691744878728	0.40033377837913015	0.6005005924919743	0.8006673594643111	1.0008340689159427	0.011550354091560269	0.21171726745007008	0.41188412839428684	0.6120509446545851	0.8122177164186396	1.0123844366229526	0.02310066971146262	0.2232675686889469	0.4234344252057808	0.6236012433727156	0.8237680238060676	1.0239347637793885	0.03465094881132719	0.2348178303811892	0.4349846802251895	0.6351514999773343	0.8353182904408346	1.0354850517334702	0.0462011960564266	0.24636806187152954	0.4465349064254581	0.6467017274649736	0.8468685257436019	1.0470353052868944	0.05775141258109609	0.25791827181873583	0.4580851151276389	0.6582519372911825	0.858418738931829	1.0585855264547597	0.0	0.0	0.0	0.0	0.0	0.0	0.1998332353802355	0.19983329614034226	0.1998333434700581	0.19983338735400472	0.19983343524214514	0.19983349715142343	0.39966648846706915	0.3996665993993554	0.3996666893491981	0.3996667730044968	0.39966686390251194	0.3996669767415954	0.599499766381287	0.5994999145777069	0.5995000387901487	0.5995001557594667	0.5995002811623379	0.5995004317041512	0.7993330690694233	0.7993332416347924	0.7993333917445465	0.7993335355503619	0.7993336869782236	0.7993338621009916	0.9991663893283665	0.999166575665317	0.9991667469364761	0.9991669135145408	0.9991670861309188	0.9991672750742114
0.0	0.20017210638100005	0.4003441537013343	0.6005161521288246	0.8006881013159425	1.0008599903638395	0.011728347747949935	0.21190044989949575	0.41207249726565753	0.6122444979644017	0.8124164521935638	1.0125883525406192	0.023456655316334542	0.22362874246905126	0.4238007852342596	0.6239727879489878	0.8241447512691336	1.0243166723306578	0.03518492475045027	0.235356993730653	0.43552902954057	0.6357010339309748	0.8358730077585762	1.0360449511405685	0.046913160930015234	0.24708521345426854	0.4472572437489743	0.6474292494998654	0.847601231512898	1.047773193995943	0.05864136503236511	0.258813410689259	0.45898543969731553	0.6591574466360826	0.8593294321742618	1.0595014030094325	0.0	0.0	0.0	0.0	0.0	0.0	0.19982805523639244	0.19982811874927597	0.19982816817941002	0.1998282139997648	0.19982826403063825	0.19982832878018894	0.3996561289936804	0.39965624494853036	0.39965633888816604	0.399656426230209	0.3996565211898345	0.39965663919668687	0.5994842287149982	0.5994843836162204	0.599484513329785	0.5994846354448469	0.599484766439058	0.5994849238643799	0.7993123543426959	0.7993125347084696	0.7993126914521015	0.7993128415698617	0.7993129997315657	0.7993131828497892	0.9991404983446612	0.999140693093918	0.9991408719188462	0.9991410457927385	0.9991412260648764	0.9991414236193431
0.0	0.20017737526545606	0.40035468885655784	0.6005319514226395	0.8007091625902233	1.0008863109241288	0.011906355103790133	0.21208372599928232	0.41226103967071487	0.6124383046367375	0.8126155211056945	1.012792681304472	0.023812668273190993	0.22399002353630595	0.4241673324296548	0.6243445995252896	0.8245218255205659	1.0246990074093034	0.0357189416501759	0.23589627795535123	0.43607357960388055	0.6362508484691718	0.836428085464099	1.0366052907051735	0.047625180335222485	0.2478024994639003	0.44797979536634946	0.6481570656680562	0.8483343112301676	1.0485115364483584	0.05953138554937877	0.25970869751296805	0.4598859920867295	0.6600632636426118	0.8602405128981758	1.0604177468522074	0.0	0.0	0.0	0.0	0.0	0.0	0.1998227955329851	0.19982286187701695	0.19982291346509082	0.1998229612744279	0.19982301350801596	0.19982308118133885	0.39964561042526353	0.3996457315454974	0.39964582958408934	0.3996459207126992	0.3996460198472679	0.3996461431732021	0.599468452451474	0.5994686142479021	0.5994687496126411	0.5994688770122341	0.5994690137530715	0.59946917826274	0.7992913215495309	0.7992915099368744	0.7992916734945414	0.7992918300936356	0.7992919951751395	0.7992921865213644	0.9991142098487434	0.9991144132482574	0.9991145998312475	0.9991147811958601	0.9991149693339575	0.9991151757491438
0.0	0.20018272413450836	0.40036538390872684	0.6005479904683431	0.8007305434124419	1.000913030751498	0.01208437637289802	0.2122670959956899	0.4124497558873757	0.6126323649806065	0.8128149234945865	1.0129974232838557	0.02416870900918376	0.2243514123501962	0.42453406728311227	0.6247166786239495	0.8248992471134551	1.0250817695986922	0.036253000150558455	0.2364356837274817	0.43661833111892734	0.636800944326983	0.8369835243234436	1.0371660712240542	0.04833725512465699	0.2485199207849742	0.4487025621936937	0.648885176916961	0.8490677658739738	1.0492503336537904	0.06042147519693599	0.26060413338652805	0.46078677342412766	0.660969389470368	0.8611519822943908	1.0613345592051426	0.0	0.0	0.0	0.0	0.0	0.0	0.19981745624988215	0.19981752550431783	0.19981757930842506	0.19981762915983572	0.1998176836567921	0.19981775433848306	0.39963493272188255	0.3996350591519259	0.39963516139971994	0.39963525641568926	0.3996353598397857	0.3996354886380693	0.599452437531402	0.5994526064155725	0.5994527475830074	0.5994528804072444	0.5994530230516769	0.5994531948490892	0.7992699706116576	0.799270167244202	0.7992703377977963	0.7992705010491944	0.7992706732384248	0.7992708730481258	0.9990875237436805	0.9990877360340363	0.9990879305813154	0.9990881196333224	0.9990883158497514	0.999088531378307
0.0	0.2001881530209792	0.4003762389227142	0.6005642693622901	0.8007522439098067	1.0009401500030468	0.012262411769231192	0.21245056013559013	0.41263864619464574	0.6128266793065951	0.8130146597018569	1.0132025788506713	0.02452477795175029	0.22471290937096655	0.4249009902870152	0.6250890257690164	0.8252770166031012	1.0254649594848966	0.036787100892088885	0.23697521172015515	0.437163284790908	0.6373513222413401	0.8375393251050132	1.0377272934968378	0.04904938615151922	0.24923747830310983	0.44942554514866595	0.6496135841960262	0.8498015964253989	1.049989586624902	0.061311635040587543	0.2614997194078349	0.4616877848394671	0.661875825281141	0.8620638415564058	1.0622518412934692	0.0	0.0	0.0	0.0	0.0	0.0	0.19981203736668524	0.19981210961165485	0.19981216569045346	0.19981221763754026	0.1998122744591855	0.19981234823493224	0.3996240958430665	0.39962422772893347	0.3996243342972439	0.39962443330232345	0.39962454113177387	0.39962467555762027	0.5994361838946655	0.5994363600612248	0.599436507184328	0.5994366455746306	0.5994367942812946	0.5994369735723939	0.7992483014497289	0.7992485065535447	0.7992486842866691	0.7992488543629009	0.799249033849735	0.7992492423613008	0.9990604399311895	0.9990606613555767	0.9990608640752792	0.9990610610131121	0.999061265522395	0.999061490420056
0.0	0.20019366195816501	0.4003872539643493	0.6005807882022812	0.8007742642114655	1.000967668838313	0.012440461506899649	0.2126341186664829	0.4128277108726414	0.6130212479268887	0.8132147300712155	1.0134081483794137	0.02488087552863793	0.22507451505964995	0.42526810193501796	0.6254616414862978	0.8256551345470565	1.0258485776567416	0.03732124451572857	0.23751486260743382	0.4377084413264549	0.637901982951097	0.838095488579626	1.0382889583260664	0.0497615742696459	0.24995517290504604	0.4501487451505284	0.6503422884567881	0.8505358038681075	1.050729296377437	0.0622018661466876	0.262395456676072	0.4625890274644761	0.6627825722389784	0.8629760918804691	1.0631695943456647	0.0	0.0	0.0	0.0	0.0	0.0	0.19980653886272423	0.19980661417922324	0.19980667259192844	0.19980672668879912	0.19980678589711587	0.1998068628536938	0.39961309974780035	0.39961323723707665	0.3996133482382725	0.39961345133515946	0.3996135636870219	0.3996137038975817	0.5994196914803289	0.5994198751260107	0.5994200283591865	0.5994201724582683	0.5994203273874539	0.5994205143807171	0.7992263139833026	0.799226527786874	0.7992267128848181	0.7992268899599524	0.7992270769361998	0.799227294390917	0.9990329583116144	0.999033189115799	0.9990334002179396	0.9990336052417621	0.99903381826055	0.9990340527861211
0.0	0.20019925097983324	0.40039842910041196	0.6005975470875521	0.8007966044484919	1.0009955874192533	0.012618525800150403	0.2128177718364778	0.4130169502025677	0.6132160711552463	0.8134151349484363	1.0136141322471381	0.02523700216787175	0.2254362298780322	0.425635402722007	0.6258345263033183	0.8260336015050809	1.026232624705757	0.03785543166286651	0.23805463706428523	0.4382538014335859	0.638452927196977	0.8386520155204595	1.0388510665171373	0.05047382033345474	0.2506730054785824	0.450872163120084	0.6510712906528077	0.8512703891882771	1.0514694639301476	0.06309216958233714	0.2632913462916503	0.4634905024325909	0.6636896315101191	0.8638887344655078	1.0640878195933807	0.0	0.0	0.0	0.0	0.0	0.0	0.19980096071706085	0.19980103918694078	0.19980109999331766	0.19980115629457926	0.19980121795220723	0.19980129817747533	0.39960194439453184	0.39960208763635796	0.39960220318384915	0.39960231047617584	0.3996024274687302	0.39960257362308277	0.5994029602266491	0.599403151550252	0.5994033110493173	0.5994034610011675	0.5994036223148037	0.5994038172212288	0.7992040081308552	0.7992042308650539	0.7992044235147713	0.799204607764395	0.7992048024237796	0.7992050290658175	0.9990050787839435	0.9990053192162403	0.9990055389126872	0.9990057522243706	0.9990059739714218	0.9990062183867592
0.0	0.20020492012022686	0.40040976439864107	0.6006145461187883	0.8008192647539043	1.0010239059102684	0.012796604863393351	0.21300151989432445	0.41320636446675313	0.6134111493070399	0.8136158746814018	1.0138205308335093	0.02559315829780876	0.22579805428871072	0.42600289314416445	0.6262076807493866	0.8264124180392127	1.0266171012262526	0.038389662975393375	0.23859453576666081	0.43879936582178686	0.6390041557216599	0.8392089067031413	1.0394136188783993	0.051186125198041096	0.2513909769126803	0.4515957999797822	0.6518005917397803	0.8520053533747134	1.052210090304913	0.063982546415483	0.26418738935631153	0.46439221087906335	0.6645970042631049	0.8648017705132452	1.0650065182715622	0.0	0.0	0.0	0.0	0.0	0.0	0.19979530290848435	0.1997953846144434	0.19979544787479986	0.1997955064355529	0.199795570605784	0.19979565418868062	0.3995906297411632	0.3995907788862174	0.3995908990944411	0.39959101068676356	0.399591132439502	0.3995912846986467	0.5993859900710617	0.5993861892734271	0.5993863551955924	0.5993865111454596	0.5993866790071009	0.5993868820401945	0.7991813838097658	0.7991816157078244	0.7991818160979095	0.7991820076991072	0.7991822102372497	0.799182446313645	0.9989768012457885	0.9989770515570323	0.9989772800614803	0.9989775018645801	0.9989777325607389	0.9989779871307327
0.0	0.20021066941406224	0.40042125992773064	0.6006317853981178	0.8008422452626556	1.0010526244781892	0.012974698911183656	0.21318536308939265	0.4133959539486278	0.6136064826992299	0.8138169496200751	1.0140273445207706	0.02594934434710026	0.2261599887550546	0.42637057369892545	0.6265811053555513	0.8267915847137225	1.0270020078152688	0.03892393909564959	0.23913455939144154	0.43934513520195545	0.6395556692697234	0.8397661629056882	1.0399766162210877	0.051898489719109916	0.25210908809739235	0.4523196566536461	0.6525301926754606	0.8527406974187713	1.052951176526659	0.06487299771485608	0.26508358697306394	0.4652941539408944	0.665504691668712	0.8657152012281281	1.0659256916183748	0.0	0.0	0.0	0.0	0.0	0.0	0.19978956541551401	0.19978965044108796	0.1997897162162674	0.19978977709210016	0.1997898438388738	0.1997899308694127	0.39957915574505615	0.3995793109455376	0.3995794359299448	0.3995795519277316	0.39957967856134896	0.39957983708819683	0.5993687809501901	0.5993689882341792	0.5993691607380296	0.5993693228324062	0.599369497407218	0.5993697087829831	0.7991584409363255	0.7991586822338124	0.7991588905544772	0.7991590896858111	0.7991593003002111	0.7991595460608525	0.9989481255933971	0.9989483860369153	0.99894862356486	0.9989488540645917	0.9989490939327674	0.9989493589253244
0.0	0.20021649889653184	0.4004329157573348	0.6006492650291192	0.800865546111645	1.0010817432922918	0.013152808158235597	0.2133693016716889	0.41358571893274215	0.6138020716503869	0.8140183601165248	1.0142345736937723	0.026305560744720295	0.22652203374123556	0.42673844488501195	0.6269548006546365	0.827171102095151	1.0273873450726185	0.03945826066646831	0.23967470861648357	0.4398911102864489	0.6401074685876931	0.8403237849085591	1.040540059359381	0.05261091475303217	0.25282733992392153	0.4530437340673339	0.6532600944197263	0.8534764223144224	1.0536927236234275	0.06576352455002253	0.26597994024623645	0.46619633275689043	0.6664126949000094	0.8666290278173885	1.0668453408752674	0.0	0.0	0.0	0.0	0.0	0.0	0.19978374821639688	0.1997838366459496	0.199783904997324	0.19978396824430683	0.19978403763220504	0.19978412820147134	0.399567522363027	0.399567683772639	0.39956781364968114	0.3995679341593023	0.3995680657956866	0.39956823075505193	0.5993513327998368	0.5993515483703085	0.5993517276157858	0.5993518960023918	0.5993520774571375	0.5993522973940609	0.7991351794257284	0.7991354303605211	0.7991356468035727	0.7991358536450631	0.7991360725350822	0.7991363282326952	0.9989190517216414	0.9989193225532254	0.9989195693219369	0.9989198087251527	0.9989200579902996	0.9989203336763259
0.0	0.20022240860330315	0.40044473195806596	0.6006669851168185	0.8008891674397122	1.0011112625242895	0.013330932819415468	0.2135533358918482	0.41377565970475794	0.613997916480681	0.814220106524913	1.0144422187399573	0.02666180791995135	0.22688418971221253	0.42710650720241616	0.6273287671812244	0.8275509707522904	1.0277731136008652	0.03999262833114927	0.24021498412059078	0.44043729178905566	0.6406595544240131	0.8408817734946237	1.0411039491103677	0.053323401156811154	0.2535457332845862	0.4537680331481027	0.6539902979345408	0.8542125290582155	1.054434732626335	0.06665412799135817	0.2668764502814514	0.46709874846763494	0.6673210151323298	0.8675432514910132	1.0677654672869403	0.0	0.0	0.0	0.0	0.0	0.0	0.19977785128910905	0.19977794320782338	0.1997780141972862	0.19977807987196589	0.19977815196620882	0.19977824616635498	0.3995557295513497	0.3995558973252829	0.3995560322123984	0.39955615734111466	0.39955629410333776	0.39955646566192976	0.5993336455549888	0.5993338696187775	0.5993340557671614	0.599334230594929	0.5993344190979556	0.5993346478169961	0.7991115991920773	0.7991118600043369	0.7991120847631551	0.7991122994962602	0.7991125268631047	0.7991127927532368	0.9988895795240249	0.9988898610019025	0.9988901172303998	0.9988903657455659	0.9988906246346619	0.9988909112880462
0.0	0.2002283985705213	0.40045670860149984	0.6006849457676967	0.8009131093876485	1.0011411823483474	0.013509073109753734	0.2137374660011486	0.41396577655146516	0.6141940175119018	0.8144221892015172	1.0146502800493864	0.027018086302409337	0.2272464571337592	0.4274747611524304	0.6277030054716878	0.8279311912562193	1.0281593140053613	0.04052704273350176	0.24075538658356027	0.44098368042504327	0.6412119275290965	0.8414401294492155	1.041668286294102	0.05403594978813522	0.25426426907287525	0.4544925548248664	0.6547208041840133	0.8549490186493396	1.0551772045696395	0.0675448091100995	0.2677731181856783	0.46800140221554476	0.6682296535433273	0.8684578734618039	1.068686072101409	0.0	0.0	0.0	0.0	0.0	0.0	0.19977187461135335	0.1997719701052219	0.19977204379518107	0.1997721119545754	0.19977218682101666	0.19977228474525852	0.39954377726575113	0.3995439515606667	0.3995440915762679	0.39954422143221985	0.39954436344452826	0.39954454177094273	0.5993157191498103	0.5993159519157035	0.599316145129593	0.5993163265486513	0.5993165222698771	0.5993167599944527	0.7990877001483742	0.7990879710805192	0.7990882043500342	0.7990884271576312	0.7990886632043355	0.7990889395453407	0.9988597088926713	0.9988600012774788	0.9988602671865041	0.9988605250236775	0.9988607937657048	0.9988610916633011
0.0	0.2002344688348095	0.4004688457601762	0.6007031470896907	0.8009373720981976	1.001171502941082	0.013687229244444299	0.21392169225151103	0.41415606976078223	0.614390375067458	0.814624608504731	1.014858758014738	0.02737439632204053	0.22760883647246116	0.4278432072376444	0.6280775160641868	0.8283117641802997	1.0285459468942457	0.04106150451783719	0.24129591668617514	0.4415302769111511	0.6417645886553178	0.841998853560125	1.0422330717335961	0.05474856150537622	0.2549829481834468	0.455217300028194	0.6554516141343979	0.8556858920896223	1.0559201404907372	0.06843556897834897	0.26866994506723885	0.4689042951448751	0.6691386113129836	0.8693728949453832	1.0696071565700092	0.0	0.0	0.0	0.0	0.0	0.0	0.19976581816055955	0.19976591731637536	0.19976599376974646	0.19976606447133863	0.1997661421764607	0.19976624391907347	0.3995316654614111	0.399531846435424	0.3995319916988842	0.39953212639108154	0.3995322737788874	0.3995324590435985	0.599297553517643	0.5992977951963591	0.5992979956396547	0.5992981838013147	0.5992983869122149	0.5992986338681914	0.7990634822065209	0.7990637635032022	0.7990640054798724	0.799064236546238	0.7990644814776473	0.7990647685306719	0.9988294397183246	0.9988297432730789	0.9988300190850727	0.9988302864558789	0.9988305652818037	0.9988308747034146
0.0	0.20024061943326904	0.4004811435075991	0.6007215891921938	0.8009619557160557	1.0012022244815624	0.013865401438842564	0.21410601489549722	0.41434653962175383	0.614586989472376	0.8148273647950615	1.015067653031306	0.027730738409118837	0.22797132819571314	0.4282118459619429	0.6284522994986675	0.828692690100175	1.0289330128784404	0.041596014328963385	0.24183657511019876	0.44207708196558493	0.6423175385570079	0.8425579466175938	1.0427983062548156	0.055461237167573896	0.2557017715121125	0.4559422696902944	0.6561827287540775	0.8564231503835147	1.0566635414301484	0.06932640866905639	0.2695669320357888	0.4698074284017014	0.6700478896235892	0.8702883171601756	1.0705287219473771	0.0	0.0	0.0	0.0	0.0	0.0	0.19975968191388435	0.19975978481923165	0.199759864099431	0.19975993740116435	0.19976001801207421	0.19976012366838872	0.39951939409296305	0.3995195819056253	0.3995197325372655	0.39951987217557683	0.39952002506544876	0.39952021744080085	0.5992791485910065	0.5992793993951725	0.5992796072330583	0.5992798022897976	0.5992800129633924	0.5992802693790708	0.7990389452773199	0.7990392371853944	0.7990394880671845	0.7990397275779766	0.799039981600731	0.799040279629698	0.9987987718903506	0.9987990868804217	0.9987993728194973	0.998799649937108	0.9987999390798611	0.9988002603082208
0.0	0.20024685040348042	0.40049360191823885	0.6007402721860582	0.8009868603878754	1.0012333471513144	0.014043589908469387	0.21429043418631466	0.41453718642455695	0.6147838610533065	0.8150304584351376	1.015276965497009	0.02808711299425257	0.22833393277172678	0.42858067783051396	0.6288273563168704	0.8290739695937799	1.0293205125716622	0.04213057281219839	0.2423773625383895	0.4426240963080324	0.64287077799047	0.8431174094143313	1.0433639906866958	0.05617397763445544	0.2564207399558579	0.45666746474503733	0.6569141490135858	0.8571607945381133	1.0574074084315404	0.07021732925604132	0.27046408020234086	0.47071080313394315	0.6709574896597681	0.8712041413274334	1.0714507694914777	0.0	0.0	0.0	0.0	0.0	0.0	0.19975346584821083	0.19975357259145596	0.19975365476239385	0.19975373072266644	0.19975381430709108	0.1997539239734898	0.3995069631144924	0.39950715792677644	0.3995073140478527	0.3995074587429949	0.3995076172626493	0.3995078169228487	0.5992605043015966	0.5992607644457262	0.599260979844652	0.5992611819501	0.5992614003609409	0.5992616664670457	0.7990140892704715	0.7990143920389767	0.7990146520253362	0.7990149001675747	0.7990151634900929	0.7990154727616879	0.998767705296733	0.9987680319898166	0.9987683282817353	0.9987686153608469	0.9987689150553041	0.998769248376062
0.0	0.2002531617835049	0.40050622106753525	0.6007591961836	0.8010120862622716	1.0012648711343282	0.014221794869018006	0.21447495037782513	0.41472801046051094	0.6149809901385357	0.8152338897897221	1.0154866958124038	0.028443520508399878	0.22869665066954753	0.42894970334986754	0.62920268706235	0.8294556032413614	1.0297084465904447	0.04266518061339028	0.24291827965452195	0.4431713206596856	0.643424307714004	0.8436772427455411	1.0439301258611702	0.05688678376646784	0.2571398544128764	0.45739288612798884	0.6576458758856445	0.8578988255631992	1.0581517425417664	0.07110833181403116	0.2713613906793043	0.47161442049140484	0.67186741260852	0.8721203686712802	1.0723733004636482	0.0	0.0	0.0	0.0	0.0	0.0	0.1997471699401472	0.19974728061042932	0.1997473657365032	0.19974744441416267	0.19974753104044476	0.199747644814358	0.39949437247953434	0.39949457445381625	0.39949473618650694	0.39949488605003514	0.39949505032832716	0.3994952574494343	0.5992416205802815	0.5992418902807527	0.5992421134084163	0.5992423227173401	0.5992425490414975	0.5992428250711651	0.7989889140945692	0.7989892279746977	0.7989894972665392	0.798989754228588	0.7989900270610512	0.7989903478447072	0.9987362398240681	0.9987365784901575	0.9987368853623048	0.9987371826191163	0.9987374931020793	0.9987378388037832
0.0	0.20025955361188397	0.4005190010318962	0.6007783612985972	0.8010376334898193	1.0012967966170545	0.014400016536352362	0.2146595637245423	0.4149190120220742	0.615178377057982	0.8154376592257081	1.01569684438068	0.02879996138286372	0.22905948235904885	0.429318923027829	0.6295782922804689	0.8298375916254711	1.0300968155541295	0.04319983837891027	0.24345932714337923	0.4437187557432329	0.6439781284878973	0.8442374474089103	1.0444967126131584	0.0575996564247598	0.25785911578255016	0.45811853477639136	0.6583779103451425	0.8586372444712156	1.058896544810844	0.07199941741864306	0.27225886458046616	0.47251828162575615	0.6727776596592003	0.8730370004186891	1.0732963161285765	0.0	0.0	0.0	0.0	0.0	0.0	0.19974079416602775	0.1997409088532496	0.1997409969993375	0.19974107845367578	0.19974116819076942	0.1997412861706715	0.39948162214107563	0.3994818314411186	0.39948199890851166	0.3994821540528089	0.39948232421972424	0.39948253897964536	0.599222497357105	0.5992227768321382	0.5992230078574676	0.5992232245257573	0.5992234589408082	0.5992237451295745	0.7989634196571037	0.7989637449021777	0.7989640237018558	0.7989642896734044	0.7989645722277401	0.7989649047956234	0.9987043753575694	0.9987047262689286	0.9987050439502889	0.9987053516024809	0.9987056731126586	0.9987060314867382
0.0	0.20026602592764292	0.40053194188870545	0.600797767646301	0.8010635022230675	1.0013291237884232	0.0145782551265106	0.21484427448163898	0.4151101914028554	0.6153760221432099	0.815641767112136	1.0159074116076816	0.02915643604929914	0.22942242831094323	0.4296883373735535	0.6299541725184145	0.8302199353309867	1.0304856200848913	0.04373454675566537	0.2440005056907694	0.44426640228287856	0.6445322410744476	0.8447980242046366	1.045063751780597	0.058312596471204015	0.2585785249654762	0.4588444116291934	0.6591102533691686	0.8593760522773052	1.0596418162919952	0.07289058714640596	0.27315650302101674	0.47342238769056144	0.6736882320035522	0.8739540377995197	1.0742198177543403	0.0	0.0	0.0	0.0	0.0	0.0	0.1997343385019095	0.1997344572967284	0.19973454852818215	0.1997346328189304	0.19973472573639672	0.19973484802180225	0.3994687120515481	0.39946892884248575	0.39946910216856607	0.39946926270683353	0.3994694388934795	0.3994696614719589	0.5992031345612758	0.5992034240309121	0.5992036631240487	0.5992038873087027	0.5992041299937179	0.5992044265795071	0.7989376058644494	0.798937942729895	0.7989382312411851	0.7989385064132308	0.7989387989030977	0.798939143530093	0.9986721117810511	0.998672475212187	0.9986728039333204	0.9986731222000337	0.9986734549780233	0.9986738263187738
0.0	0.20027257877028765	0.4005450437163153	0.6008174153434248	0.8010896926165262	1.0013618528398252	0.014756510855704959	0.21502908290494335	0.4153015488976059	0.6155739257274198	0.8158462138201795	1.0161183979018893	0.0295129449397144	0.2297854889967797	0.4300579468975202	0.6303303283251901	0.8306026349450988	1.0308748608077218	0.044269306391096636	0.24454181598351996	0.4448142610043341	0.6450866462379518	0.8453589739354123	1.0456312442044198	0.059025604768395516	0.25929808286346084	0.45957051762704065	0.6598429059369996	0.8601152499992933	1.0603875580416258	0.07378184207476418	0.2740543071175495	0.4743267398412758	0.6745991308356996	0.8748714820465067	1.0751438066123928	0.0	0.0	0.0	0.0	0.0	0.0	0.199727802923576	0.1997279259173945	0.19972802030003323	0.19972810748735675	0.1997282036553599	0.19972833034681994	0.399455642162836	0.3994558666111558	0.39945604592079287	0.39945621196703995	0.39945639430563723	0.3994566248842492	0.5991835321211799	0.5991838318072585	0.5991840791395397	0.5991843109986513	0.5991845621341833	0.5991848693572959	0.7989114726218796	0.798911821365202	0.7989121197932793	0.7989124043581095	0.7989127069988816	0.7989130639625774	0.9986394489769469	0.9986398252045826	0.9986401651976001	0.9986404942994155	0.998640838587684	0.9986412231922497
0.0	0.2002792121798086	0.40055830659405517	0.6008373045081569	0.8011162048266813	1.0013949839651326	0.014934783940326615	0.2152139892509481	0.4154930848022332	0.6157720881454646	0.8160509997231671	1.0163298036744448	0.029869488486477414	0.23014866488895433	0.43042775211154666	0.6307067602516335	0.8309856910573333	1.0312645383504548	0.04480411793319298	0.24508325870949585	0.4453623326348397	0.6456413447447299	0.8459202974064537	1.046199190728591	0.059738682179663695	0.26001779037953615	0.4602968537122957	0.6605758690301237	0.8608548386577164	1.061133771119358	0.07467318328209109	0.274952277988079	0.4752313392352668	0.6755103573521728	0.8757893343952892	1.0760682839775966	0.0	0.0	0.0	0.0	0.0	0.0	0.1997211874065336	0.19972131469149043	0.19972141229159404	0.1997215024360873	0.19972160192539024	0.1997217331244887	0.3994424124262687	0.39944264469979546	0.39944283011873105	0.3994430017877656	0.3994431904116398	0.39944342917378084	0.5991636899643686	0.5991640000905056	0.5991642558344474	0.5991644955271906	0.5991647552952614	0.5991650733983624	0.7988850198335515	0.7988853807143094	0.7988856892657281	0.7988859834169031	0.7988862964256545	0.7988866660063294	0.9986063868262918	0.998606776129339	0.9986071276278796	0.998607467786797	0.9986078238296632	0.9986082219980211
0.0	0.2002859261966813	0.4005717306022323	0.6008574352601618	0.8011430390119973	1.001428517360701	0.015113074596948828	0.21539899377681376	0.4156847994138044	0.6159705097338543	0.8162561251965856	1.0165416293391563	0.030226067122325544	0.23051195646072034	0.4307977535287994	0.6310834688504275	0.8313691042595626	1.031654653343778	0.045338982030501476	0.24562483455760992	0.4459106179031757	0.6461963373631379	0.8464819954255128	1.0467675922001176	0.06045182956909468	0.2607376484179822	0.4610234208290613	0.661309143632264	0.861594819275845	1.0618804565880535	0.07556461184771064	0.27585041675206223	0.4761361870318364	0.6764219127519308	0.8767075960844335	1.0769932511282452	0.0	0.0	0.0	0.0	0.0	0.0	0.19971449192601134	0.19971462359497227	0.19971472447927494	0.19971481764195662	0.19971492052391704	0.19971505633326697	0.3994290227926205	0.3994292630604999	0.39942945471533575	0.39942963212275445	0.39942982716632797	0.399430074297209	0.5991436080175587	0.5991439288091249	0.5991441931384053	0.5991444408250213	0.5991447094091106	0.5991450386372186	0.7988582474025069	0.798858620682287	0.7988589395649601	0.7988592434972953	0.7988595670927852	0.7988599495733931	0.9985729252087214	0.9985733278682536	0.9985736911074605	0.9985740425468788	0.998574410590495	0.9985748226254392
0.0	0.2002927208618663	0.4005853158221315	0.6008778077205793	0.8011701953329162	1.0014624532253678	0.015291383042329238	0.21558409674037107	0.4158766930305485	0.6161691908307572	0.8164615906180824	1.0167538753124985	0.030582681280367875	0.23087536418619026	0.43116795166379557	0.6314604546761015	0.8317528751460063	1.0320452064212342	0.045873899332133594	0.24616654421782888	0.44645911753966777	0.6467516248635722	0.8470440688028823	1.0473364494690534	0.061165047801533534	0.26145765788432906	0.4617502199231819	0.6620427307293799	0.8623351928796852	1.0626276155138146	0.07645612885190894	0.27674872453041044	0.47704128439223226	0.6773337982363717	0.8776262683554436	1.0779187093460738	0.0	0.0	0.0	0.0	0.0	0.0	0.19970771645696148	0.1997078526035102	0.1997079568391939	0.19970805308150202	0.19970815942806833	0.1997082999513082	0.39941547321211157	0.3994157216447938	0.39941591966297935	0.3994161029251583	0.3994163045239421	0.39941656021058053	0.5991232862066341	0.5991236178907332	0.5991238909801752	0.5991241468219585	0.5991244244069919	0.5991247650074668	0.7988311552306729	0.7988315411730653	0.7988318705962439	0.7988321845057931	0.7988325189084508	0.7988329145746068	0.9985390640024754	0.9985394803017005	0.9985398555181981	0.998540218462895	0.9985405987552294	0.9985410249623544
0.0	0.20029959621681054	0.4005990623360183	0.6008984220120295	0.8011976739518628	1.0014967917604598	0.01546970949340756	0.2157692984001198	0.4160687659518568	0.6163681317760024	0.8166673963674681	1.016966542013618	0.030939331394081514	0.2312388885403334	0.4315383470324022	0.6318377182850314	0.8321370043132335	1.0324361982192234	0.046408870487757846	0.2467083883811675	0.44700783227618257	0.6473072080184665	0.8476065183513936	1.047905763388498	0.0618783377425731	0.2621778196853472	0.4624772519422351	0.6627766313096598	0.863075960497972	1.0633752489659787	0.07734773537591595	0.2776472024454718	0.47794663247963176	0.6782460150093189	0.8785453524527471	1.0788446599162471	0.0	0.0	0.0	0.0	0.0	0.0	0.19970086097405843	0.19970100169248745	0.1997011093471756	0.19970120873096278	0.19970131861467014	0.19970146395646027	0.3994017636344061	0.39940202040362904	0.3994022249134496	0.3994024141475348	0.3994026224381205	0.3994028868693327	0.5991027244566425	0.5991030672620894	0.5991033492876443	0.5991036134469299	0.599103900219267	0.5991042524417991	0.7988037432188587	0.7988041420894315	0.7988044822636847	0.7988048063477232	0.7988051517796334	0.7988055609195996	0.998504803084391	0.9985052333086248	0.9985056207404956	0.9985059954166082	0.9985063882074272	0.9985068288951123
0.0	0.20030655230344763	0.4006129702271389	0.6009192782586124	0.8012254750332456	1.001531533169793	0.015648054167314934	0.21595459901523845	0.4162610184782924	0.6165673329110887	0.8168735428267264	1.0171796298643425	0.03129601789732968	0.2316025299989942	0.4319089401518542	0.6322152602354593	0.8325214923601806	1.032827629377022	0.046943896147628984	0.24725036773971762	0.44755676284615686	0.6478630876023214	0.8481693448864456	1.0484755348146275	0.06259170025859792	0.2628981347290912	0.46320451783557576	0.6635108463635647	0.8638171231622139	1.064123358017163	0.07823943250195703	0.278545851621083	0.47885223245919367	0.6791585642770717	0.8794648496237484	1.0797711041274112	0.0	0.0	0.0	0.0	0.0	0.0	0.1996939254516989	0.19969407083700044	0.19969418197875158	0.1996942845662802	0.19969439806024655	0.1996945483262655	0.39938789400861247	0.3993881592873856	0.39938837041795017	0.3993885657418484	0.39938878086190016	0.3993890542282935	0.5990819226917957	0.5990822768490951	0.5990825679878263	0.5990828406279757	0.5990831367753987	0.5990835008719972	0.7987760112667561	0.7987764233330306	0.7987767744702252	0.7987771089272333	0.7987774656121215	0.7987778885167932	0.9984701423299056	0.9984705867665447	0.9984709866533065	0.9984713732883117	0.9984717788291624	0.9984722343085556
0.0	0.2003135891642005	0.4006270395797259	0.6009403765859166	0.8012535987434674	1.0015666776596859	0.015826417281371595	0.2161399988455845	0.416453450911593	0.6167667945791909	0.8170800303800222	1.0173931392891913	0.03165274122435738	0.23196628903889055	0.4322797315407555	0.6325930810874953	0.8329063398881578	1.0332195005367908	0.04747897696257837	0.2477924829866413	0.4481059099845932	0.6484192643917019	0.8487325492260063	1.049045764606696	0.06330513621676943	0.2636186039248876	0.46393201855432614	0.664245376883822	0.8645586819066884	1.0648719437432623	0.0791312213132413	0.2794446731825603	0.4797580854980517	0.6800714472484022	0.8803847611188254	1.0806980432716937	0.0	0.0	0.0	0.0	0.0	0.0	0.19968690986399965	0.19968706001185663	0.1996871747091581	0.19968728056309556	0.1996873977410179	0.19968755303795885	0.39937386428327865	0.39937413824586654	0.39937435612709604	0.39937455765946556	0.3993747797477124	0.399375062241678	0.5990608808354635	0.5990612465767878	0.5990615470068541	0.599061828292243	0.5990621340039453	0.5990625102289268	0.7987479592729304	0.7987483848043557	0.798748747117637	0.7987490921472834	0.7987494603105014	0.7987498972733926	0.9984350816130438	0.998435540551539	0.9984359531341225	0.9984363519568178	0.998436770501011	0.9984372410860132
0.0	0.20032070684197992	0.40064127047899495	0.6009617171210142	0.8012820452509181	1.0016022254389514	0.01600479905308828	0.21632549815169416	0.41664606355466965	0.6169665171251558	0.8172868594136962	1.0176070707153684	0.03200950180979363	0.2323301661376142	0.4326507217190778	0.6329711814031158	0.833291547500844	1.0336118123435682	0.048014113584020524	0.24833473481617557	0.4486552744280631	0.6489757391652397	0.8492961321906117	1.0496164536270338	0.06401864648503273	0.2643392281833401	0.4646597550513794	0.6649802238654261	0.865300637768441	1.0656210072234469	0.08002310289396623	0.28034366825670226	0.4806641927653156	0.6809846651345544	0.8813050881913281	1.0816254786447004	0.0	0.0	0.0	0.0	0.0	0.0	0.19967981418479946	0.19967996919157638	0.1996800875133381	0.19968019669675238	0.19968031763290275	0.19968047806847017	0.3993596744063962	0.39935995722830225	0.3993601819909177	0.3993603898511593	0.3993606190473873	0.3993609108630923	0.599039598810179	0.5990399763693471	0.5990402862699866	0.5990405763659914	0.5990408918325661	0.5990412804425437	0.7987195871348283	0.7987200264027571	0.7987204001065286	0.7987207559096543	0.7987211357781662	0.798721587095396	0.9983996208064287	0.9984000945382584	0.9984005200589844	0.9984009312994688	0.9984013631020621	0.9984018491093113
0.0	0.20032790538018766	0.40065566301115135	0.6009832999924705	0.8013108147259881	1.0016381767189122	0.01618319970017695	0.21651109719479636	0.4168388567116231	0.6171665008955223	0.817494030316288	1.0178214245727886	0.03236630008867284	0.23269416177365532	0.4330219112081881	0.6333495617461934	0.8336771158043206	1.0340045654453078	0.04854930666397939	0.24887712392366176	0.4492048569147391	0.6495325127036676	0.8498600946034043	1.0501876027410897	0.06473223193215136	0.26506000841636695	0.46538772828144026	0.6657153883056828	0.8660429917873328	1.0663705495402118	0.0809150783293579	0.28124283797183297	0.4815705554321172	0.681898219149293	0.8822258320976312	1.08255341154557	0.0	0.0	0.0	0.0	0.0	0.0	0.19967263838765634	0.19967279835039023	0.19967292036593856	0.19967303294229344	0.19967315771151528	0.19967332339442118	0.3993453243253948	0.3993456161833449	0.3993458479588558	0.39934606226710384	0.3993462987121484	0.3993466000455282	0.5990180765376305	0.5990184661500864	0.5990187857016	0.5990190847745857	0.5990194101880149	0.5990198114418865	0.7986908947487669	0.7986913480264303	0.7986917333363344	0.7986921001149369	0.7986924919173046	0.7986929578875835	0.9983637597812673	0.9983642485999107	0.9983646873024685	0.998365111192124	0.9983655565099047	0.9983660582587607
0.0	0.2003351848227156	0.400670217263388	0.6010051253303408	0.8013399073410643	1.0016745317133962	0.016361619440538346	0.21669679623679922	0.41703183068772964	0.6173667462385062	0.8177015434785199	1.01803620129406	0.032723136496411676	0.23305827642637836	0.4333933005308238	0.6337282226824714	0.8340630454070445	1.0343977604928494	0.04908455685506506	0.24941965100552124	0.4497546581843701	0.6500895857897943	0.850424437290106	1.0507592128174015	0.06544589342768371	0.2657809455371768	0.4661159392009997	0.6664508712041828	0.8667857450060127	1.067120571779349	0.08180714870564955	0.28214218345777986	0.48247717467158735	0.6828121105088801	0.8831469940971075	1.0834818432769475	0.0	0.0	0.0	0.0	0.0	0.0	0.19966538244584878	0.19966554746224022	0.19966567324131174	0.19966578927446238	0.19966591795216676	0.1996660889921273	0.3993308139871448	0.3993311150590711	0.39933135397976366	0.39933157485687715	0.3993318186926155	0.39933212974136667	0.5989963139386656	0.5989967158414563	0.5989970452251925	0.5989973534424993	0.5989976889961427	0.5989981031550805	0.798661882009939	0.7986623495724219	0.7986627467053206	0.7986631246625375	0.7986635286289074	0.7986640095535232	0.9983274984073575	0.9983280026082683	0.9983284547376934	0.998328891509166	0.9983293506006349	0.9983298684131631
0.0	0.2003425452139475	0.400684933323889	0.6010271932661762	0.8013693232705366	1.0017112906387442	0.016540058492277316	0.2168825955403072	0.4172249857894602	0.6175672535040206	0.8179093992933189	1.0182514013145079	0.033080011468835636	0.2334225105760504	0.43376489021112236	0.6341071647795951	0.8344493369198812	1.0347913981399537	0.04961986481049842	0.24996231675928174	0.4503046789783087	0.6506469592085327	0.8509891610790491	1.0513312847276293	0.06615963184200285	0.2665020404602899	0.46684438876835777	0.6671866735628258	0.8675288984699433	1.0678710750299747	0.08269931511009931	0.2830417058458927	0.4833840516588766	0.6837263404320962	0.8840685754521528	1.0844107751450105	0.0	0.0	0.0	0.0	0.0	0.0	0.19965804633237438	0.19965821650077853	0.19965834611351396	0.19965846566770243	0.19965859832986438	0.19965877483759642	0.3993161433379544	0.399316453802979	0.39931670000190483	0.39931692756945886	0.39931717893880264	0.3993174999023751	0.5989743109332868	0.5989747253650415	0.5989750647633797	0.5989753822933113	0.5989757281818955	0.5989761555093345	0.7986325488124077	0.798633030936624	0.7986334401105796	0.7986338294506737	0.7986342458127625	0.7986347419955667	0.9982908365530807	0.9982913564336608	0.9982918222363133	0.9982922721234956	0.9982927452488503	0.9982932794498065
0.0	0.2003499865987608	0.40069981128183324	0.6010495039330278	0.8013990626908046	1.0017484537138188	0.016718517073704968	0.21706849536862483	0.41741832232448534	0.6177680230436828	0.8181175981558247	1.018467025072184	0.03343692544218825	0.23378686470385177	0.43413668077463385	0.6344863886071254	0.8348359909561199	1.0351854790433197	0.05015523118413653	0.25050512188360424	0.45085492003954003	0.651204633746931	0.8515542668012077	1.0519038193465882	0.06687344804633776	0.267223294101581	0.4675730779436679	0.6679227963858669	0.8682724532274485	1.0686220603845777	0.0835915786310404	0.2839414062690956	0.4842911875712085	0.6846409101402962	0.8849905774282415	1.0853402084595254	0.0	0.0	0.0	0.0	0.0	0.0	0.1996506300199487	0.19965080543936625	0.19965093895630448	0.1996510620961553	0.19965119881931018	0.19965138090652781	0.39930131232356736	0.3993016323619861	0.39930188597295074	0.3993021203532277	0.3993023794001155	0.3993027104797054	0.598952067440648	0.5989524946415566	0.598952844237892	0.5989531712497029	0.5989535276693104	0.5989539684309375	0.7986028950491014	0.7986033920137696	0.798603813448026	0.7986042143763694	0.7986046433674506	0.7986051551148448	0.9982537740853968	0.9982543099449702	0.998254789668513	0.9982552529065253	0.9982557403276441	0.9982562912444594
0.0	0.20035750902252558	0.4007148512273922	0.6010720574654449	0.8014291257802739	1.001786021159999	0.01689699540332888	0.217254495985746	0.41761184060166356	0.6179690552108016	0.8183261404633769	1.018683073007852	0.0337938788531076	0.23415133929185178	0.4345086727482955	0.6348658947365128	0.8352230081314465	1.0355800038625558	0.05069065663043253	0.25104806707824195	0.4514053821126394	0.6517626101941294	0.8521197552901538	1.052476817552203	0.06758734291272302	0.26794470737822795	0.46830200768888475	0.6686592406798632	0.8690164103296592	1.0693735289389648	0.08448394035782758	0.2848412858618321	0.485198583587824	0.6855558208573518	0.8859130012938694	1.08627014453379	0.0	0.0	0.0	0.0	0.0	0.0	0.1996431334810065	0.19964331425107473	0.1996434517431467	0.19964357853366252	0.19964371939490244	0.19964390717431368	0.3992863208891655	0.399286650682432	0.39928691183998344	0.3992871531559647	0.39928742002535467	0.39928776142389694	0.5989295833790584	0.5989300235908505	0.5989303835695777	0.5989307202334615	0.5989310873815203	0.5989315418452632	0.7985729206118191	0.7985734326974381	0.7985738666124015	0.7985742793354604	0.7985747211903511	0.7985752488112731	0.9982163108698501	0.9982168630096361	0.9982173569030138	0.9982178337281867	0.9982183357086127	0.9982189036713776
0.0	0.20036511253110714	0.4007300532517351	0.6010948539994816	0.8014595127193658	1.001823993201192	0.017075493699871096	0.2174405976563744	0.4178055409310644	0.6181703503604026	0.8185350266155416	1.0188995455650183	0.034150872138663864	0.23451593482304847	0.4348808666604739	0.6352456837411419	0.83561038906399	1.035974973260229	0.05122614180449276	0.2515911530440996	0.4519560659438344	0.6523208893414233	0.8526856273821234	1.0530502802255775	0.06830131731406883	0.268666281208784	0.46903117896783864	0.6693960074537497	0.8697607708305918	1.0701254817923416	0.08537640138091254	0.2857413457601433	0.4861062408900613	0.6864710738097345	0.886835848320638	1.0872005846847195	0.0	0.0	0.0	0.0	0.0	0.0	0.19963555668769978	0.19963574290868355	0.1996358844472064	0.1996360149537636	0.19963616003073392	0.19963635361603724	0.3992711689793647	0.3992715087100741	0.3992717775494917	0.3992720259248489	0.3992723007627117	0.3992726526848727	0.5989068586659767	0.5989073121318996	0.5989076826783983	0.598908029165475	0.5989084072407481	0.5989088756767645	0.7985426253912224	0.7985431528800467	0.798543599497267	0.7985440242225871	0.7985444791776344	0.798545022983545	0.9981784467705593	0.9981790154936468	0.9981795238070647	0.9981800144569215	0.9981805312618466	0.9981811166032957
0.0	0.20037279717086687	0.4007454174470308	0.6011178936726993	0.80149022369052	1.0018623700638383	0.01725401218225911	0.21762680064591527	0.4179994236239609	0.6183719088492213	0.8187442570141058	1.0191164431899247	0.03450790573634115	0.23488065178135134	0.43525326304094825	0.6356257561963153	0.8359981343743077	1.0363703879018502	0.05176168736204833	0.252134380483206	0.4525069722809777	0.6528794719822383	0.853251883915991	1.0536242082509684	0.06901537212412455	0.26938801651314204	0.46976059274620063	0.6701330977188069	0.8705055357871156	1.0708779200472798	0.08626896279180793	0.28664158710163223	0.48701416066132175	0.6873866702264815	0.8877591197832215	1.0881315302328147	0.0	0.0	0.0	0.0	0.0	0.0	0.19962789961189714	0.19962809138468005	0.19962823704135113	0.19962837132969571	0.19962852070059153	0.19962872020647257	0.3992558565382141	0.39925620639008685	0.39925648304737016	0.3992567386064571	0.3992570215597687	0.399257384211939	0.5988838932180096	0.5988843601828079	0.5988847414834264	0.5988850979657311	0.5988854871683058	0.5988859698489727	0.7985120092768341	0.7985125524528495	0.7985130119950022	0.798513448931193	0.798513917224261	0.7985144775291306	0.9981401816502158	0.9981407672615372	0.9981412902464397	0.998141794959679	0.9981423268559283	0.9981429299114255
0.0	0.2003805629886619	0.4007609439064466	0.601141176624166	0.8015212588781938	1.0019011519769074	0.0174325510696314	0.21781310522048059	0.4181934889928342	0.6185737310357078	0.8189538320630814	1.0193337663315536	0.034864980084047856	0.23524549065159117	0.43562586242092033	0.636006112679263	0.8363862446853936	1.0367662484558824	0.0522972939594716	0.2526777500987299	0.4530581018735629	0.6534383589121446	0.8538185257332848	1.0541986025158006	0.06972950821750096	0.27010991421255665	0.4704902499915041	0.67087051248868	0.8712507062589726	1.0716308448097367	0.0871616256831113	0.28754201102548743	0.4879223440870923	0.6883026113392182	0.8886828169593887	1.0890629825021825	0.0	0.0	0.0	0.0	0.0	0.0	0.19962016222518483	0.1996203596512602	0.1996205094981513	0.1996206476343946	0.1996208013779572	0.1996210069200854	0.3992403835091975	0.3992407436670636	0.3992410282789212	0.39924129114676565	0.3992415823635003	0.3992419559537875	0.5988606869509138	0.5988611676608081	0.5988615599028488	0.5988619265533198	0.5988623270845979	0.5988628242845003	0.7984810721570408	0.7984816313059402	0.7984821039968076	0.7984825533535286	0.7984830352239856	0.7984836123442804	0.998101515370087	0.9981021181763925	0.9981026560854429	0.9981031751019214	0.9981037223579377	0.998104343465461
0.0	0.2003884100318475	0.40077663272415376	0.6011647029944635	0.8015526184688714	1.0019403391719122	0.017611110581345228	0.21799951164689924	0.4183877373513864	0.6187758172800413	0.8191637521687221	1.0195515154416468	0.03522209562013291	0.23561045191953883	0.43599866533303494	0.6363867537691653	0.8367747206227039	1.037162555593769	0.05283296225380188	0.25322126259500805	0.4536094554727545	0.6539975509288899	0.8543855536782206	1.0547734639107038	0.0704437264697055	0.2708319752296813	0.4712201516731841	0.6716082527794218	0.871996283308822	1.0723842571891027	0.08805439114854471	0.288442618672525	0.48883079235499	0.6892188983822046	0.8896069411300515	1.0899949428205877	0.0	0.0	0.0	0.0	0.0	0.0	0.19961234449886453	0.1996125476803266	0.19961270178987803	0.19961284384049258	0.19961300203600613	0.19961321373103139	0.3992247498352295	0.3992251204850123	0.39922541318885096	0.3992256834911463	0.3992259831202695	0.3992263678584908	0.5988372397795908	0.5988377344822566	0.5988381378539605	0.5988385148464277	0.5988389269091147	0.5988394389050355	0.7984498139190853	0.7984503893282447	0.7984508753926978	0.7984513373806432	0.7984518330693486	0.7984524273240179	0.9980624477900071	0.9980630680998386	0.9980636211868984	0.9980641547476139	0.9980647176334424	0.9980653571335686
0.0	0.20039633834827725	0.40079248399532674	0.6011884729256866	0.8015843026510631	1.0019799318829061	0.017789690936965814	0.2181860201927061	0.41858216901452927	0.6189781679441192	0.8193740177395124	1.0197696909746934	0.03557925278336429	0.2359755360718834	0.4363716723113585	0.6367676800471314	0.8371635628141352	1.0375593099899103	0.05336869290271094	0.25376491867751055	0.4541610338313536	0.6545570488323644	0.8549529685976675	1.0553487933294772	0.07115802775709584	0.27155420048852197	0.4719502987625312	0.6723463196094459	0.8727422680021928	1.073138158298153	0.08894726028290874	0.2893434111851423	0.4897395066547158	0.690135532592289	0.8905314935792186	1.0909274125194057	0.0	0.0	0.0	0.0	0.0	0.0	0.19960444640395403	0.19960465544348902	0.19960481388850387	0.1996049599203192	0.19960512264760744	0.19960534061315702	0.3992089554586565	0.3992093367873569	0.39920963772127044	0.3992099155843679	0.39921022377582954	0.399210619873505	0.598813551618088	0.5988140605626348	0.5988144752531663	0.59881486276234	0.5988152865604356	0.5988158136313446	0.7984182344490687	0.7984188264075232	0.7984193260715035	0.7984198009023885	0.7984203106516802	0.7984209223621422	0.9980229787683794	0.998023616892045	0.9980241854121532	0.9980247337592281	0.9980253125465013	0.9980259707823912
0.0	0.20040434798630513	0.4008084978161484	0.6012124865614508	0.8016163116153148	1.0020199303464965	0.01796829235628967	0.21837263112616773	0.41877678429841236	0.6191807833915871	0.8195846291861995	1.0199882933879652	0.03593645201297381	0.2363407435962794	0.436744883891428	0.6371488920962499	0.8375527718900776	1.0379565123217205	0.05390448656457074	0.25430871905291097	0.4547128377038696	0.6551168534246752	0.8555207713412241	1.055924591669168	0.07187241295696596	0.27227659091452544	0.47268069223278136	0.6730847139996187	0.8734886614075792	1.073892549253145	0.08984023418217175	0.29024438970740923	0.4906484881781477	0.6910525152090035	0.8914564755940934	1.0918603929337227	0.0	0.0	0.0	0.0	0.0	0.0	0.19959646791118518	0.19959668291206245	0.1995968457657009	0.1995969958458996	0.1995971631853224	0.1995973875399975	0.3991930003212529	0.3991933925169335	0.39919370181969205	0.3991939873705926	0.3991943042753201	0.3991947119456653	0.598789622379593	0.5987901458165431	0.5987905720159761	0.5987909702174352	0.5987914059562232	0.5987919483832661	0.798386333631943	0.7983869424303622	0.7983874559208639	0.7983879438074102	0.7983884678610921	0.7983890973512218	0.9979831081621672	0.9979837644117152	0.9979843486210683	0.9979849119977328	0.9979855069596556	0.9979861842770389
0.0	0.20041243899478445	0.40082467428380725	0.6012367440468882	0.801648645554203	1.0020603348018362	0.018146915059322147	0.21855934471625854	0.41897158352039776	0.6193836639878127	0.8197955869217659	1.020207323141487	0.036293693748614984	0.23670607498130328	0.4371183006102067	0.6375303905015441	0.8379423484833677	1.038354163269578	0.05444034389838707	0.25485266442901827	0.45526486784645154	0.6556769655100755	0.8560889627611465	1.0565008598299985	0.07258688294746714	0.2729991474344987	0.47341133305903466	0.6738234369731769	0.8742354645963557	1.0746474311737322	0.09073331394339203	0.2911455553849894	0.4915577381192607	0.6919698474744823	0.89238188846499	1.0927938854022505	0.0	0.0	0.0	0.0	0.0	0.0	0.1995884089910057	0.1995886300570689	0.1995887973928424	0.19958895158895615	0.19958912362140618	0.1995893544847788	0.3991768843642246	0.3991772876159934	0.39917760542703296	0.3991778987933795	0.3991782245632712	0.39917864402119013	0.5987654519764389	0.598765990157707	0.5987664280570091	0.5987668371271905	0.5987672850132286	0.5987678430797172	0.7983541113515175	0.7983547372821822	0.7983552648272345	0.7983557659831564	0.7983563045864861	0.7983569521826013	0.9979428358269019	0.9979435105160958	0.9979441106720276	0.9979446893226034	0.9979453007339383	0.9979459974810989
0.0	0.20042061142307196	0.40084101349650575	0.6012612455286594	0.8016813046623509	1.0021011454906448	0.018325559266304036	0.21874616123269153	0.419166566999095	0.619586810099924	0.8200068913614721	1.0204267806980831	0.03665097843041286	0.2370715307165072	0.4374919230061413	0.6379121758500325	0.8383322932293541	1.0387522635168955	0.05497626556388275	0.2553967555148643	0.4558171250169788	0.6562373858950604	0.8566575437124481	1.0570775987154688	0.07330143860770459	0.2737218709767097	0.4741422222183595	0.6745624895558359	0.8749826786428894	1.0754028051830806	0.09162650066481862	0.29204690936524436	0.4924672576742349	0.6928875306335742	0.8933077334854507	1.0937278912674473	0.0	0.0	0.0	0.0	0.0	0.0	0.19958026961357542	0.1995804968492337	0.19958066874099956	0.19958082712090494	0.19958100392780462	0.19958124142041425	0.3991606075282017	0.3991610220261967	0.39916134848560797	0.39916164979567753	0.39916198458359586	0.3991624160456741	0.5987410403200935	0.5987415934989657	0.5987420432899839	0.5987424634061709	0.5987429236472817	0.5987434976386825	0.7983215674904449	0.7983222108472231	0.7983227526758724	0.7983232673158628	0.7983238207155391	0.7983244867463875	0.9979021616166653	0.997902855060958	0.99790347142192	0.9979040655918043	0.9979046937288566	0.9979054102566179
0.0	0.20042886532102538	0.4008575155534554	0.601285991154947	0.8017142891364183	1.002142362657196	0.018504225197692615	0.2189330809458968	0.41936173505433705	0.6197902220967834	0.8202185429228273	1.0206466665233462	0.037008306498930076	0.2374371112923827	0.43786575161912383	0.6382942487306882	0.8387226067658535	1.0391508137500731	0.05551225222143703	0.25594099302064066	0.45636960997499604	0.6567981153882984	0.8572265150528277	1.057654809232284	0.07401608081767395	0.27444476247082145	0.4748733606897245	0.6753018727757184	0.8757303046244669	1.076158672407793	0.09251979544582735	0.29294845279716786	0.49337704804138727	0.6938055659337711	0.8942340119521712	1.0946624118754413	0.0	0.0	0.0	0.0	0.0	0.0	0.19957204974876935	0.19957228325898851	0.19957245978094404	0.19957262241285886	0.199572804076157	0.1995730483195076	0.3991441697532441	0.3991445956886174	0.39914493093713554	0.39914524031983173	0.3991455842795967	0.3991460279640942	0.5987163873211676	0.5987169557522808	0.5987174176277271	0.5987178489680388	0.5987183217732993	0.5987189119772238	0.7982887019302325	0.7982893630085554	0.7982899193508479	0.7982904476905649	0.7982910161347159	0.7982917009314621	0.9978610853841042	0.9978617979006126	0.997862430726154	0.9978630406618036	0.997863685802407	0.997864422464117
0.0	0.20043720073900692	0.40087418055488355	0.6013109810754645	0.8017475991751152	1.0021839865483342	0.01868291307418094	0.2191201041270443	0.41955708800720637	0.6199939003490167	0.820430542025622	1.0208669810856732	0.03736567839520051	0.23780281720039767	0.4382397869905313	0.638676609734482	0.8391132897331977	1.0395498146585491	0.0560483045321418	0.25648537765775814	0.45692232348177564	0.6573591548006974	0.8577958776427401	1.0582324922904258	0.07473081045831835	0.27516782284795216	0.47560474945406184	0.6760415876634219	0.8764783436213642	1.0769150339779816	0.09341319938698217	0.2938501868314497	0.49428711042123896	0.6947239546252792	0.8951607251650756	1.095597448576108	0.0	0.0	0.0	0.0	0.0	0.0	0.19956374936617458	0.19956398925646832	0.19956417048314543	0.19956433743562474	0.19956452403779343	0.19956477515435017	0.3991275709788359	0.39912800854373776	0.3991283527227319	0.39912867030757715	0.39912902359395996	0.3991294797208045	0.5986914928894067	0.5986920768287276	0.5986925509821646	0.5986929937255452	0.5986934793052779	0.5986940860114717	0.7982555145512304	0.7982561936480689	0.7982567647350335	0.7982573069910865	0.7982578907292575	0.7982585946254701	0.9978196069804152	0.9978203388878952	0.9978209884386435	0.997821614387559	0.9978222768110614	0.997823033962578
0.0	0.2004456177278836	0.40089100860203436	0.601336215441459	0.8017812349792035	1.0022260174134765	0.01886162311668796	0.21930723104803423	0.4197526261800257	0.6201978452290046	0.8206428890919203	1.0210877248562562	0.03772309456071479	0.23816864893298206	0.4386140296632121	0.6390592594543695	0.8395043427742199	1.0399492669347858	0.05658442315777855	0.25702991013882387	0.45747526630029534	0.6579205049453829	0.8583656323453736	1.0588106488031321	0.07544562841151309	0.2758910530406602	0.47633638949425233	0.6767816352520037	0.8772267967168322	1.0776718910272542	0.09430671359002239	0.29475211262046364	0.49519744601650323	0.6956426979610071	0.8960878744273038	1.0965330027230582	0.0	0.0	0.0	0.0	0.0	0.0	0.19955536843509036	0.19955561481151154	0.19955580081777113	0.19955597215970336	0.19955616378373492	0.19955642189692113	0.39911081114388536	0.39911126053144874	0.39911161378291143	0.3991119397000396	0.39911230246875606	0.3991127712595357	0.598666356933691	0.5986669566384958	0.598667443264322	0.5986678975905301	0.5986683961562934	0.5986690196566256	0.7982220052326324	0.7982227026464734	0.7982232887101043	0.7982238451000411	0.7982244443831824	0.7982251677148212	0.9977777262553457	0.9977784778741671	0.9977791444118088	0.997779786622519	0.9977804666097682	0.9977812446094447
0.0	0.20045411633902785	0.4009079997971696	0.6013616944057113	0.8018151967514984	1.0022684555046144	0.019040355546367457	0.21949446198150654	0.419948349896368	0.6204020571108924	0.8208555845460692	1.0213088983090945	0.038080555437432995	0.23853460698354123	0.43898848018149966	0.6394421984853039	0.8398957665342697	1.0403491712742852	0.057120608760834905	0.2575745911776585	0.4580284391952557	0.6584821666377152	0.8589357800266678	1.0593892796869147	0.07616053556007696	0.276614453982956	0.4770682817951381	0.6775220165769936	0.8779756649971101	1.078429244692728	0.09520033915787311	0.29565423131827817	0.4961080560320967	0.696561797196577	0.8970154610452242	1.0974690756736514	0.0	0.0	0.0	0.0	0.0	0.0	0.19954690692452814	0.19954715989366004	0.1995473507546866	0.19954752655528987	0.19954772328469358	0.19954798851888758	0.399093890186725	0.39909435159104983	0.3990947140575867	0.3990950484377357	0.3990954208454398	0.39909590252339666	0.598640979362035	0.598641595090889	0.598642094384325	0.5986425604739228	0.5986430722385019	0.598643712826955	0.7981881738524754	0.7981888898832985	0.7981894911565379	0.7981900618988312	0.7981906769792871	0.79819142008469	0.9977354430571939	0.9977362147093151	0.9977368984965764	0.997737557218623	0.9977382550519529	0.9977390542606237
0.0	0.20046269662431979	0.4009251542435734	0.6013874181225435	0.8018494846968778	1.0023113010763254	0.019219110584615604	0.2196817972008506	0.4201442594810683	0.6206065363706047	0.8210686288147161	1.0215305019210124	0.03843806146780332	0.23890069184647658	0.4393631390912352	0.6398254274242627	0.8402875616612396	1.0407495283756178	0.057656862004537374	0.258119421489331	0.45858184293311705	0.6590441406953291	0.8595063215553558	1.0599683858616027	0.07687553278781896	0.2773380266103507	0.477800427343573	0.678262732676447	0.8787249495514801	1.079187096115086	0.09609407719470027	0.2965565440807136	0.4970189416751985	0.6974812535903867	0.8979434863284971	1.0984056687890604	0.0	0.0	0.0	0.0	0.0	0.0	0.1995383648032098	0.1995386244721573	0.19953882026345343	0.19953900059227178	0.19953920251107096	0.19953947499160296	0.39907680804510787	0.3990772816612454	0.39907765348606483	0.3990779964605693	0.3990783786648471	0.3990788734548701	0.598615360081583	0.5986159920943198	0.5986165042513943	0.5986169822857373	0.5986175074631344	0.5986181654357944	0.7981540202876326	0.7981547552368863	0.798155371953608	0.7981559572676425	0.7981565883991389	0.7981573516190091	0.9976927572327996	0.9976935492417426	0.9976942505423706	0.997694926026293	0.9976956419895096	0.9976964627704754
0.0	0.20047135863614626	0.4009424720455502	0.6014133867478157	0.8018840990222782	1.0023545543857677	0.01939788845305866	0.219869236980192	0.42034035526020974	0.6208112833858302	0.8212820223267918	1.0217525361716417	0.03879561309473517	0.2392669040171578	0.4397380069397392	0.6402089468702168	0.8406797288055349	1.041150338940391	0.05819318355280485	0.258664401790111	0.45913547828205103	0.6596064279380844	0.8600772578029129	1.060547968250291	0.07759062097947812	0.27806177185979497	0.4785328271283607	0.679003784590882	0.8794746514722036	1.0799454464385123	0.09698792880584364	0.29745905206527395	0.4979301041551815	0.6984010684035393	0.8988719515900034	1.0993427834341998	0.0	0.0	0.0	0.0	0.0	0.0	0.19952974203956897	0.19953000851594999	0.19953020931333096	0.19953039424023067	0.19953060143295964	0.1995308812861087	0.3990595646562106	0.3990600506801478	0.39906043200705094	0.3990607837078348	0.3990611758671981	0.3990616839958165	0.5985894989986126	0.5985901475563139	0.5985906727738496	0.5985911629350762	0.5985917017405018	0.5985923773955475	0.7981195444138189	0.7981202985843977	0.7981209309793899	0.7981215310854495	0.7981221785230829	0.7981229622004762	0.9976496686275516	0.9976504813183773	0.9976512003971209	0.997651892894441	0.9976526272728088	0.9976534699918225
0.0	0.20048010242740405	0.40095995330843126	0.6014396004389356	0.8019190399367068	1.0023982156926954	0.019576689373567765	0.22005678159441044	0.4205366375611442	0.6210162985360452	0.8214957655135376	1.0219750015434526	0.03915321076163129	0.239633243991958	0.4401130842758493	0.6405927574241714	0.8410722686201169	1.0415516036732961	0.058729574070301487	0.259209532797525	0.4596893460119994	0.6601690291881273	0.8606485896436213	1.061128027779408	0.07830580102079297	0.2787856906697517	0.4792654821403301	0.6797451733633569	0.8802247718546022	1.0807042968107765	0.0978818950978995	0.29836175643123297	0.49884154468370073	0.6993212428999344	0.8998008581459392	1.100280420977823	0.0	0.0	0.0	0.0	0.0	0.0	0.19952103860174847	0.19952131199368522	0.19952151787327368	0.19952170746843956	0.1995219200201406	0.19952220737313162	0.39904215995662806	0.39904265858527216	0.39904304955864256	0.3990434101182122	0.3990438123920922	0.39904433408746853	0.5985633960185275	0.5985640613835027	0.598564599859102	0.5985651023301236	0.5985656549799877	0.5985663486176803	0.798084746105581	0.7980855198018019	0.7980861681107508	0.7980867832300055	0.7980874472302315	0.7980882517105437	0.9976061770853746	0.9976070107846583	0.9976077479072494	0.9976084576704575	0.9976092107506856	0.9976100757759377
0.0	0.20048892805149976	0.40097759813857414	0.6014660593548581	0.8019543076512414	1.002442285259458	0.01975551356825488	0.22024443131913551	0.42073310671248804	0.6212215822025094	0.8217098588085011	1.0221978985217473	0.03951085491237705	0.23999971226824282	0.44048837164990945	0.6409768596891561	0.8414651817604927	1.0419533232820966	0.05926603422242109	0.2597548152303404	0.4602434468946583	0.6607319452698747	0.861220317954555	1.0617085653786993	0.0790210737984792	0.2795097839801732	0.4799983933723127	0.6804869000394488	0.880975311797035	1.08146364838321	0.09877597717869002	0.29926465833960286	0.4997532644746624	0.7002417783462375	0.9007302073157847	1.1012185827924907	0.0	0.0	0.0	0.0	0.0	0.0	0.19951225445760087	0.19951253487371123	0.19951274591193185	0.19951294024586366	0.19951315824208418	0.19951345322308484	0.3990245938823744	0.39902510531353735	0.3990255060783312	0.39902587562976805	0.39902628817850955	0.39902682367043313	0.5985370510458585	0.5985377334816246	0.5985382854136566	0.5985388003781472	0.5985393670900498	0.5985400790127232	0.7980496252362993	0.7980504187638785	0.7980510832233519	0.7980517135778454	0.7980523943984676	0.7980532200294216	0.9975622824487321	0.9975631374845385	0.9975638929176739	0.9975646202002132	0.9975653922704426	0.9975662799725472
0.0	0.20049783556235065	0.4009954066433646	0.6014927636560874	0.8019899023790331	1.0024867633510044	0.0199343612594796	0.22043218643075435	0.42092976304413066	0.621427134768275	0.8219243026475452	1.0224212275946718	0.03986854599135403	0.24036630934438477	0.4408638696137849	0.6413612542702393	0.8418584688847305	1.042355498477645	0.05980256467530172	0.2603002498085806	0.460797781703494	0.6612951770100307	0.8617924436155955	1.0622895819812457	0.07973644020025274	0.28023405273252505	0.4807315618191669	0.6812289656672771	0.8817262724009242	1.0822235023107327	0.09967017615729619	0.30016775895316816	0.5006652647442582	0.7011626760119146	0.9016600004223392	1.1021572702546074	0.0	0.0	0.0	0.0	0.0	0.0	0.19950338957468824	0.1995036771240771	0.19950389339765132	0.19950409254116022	0.19950431606794977	0.19950461880606754	0.3990068663688827	0.39900739080126585	0.3990078015030018	0.3990081801799555	0.3990086031648106	0.3990091526846908	0.5985104639842633	0.5985111637555247	0.5985117293431109	0.5985122569854974	0.5985128379782202	0.5985135684902706	0.798014181678187	0.7980149953442172	0.7980156761916478	0.7980163220042852	0.7980170199044437	0.7980178670360772	0.9975179845586253	0.9975188612604838	0.9975196352718068	0.9975203803280595	0.997521171677849	0.9975220824298294
0.0	0.2005068250143874	0.4010133789312219	0.6015197135046856	0.8020258243353173	1.0025316502348955	0.020113232669852935	0.220620047206418	0.42112660688724346	0.6216329566181985	0.8221390974688629	1.0226449892532319	0.040226284443450375	0.24073303571977625	0.44123957872087777	0.6417459417745475	0.842252130653481	1.042758129973907	0.06033916609584573	0.26084583725354804	0.46135235121376844	0.6618587252376148	0.8623649675094636	1.0628710785234958	0.08045190111484807	0.28095849786980714	0.48146498847780167	0.681971371297531	0.8824776547707834	1.082983859751884	0.10056449314407677	0.30107105943650725	0.5015775467109898	0.7020839371692593	0.9025902387917507	1.103096484744453	0.0	0.0	0.0	0.0	0.0	0.0	0.19949444392027985	0.19949473871253048	0.19949496029847125	0.1994951643226763	0.1994953934665837	0.19949570409186296	0.39898897735100053	0.398989514984179	0.3989899357689283	0.3989903237056097	0.39899075728873223	0.39899132106959173	0.5984836347365199	0.598484352109148	0.5984849315521492	0.5984854720576012	0.5984860675510985	0.5984868169589745	0.7979784153022812	0.797979249415208	0.7979799468888776	0.797980608383413	0.7979813236235739	0.7979821926082268	0.9974732832545818	0.9974741819534625	0.9974749748115442	0.997475737896817	0.9974765488171308	0.9974774829944055
0.0	0.20051589646255305	0.4010315151115969	0.6015469090642691	0.8020620737374095	1.0025769461812994	0.02029212802223317	0.22080801392403623	0.4213236385742735	0.6218390481389329	0.8223542437129687	1.022869183991284	0.04058407071404883	0.2410998918948164	0.44161549952611306	0.6421309228112491	0.8426461677299613	1.0431612184879429	0.060875839151701513	0.26139157828780474	0.46190715620251854	0.6624225907839397	0.862937890521696	1.0634530559452424	0.08116745743200385	0.281683120336538	0.4821986743471598	0.682714117983451	0.8832294600141998	1.0837447218688026	0.10145892925065197	0.3019745609559748	0.5024901115956493	0.7030055630933726	0.9035209237534956	1.1040362276461608	0.0	0.0	0.0	0.0	0.0	0.0	0.1994854174613538	0.1994857196065193	0.1994859465821259	0.1994861555584505	0.19948639040652102	0.19948670904993993	0.39897092676299284	0.3989714777974004	0.3989719088117772	0.39897230614295154	0.39897275048739067	0.398973328763859	0.5984565632045307	0.598457298445544	0.5984578919445467	0.5984584454989672	0.5984590557143573	0.5984598243265499	0.7979423259784494	0.7979431808480489	0.7979438951870721	0.7979445725880963	0.79794530543004	0.7979461966223418	0.9974281783746638	0.9974290994029527	0.9974299113772747	0.9974306927477845	0.9974315235309787	0.9974324815113473
0.0	0.20052504996230627	0.4010498152949782	0.6015743505000184	0.8020986508047172	1.0026226514630066	0.02047104753973195	0.22099608686228683	0.42152085843895604	0.6220454097189436	0.822569741822717	1.0230938123055564	0.040941905249040504	0.24146687837092806	0.44199163258595847	0.6425161979915781	0.8430405807799799	1.043564764739937	0.06141258451128265	0.2619374736351942	0.4624621974485815	0.6629867744826403	0.8635112135406766	1.0640355151896568	0.08188311004248122	0.28240792107877616	0.4829326204282423	0.6834572067808564	0.8839816892418634	1.0845060898272605	0.10235348558993082	0.3028782646797323	0.5034029606213538	0.7039275550621996	0.9044520566404173	1.1049765003477598	0.0	0.0	0.0	0.0	0.0	0.0	0.19947631016459433	0.19947661977318912	0.19947685221604192	0.19947706621621036	0.19947730685598286	0.19947763364945056	0.3989527145385369	0.3989532791754506	0.39895372056660194	0.39895412742758224	0.39895458269727685	0.39895517570558364	0.5984292492893151	0.5984300026668593	0.5984306104231623	0.5984311772131777	0.5984318023727345	0.5984325904997668	0.7979059135753785	0.7979067895127344	0.7979075209570423	0.797908214489971	0.7979089651967826	0.7979098789536397	0.9973826697554543	0.9973836134469294	0.9973844448078654	0.9973852447207258	0.9973860956605358	0.9973870778241649
0.0	0.2005342855696203	0.4010682795928903	0.601602037978675	0.8021355557587371	1.0026687663554252	0.020649991445717896	0.2211842663006182	0.4217182668163158	0.622252041748509	0.8227855922433019	1.0233188746956476	0.041299788494833234	0.2418339956505651	0.4423679784584307	0.6429017679288392	0.8434353704719421	1.043968769453202	0.06194940284378253	0.26248352402085545	0.46301747573260765	0.6635512771696848	0.8640849374576475	1.0646184572032984	0.08259885983808955	0.283132901044145	0.4836668277241324	0.6842006387481683	0.8847343435675895	1.0852679647966836	0.10324816327613216	0.30378217177776784	0.5043160950135638	0.7048499143565475	0.9053836387887433	1.105917304241191	0.0	0.0	0.0	0.0	0.0	0.0	0.19946712199639327	0.19946743917938442	0.19946767716733987	0.19946789626337402	0.1994681427828782	0.19946847785923183	0.3989343406107253	0.3989349190522501	0.3989353709678465	0.39893578749448655	0.39893625385425946	0.398936861832228	0.5984016928910137	0.598402464674342	0.598403086889943	0.5984036671028939	0.5984043074300381	0.5984051153844557	0.7978691779605813	0.7978700752780618	0.7978708240683867	0.7978715339594484	0.7978723027955059	0.79787323947609	0.9973367572320655	0.9973377239218723	0.9973385749406705	0.9973393936538776	0.9973402650454055	0.9973412717748146
0.0	0.20054360334098514	0.4010869081178979	0.6016299716685474	0.8021727888230616	1.0027152911365906	0.02082895996381496	0.22137255251924956	0.4219158640426698	0.6224589446197243	0.823001795422263	1.0235443716640351	0.041657720898345824	0.24220124423720854	0.44274453770309363	0.643287633238408	0.8438305374768511	1.0443732333541806	0.062486294819161514	0.2630297301712118	0.46357299183705103	0.6641160996833677	0.8646590631667034	1.0652018829361112	0.08331470771166309	0.28385806118181117	0.48440129723997555	0.6849444149463916	0.8854874241083026	1.0860303479501374	0.10414296342477007	0.30468628342188364	0.5052295160000723	0.7057726422600767	0.9063156715380787	1.1068586407223018	0.0	0.0	0.0	0.0	0.0	0.0	0.19945785292284865	0.1994581777916474	0.1994584214028329	0.19945864566704874	0.19945889815480242	0.1994592416478043	0.3989158049120626	0.39891639736111634	0.39891685994934206	0.39891728627803	0.39891776389358236	0.39891838708062305	0.5983738939088842	0.5983746843683369	0.5983753212459199	0.5983759150698513	0.5983765707891424	0.5983773988855032	0.7978321190003901	0.7978330380116253	0.797833804389485	0.7978345308657095	0.7978353180966739	0.7978362780624088	0.9972904406381303	0.997291430662758	0.9972923016115236	0.9972931393839427	0.9972940315236445	0.9972950632036923
0.0	0.20055300333340945	0.4011057009836094	0.6016581517395171	0.802210350223388	1.0027622260871754	0.021007953317913244	0.22156094579918403	0.4221136504556416	0.6226661187265187	0.8232183518095042	1.0237703037160946	0.0420157029070317	0.24256862463539225	0.443121310881086	0.6436737945377597	0.84422608246834	1.0447781571724803	0.06302326110818704	0.26357609281401295	0.46412874654621367	0.6646812428643558	0.8652335915648393	1.065785793341473	0.08403065455711685	0.28458340244254243	0.48513602998303945	0.6856885364391767	0.8862409319840998	1.0867932404643919	0.1050378871527086	0.3055906007857525	0.5061432248110634	0.7066957400593611	0.9072481562314678	1.10780051119091	0.0	0.0	0.0	0.0	0.0	0.0	0.1994485029097631	0.19944883557621643	0.19944908488902524	0.19944931439402955	0.19944957293903595	0.19944992498337058	0.39889710737446277	0.39889771403476093	0.3988981874443046	0.39889862371195633	0.3988991127498616	0.39889975138696554	0.5983458522412964	0.5983466616482814	0.5983473133912033	0.5983479210148556	0.5983485923519833	0.5983494409068482	0.797794736559951	0.797795677579811	0.7977964617874927	0.7977972050766993	0.7977980109695036	0.7977989945840536	0.9972437198057962	0.9972447335030538	0.9972456246547314	0.9972464817460832	0.9972473949317563	0.9972484519496271
0.0	0.20056248560442133	0.40112465830467897	0.6016865783630408	0.8022482401875204	1.0028095714904919	0.021186971732163183	0.2217494464222032	0.4223116263941572	0.6228735644646511	0.8234352618572903	1.0239966713600983	0.0423737349688659	0.24293613735069045	0.44349829855510936	0.6440602524464593	0.8446220061226606	1.045183541640863	0.06356030238241135	0.26412261267831344	0.46468474064622434	0.6652467075556677	0.8658085235519308	1.0663701893761768	0.08474670126941772	0.28530892577867933	0.4858710269626862	0.6864330042927927	0.8869948683182245	1.0875566435198964	0.10593293557813546	0.30649512504489207	0.5070572226790876	0.7076192090438633	0.9081810942153706	1.1087429170507805	0.0	0.0	0.0	0.0	0.0	0.0	0.19943907192264382	0.1994394124990259	0.19943966759211215	0.19943990241079923	0.19944016710254425	0.19944052783381552	0.398878247929249	0.39887886900528957	0.3988793533853344	0.39887979972938703	0.3988803003570858	0.3988809546868182	0.5983175677857326	0.5983183964127058	0.5983190632249833	0.5983196848377829	0.5983203720195591	0.5983212413514812	0.7977570305032238	0.7977579938477952	0.7977587961283408	0.7977595564591266	0.7977603812819662	0.7977613889112234	0.9971965945657237	0.9971976322747159	0.9971985439030725	0.9971994205739202	0.9972003551046912	0.9972014378498805
0.0	0.20057205021206773	0.40114378019680463	0.6017152517121485	0.802286458945367	1.0028573276324901	0.021366015430978665	0.22193805467086974	0.4225097921984466	0.6230812822317116	0.8236525260202475	1.0242234751072141	0.04273181753235241	0.24330378288972448	0.4438755012894343	0.6444470075861652	0.8450183091186885	1.0455893874952484	0.06409741931418247	0.2646692904944828	0.4652409749250483	0.6658124946026825	0.8663838600307424	1.0669550720004377	0.08546284874459664	0.28603463214414665	0.4866062891903831	0.6871778195761372	0.8877492342370756	1.0883205583007882	0.10682810982057617	0.3073998573766784	0.5079715108390737	0.7085430505059473	0.9091144868396738	1.1096858597096368	0.0	0.0	0.0	0.0	0.0	0.0	0.1994295599267036	0.19942990852570738	0.19943016947798115	0.19943040968352957	0.19943068061197916	0.1994310501667076	0.39885922650715555	0.398859862204204	0.39886035770441863	0.39886081426282416	0.39886132664861834	0.3988619969151122	0.5982890404387903	0.5982898885592358	0.5982905706455328	0.5982912064375829	0.5982919096919336	0.5982928001214494	0.797719000692986	0.7977199866795502	0.79772080727674	0.7977215848784691	0.7977224289007911	0.7977234609128633	0.9971490647470929	0.9971501268081963	0.9971510591878039	0.9971519556995397	0.9971529118758522	0.9971540207401534
0.0	0.2005816972149185	0.40116306677673697	0.6017441719614551	0.8023250067289571	1.0029054948017768	0.0215450846390472	0.22212677082854157	0.4227081482100621	0.6232892724271434	0.8238701447553898	1.0244507154715363	0.04308995104654167	0.24367156176018423	0.44425291964992586	0.6448340605806605	0.8454149921379561	1.0459956954747522	0.06463461257666996	0.2652161269942353	0.4657974501725209	0.6663786048531779	0.8669596019069687	1.0675404421779389	0.08617909787978499	0.28676052249449385	0.4873418176797472	0.6879229833607845	0.88850403087026	1.0890849859949479	0.10772341100093534	0.30830479896039126	0.5088860905283787	0.7094672657409313	0.910048335457748	1.1106293405792202	0.0	0.0	0.0	0.0	0.0	0.0	0.19941996688685748	0.19942032362158624	0.19942059051220848	0.19942083617807785	0.19942111343367538	0.19942149194929512	0.39884004303832116	0.3988406935623953	0.3988412003329245	0.3988416672441433	0.39884219155719075	0.39884287800614054	0.598260270096172	0.5982611379845827	0.5982618355501976	0.5982624857122697	0.5982632052682263	0.5982641171178454	0.7976806469908191	0.7976816559378299	0.7976824950961682	0.7976832901989601	0.7976841536914532	0.7976852104566517	0.9971011301775852	0.9971022169324248	0.9971031703386438	0.9971040869534761	0.9971050650770785	0.9971062004545691
0.0	0.20059142667206453	0.40118251816227485	0.6017733392871554	0.8023638837724322	1.0029540732896058	0.021724179581320523	0.22231559517936048	0.4229066947718649	0.6234975354522275	0.8240881185221007	1.024678392970065	0.04344813596101664	0.24403947447081223	0.44463055420402553	0.6452214120558315	0.845812055864631	1.0464024663216613	0.0651718828438489	0.26576312291061194	0.4663541671803276	0.6669450391573074	0.8675357500892108	1.0681263008758048	0.08689544957319476	0.28748659778687313	0.4880776134465209	0.6886684967209595	0.8892592593505639	1.08984992779397	0.10861884024147565	0.3092099509771907	0.5098009629867626	0.71039185604706	0.9109826414264185	1.11157336107526	0.0	0.0	0.0	0.0	0.0	0.0	0.1994102927677251	0.199410657751684	0.1994109306600618	0.19941118185998954	0.19941146553365324	0.19941185314850948	0.39882069745229387	0.3988213630101491	0.3988218812016042	0.3988223586045991	0.398822895014908	0.39882359789356314	0.5982312566526929	0.5982321445845509	0.5982328578354039	0.5982335225589281	0.5982342586466203	0.598235192240816	0.7976419692571189	0.79764300148418	0.7976438594488796	0.7976446722835981	0.7976455555181825	0.7976466374090104	0.9970527906833965	0.9970539024748224	0.9970548771837842	0.9970558141647246	0.9970568145386585	0.9970579768256864
0.0	0.20060123864312246	0.4012021344722753	0.6018027538670377	0.8024030903120655	1.0030030633899019	0.021903300483031823	0.22250452800827414	0.4231054322280519	0.6237060717101144	0.8243064477821707	1.0249065081227478	0.04380637272592237	0.24440752153143794	0.44500840552079035	0.6456090626397123	0.8462095009855641	1.046809700781487	0.06570923079053531	0.2663102789780205	0.4669111267420485	0.6675117983676506	0.8681123054890298	1.0687126490646608	0.08761190472415838	0.28821285898008386	0.4888136775086216	0.6894143607335925	0.8900149208140122	1.090615384893226	0.10951439866586377	0.31011531461016784	0.5107161294564432	0.7113168227255655	0.91191740610603	1.1125179226175421	0.0	0.0	0.0	0.0	0.0	0.0	0.19940053753362652	0.19940091088071438	0.19940118988649594	0.1994014466944942	0.1994017368776145	0.19940213373096055	0.39880118967802264	0.39880187047713683	0.39880240024058694	0.39880288827481647	0.39880343695324016	0.3988041565103989	0.5982020000022683	0.5982029082540253	0.5982036373966458	0.5982043168737027	0.5982050697243498	0.5982060253895491	0.7976029673510783	0.7976040231789213	0.7976049001958889	0.7976057309941312	0.7976066342439488	0.7976077416350884	0.997004046089216	0.9970051832612795	0.9970061795498704	0.9970071371607211	0.9970081600893091	0.9970093496844792
0.0	0.20061113318823223	0.40122191582664835	0.6018324158804769	0.8024426265862515	1.0030524653992472	0.02208244756968192	0.2226935696010197	0.42330436092413676	0.6239148816058021	0.8245251329997716	1.0251350614524528	0.044164661791940764	0.24477570345294994	0.4453864741708624	0.6459970129624513	0.8466073281902537	1.0472173996029261	0.06624665709235675	0.26685759593220376	0.4674683296531243	0.6680788833391754	0.8686892690209076	1.0692994877185897	0.08832846423310092	0.2889393070345424	0.48955001088610844	0.6901605764782824	0.89077101639983	1.0913813584918235	0.1104100873991408	0.3110208910443129	0.5116315911820619	0.7122421670806295	0.9128526308604065	1.1134630266298664	0.0	0.0	0.0	0.0	0.0	0.0	0.1993907011485854	0.19939108297308616	0.1993913681561561	0.19939163064650856	0.1993919274309456	0.19939233366294018	0.39878151964386344	0.3987822158924222	0.3987827573793848	0.39878325618479754	0.3987838173030291	0.39878455378903205	0.5981725000379223	0.5981734288869809	0.5981741741284949	0.5981748685518062	0.5981756383977102	0.5981766164622846	0.7975636411306997	0.7975647208811621	0.7975656171969833	0.7975664661910692	0.7975673897304737	0.7975685229987748	0.996954896218242	0.9969560591161724	0.9969570772620167	0.9969580557673579	0.996959101556192	0.9969603188603524
0.0	0.2006211103680609	0.4012418623463644	0.6018623255084447	0.8024824928355215	1.003102279616901	0.022261621067054645	0.22288272024414288	0.42350348120697257	0.6241239655461631	0.8247441746414882	1.0253640534850021	0.04452300361032053	0.24514402074732955	0.4457647607265063	0.6463852636563526	0.8470055381708909	1.047625563537911	0.06678416242579081	0.2674050745102813	0.4680257767109016	0.6686462949292881	0.8692666416022997	1.0698868178151892	0.08904512900157974	0.28966594291232506	0.4902866146012295	0.6909071450373482	0.8915275472504964	1.0921478497926635	0.11130590756776745	0.31192668146656377	0.5125473494107358	0.7131678904194391	0.913788317056911	1.11440867454011	0.0	0.0	0.0	0.0	0.0	0.0	0.19938078357632563	0.19938117399290015	0.19938146543337462	0.1993817336806335	0.19938203715871466	0.1993824529104191	0.39876168727757316	0.3987623991844549	0.3987629525468868	0.3987634622639151	0.398764035994482	0.39876478966120604	0.5981427566517791	0.5981437063764726	0.5981444679245908	0.5981451774875114	0.598145964562048	0.5981469653563037	0.7975239904527825	0.797525094448786	0.7975260103107101	0.7975268777336711	0.7975278218382184	0.7975289813626862	0.9969053408921654	0.9969065298623468	0.9969075701437905	0.9969085698089681	0.9969096387648984	0.996910884181127
0.0	0.2006311702438026	0.40126197415345444	0.6018924829335105	0.8025226893025423	1.003152506344798	0.022440821201215426	0.22307198022499658	0.42370279342475053	0.6243333239399425	0.8249635731763152	1.0255934847491706	0.04488139863287535	0.2455124739276489	0.44614326576160696	0.6467738153558736	0.8474041316223564	1.0480341933416055	0.06732174746816677	0.2679527154507513	0.46858346871463463	0.6692140339978339	0.8698444241536366	1.0704746403355727	0.08976189993229415	0.290392767577178	0.491023489678431	0.6916540674958379	0.8922845145117544	1.0929148600024505	0.11220186029963544	0.31283268706581724	0.5134634053920689	0.7140939940521984	0.9147244660664564	1.1153548677802387	0.0	0.0	0.0	0.0	0.0	0.0	0.19937078478027218	0.1993711839039498	0.19937148168217175	0.19937175576115468	0.19937206602567203	0.19937249143904762	0.3987416925063105	0.3987424202810717	0.3987429856713602	0.39874350644091416	0.3987440929571732	0.39874486405802495	0.5981127697350642	0.5981137406146381	0.5981145186776431	0.5981152435741519	0.5981160481117642	0.5981170719679324	0.7974840151729259	0.7974851437384539	0.7974860793943801	0.7974869654799489	0.797487930426387	0.7974891165881706	0.9968553799311733	0.9968565953211216	0.996857658017216	0.9968586791083294	0.9968597715394518	0.9968610454730434
0.0	0.20064131287718143	0.4012822513710159	0.6019228883398497	0.8025632162321289	1.0032031458875637	0.022620048198512672	0.22326134983174506	0.42390229792700695	0.6245429571977676	0.825183329075671	1.0258233557767005	0.045239847311984584	0.24588106350807457	0.4465219898516763	0.6471626686976345	0.8478031092422339	1.0484432897724203	0.06785941289766347	0.26850051949349124	0.46914140646548885	0.669782101407104	0.870422617598333	1.0710629562643816	0.09047877792907785	0.29111978199451227	0.49176063714435553	0.6924013449415295	0.893041919332614	1.0936823903316983	0.11309794672406208	0.31373890903292667	0.5143797603781528	0.7150204792921313	0.9156610792635117	1.1163016077863148	0.0	0.0	0.0	0.0	0.0	0.0	0.19936070472354855	0.19936111266971895	0.19936141686625336	0.1993616968520404	0.1993620139962483	0.19936244921415353	0.39872153525663145	0.39872227910949204	0.3987228566804458	0.39872338864390733	0.39872398812003934	0.3987247769099492	0.5980825391780977	0.5980835314926902	0.5980843262794248	0.5980850667041167	0.5980858889403065	0.5980869361925341	0.7974437151455186	0.797444868605595	0.7974458243040573	0.7974467292866574	0.7974477153529175	0.7974489285352971	0.9968050131539374	0.9968062553122768	0.996807340702763	0.9968083834866525	0.9968094997022982	0.9968108025607504
0.0	0.20065153833044871	0.4013026941232066	0.6019535419132351	0.8026040738712319	1.0032541985524996	0.022799302285577003	0.22345082935336033	0.4241019950646167	0.6247528657321396	0.8254034428133848	1.026053667102287	0.04559835010059428	0.24624979000386557	0.44690093357384814	0.6475518243204104	0.8482024717307979	1.0488528535919996	0.06839715939331348	0.26904848737975906	0.46969959076653894	0.670350498021831	0.8710012228627798	1.0716517665897745	0.09119576389691184	0.2918469871314138	0.4924980580278491	0.6931489784649353	0.893799762865354	1.0944504419947285	0.11399416797180492	0.3146453485607134	0.5152964156235745	0.7159473474554873	0.9165981580261043	1.1172488959984974	0.0	0.0	0.0	0.0	0.0	0.0	0.1993505433689803	0.19935096025338514	0.1993512709490144	0.19935155691694503	0.19935188103455773	0.19935232620074558	0.39870121545449644	0.3987019755963249	0.39870256550116523	0.3987031088003821	0.3987037214113868	0.39870452814680274	0.5980520648703048	0.598053078900928	0.5980538906207825	0.5980546467688598	0.5980554869401806	0.5980565579245207	0.7974030902237537	0.7974042689044211	0.7974052448945742	0.7974061690093093	0.7974071764744957	0.7974084170628717	0.996754240377631	0.9967555096540717	0.9967566180193637	0.996757682763599	0.9967588230743228	0.996760155267323
0.0	0.20066184666638956	0.4013233025352585	0.6019844438410565	0.8026452624689646	1.003305664649616	0.022978583689331956	0.2236404190796394	0.4243018851898172	0.6249630499574627	0.8256239148657337	1.0262844192636214	0.04595690745223595	0.24661865393139878	0.44728009750691033	0.6479412828651694	0.8486022197910597	1.0492628855652721	0.06893498763502892	0.2695966198522256	0.4702580224228082	0.6709192247092338	0.8715802408763967	1.0722410723034854	0.09191285874194717	0.29257438395667285	0.4932357533599968	0.6938969691593438	0.8945580462655702	1.0952190162097253	0.11489052517508717	0.3155520068439988	0.5162133723854561	0.7168745998615862	0.917535703735872	1.1181967338611	0.0	0.0	0.0	0.0	0.0	0.0	0.1993403006790891	0.19934072661781382	0.19934104389353302	0.19934133591920322	0.19934166710439233	0.1993421223635077	0.39868073302525786	0.3986815096675568	0.39868211205990867	0.39868266683718895	0.3986832927588799	0.3986841176977613	0.5980213467001974	0.5980223827287181	0.5980232115916189	0.5980239836588831	0.5980248420029326	0.5980259370573349	0.7973621402596041	0.7973633444879018	0.7973643410195069	0.7973652845021507	0.797366313646532	0.7973675820284128	0.9967030614178994	0.9967043581632141	0.9967054897843836	0.9967065767572519	0.9967077414748214	0.9967091034142334
0.0	0.20067223794832076	0.40134407673347267	0.6020155943123147	0.8026867822765938	1.0033575444916203	0.023157892636996018	0.22383011930120414	0.42450196865620576	0.6251735102900401	0.8258447457114353	1.026515612801381	0.04631551982103188	0.24698765580817186	0.4476594822313052	0.6483310449750719	0.849002354128763	1.0496733864604448	0.06947289830360952	0.27014491765498017	0.4708167022412713	0.671488282339019	0.8721596725716305	1.0728308744008204	0.09263006337152511	0.2933019734408015	0.49397372417413854	0.6946453181208335	0.8953167706921868	1.0959881141987446	0.11578701946762297	0.3164588850796273	0.5171306319234739	0.7178022378328371	0.9184737177780784	1.1191451228226048	0.0	0.0	0.0	0.0	0.0	0.0	0.19932997661609542	0.199330411725561	0.19933073566257334	0.19933103382183265	0.19933137216922484	0.1993318376668018	0.3986600878936661	0.3986608812485575	0.39866149628244096	0.3986620626805469	0.3986627020895466	0.398663545491358	0.5979903845553828	0.5979914428645038	0.5979922890809012	0.5979930772637448	0.5979939540191573	0.5979950734834588	0.797320865103834	0.7973220952077772	0.7973231125311876	0.7973240756181735	0.7973251267231729	0.7973264232881632	0.9966514760888739	0.9966528006548755	0.9966539558136358	0.99665506528413	0.9966562547215141	0.9966576468213649
0.0	0.20068271224009157	0.40136501684522163	0.6020469935176229	0.8027286335475433	1.0034098383939218	0.023337229356067794	0.22401993030948725	0.42470224581872656	0.6253842471480614	0.8260659358316366	1.0267472482592193	0.04667418766166602	0.24735679615277514	0.44803908832910244	0.648721111295443	0.8494028754523583	1.0500843570489782	0.07001089208070099	0.27069338153349	0.47137563103081515	0.6720576717833419	0.872739518883917	1.0734211738806203	0.09334737869412102	0.29402975655597857	0.49471197150581436	0.6953940264482187	0.8960759373074032	1.096757737187662	0.11668365198455788	0.3173659844664074	0.5180481954998021	0.7187302626946809	0.9194122015415573	1.1200940643356065	0.0	0.0	0.0	0.0	0.0	0.0	0.19931957114191837	0.19932001553887324	0.19932034621858535	0.199320650587534	0.1993209961922086	0.19932147207466766	0.39863927998386867	0.3986400902640796	0.39864071809390106	0.39864129625604355	0.3986419493297782	0.39864281145548347	0.5979591783225631	0.5979602591958042	0.5979611229766607	0.5979619274720591	0.5979628228784982	0.597963967094414	0.797279264605998	0.7972805209145556	0.7972815592807028	0.7972825422091144	0.7972836155573008	0.7972849406970897	0.9965994842031702	0.9966008369426891	0.9966020159213799	0.9966031481591868	0.9966043626305452	0.9966057853070123
0.0	0.20069326960608821	0.401386122998958	0.6020786416492215	0.8027708165374111	1.0034625466746536	0.02351659407435702	0.22420985239676766	0.42490271703371046	0.6255952609516472	0.8262874857099625	1.0269793261838187	0.047032911429444324	0.24772607548495623	0.44841891638406806	0.6491114824738468	0.8498037844730807	1.0504957981056684	0.07054896964888409	0.27124201223469346	0.4719348096023361	0.6726273939169084	0.8733197807517875	1.0740119717453716	0.09406480561945481	0.29475773427616464	0.4954504963928839	0.6961430952431735	0.8968355472768221	1.0975278864063045	0.1175804238625878	0.3182733062052354	0.5189660643792394	0.7196586757757222	0.920351156418849	1.1210435598569537	0.0	0.0	0.0	0.0	0.0	0.0	0.19930908421817176	0.19930953801968354	0.19930987552370105	0.1993101861786871	0.19931053913617383	0.1993110255508195	0.3986183092194028	0.39861913663825077	0.3986197774187944	0.39862036748862734	0.39862103440532215	0.39862191551737813	0.5979277278875232	0.5979288316092025	0.597929713165981	0.5979305341714847	0.5979314484696363	0.5979326177807499	0.797237338614425	0.797238621457499	0.7972396811178789	0.7972406841254395	0.797241780000518	0.7972431341088677	0.9965470855718696	0.996548466838731	0.9965496699203027	0.9965508251957921	0.9965520650164641	0.9965535186878616
0.0	0.20070391011123176	0.40140739532421005	0.6021105389009701	0.802813331503961	1.0035156696546605	0.02369598701996573	0.22439988585614953	0.4251033826588518	0.6258065521228227	0.8265093958324875	1.0272118471248595	0.04739169158025834	0.24809549432558123	0.4487989669816233	0.6495021591600423	0.8502050819049041	1.0509077104085989	0.07108713169161823	0.2717908105069415	0.47249423876867896	0.6731974496169119	0.873900459116803	1.0746032690011371	0.09478234505842559	0.29548590757703386	0.49618929987545596	0.696892525610159	0.8975956017693748	1.0982985630883735	0.11847733623989276	0.3191808514990264	0.5198842398291385	0.7205874784076562	0.9212905838061238	1.1219936108476698	0.0	0.0	0.0	0.0	0.0	0.0	0.1992985158061671	0.1992989791296145	0.19929932353973742	0.19929964055735389	0.19930000096363057	0.19930049805864863	0.39859717552320123	0.3985980202945798	0.39859867418099887	0.3985992763026135	0.3985999572412878	0.39860085760363845	0.5978960331351401	0.5978971599903551	0.5978980595350073	0.5978988972487336	0.5978998306802984	0.5979010254320529	0.7971950869762311	0.7971963966846348	0.7971974778912938	0.7971985012163567	0.7971996199031602	0.797201003375894	0.9964942800045333	0.9964956901535352	0.9964969176215337	0.9964980962057465	0.9964993616922405	0.9965008467790066
0.0	0.2007146338209815	0.4014288339515886	0.6021426854683588	0.8028561787071359	1.0035692076575178	0.023875408421295423	0.22459003098157282	0.425304243053222	0.626018121085536	0.8267316666877572	1.0274448116350452	0.047750528570599055	0.24846505319665224	0.44917924070886556	0.6498931420060085	0.8506067684645688	1.0513200947391719	0.07162537889326559	0.272339777100025	0.47305391934466834	0.6737678397630676	0.8744815549235921	1.0751950666575991	0.09549999792314073	0.29621427743600687	0.4969283829959249	0.6976423186564632	0.8983561019573637	1.0990697684714914	0.11937439025616889	0.32008862155274986	0.5208027231194446	0.7215166719253112	0.9222304851032288	1.1229442187730037	0.0	0.0	0.0	0.0	0.0	0.0	0.19928786586691055	0.1992883388299753	0.19928869022819357	0.19928901368527566	0.19928938163676588	0.19928988956122085	0.39857587881758616	0.3985767411559506	0.39857740830375904	0.3985780226216785	0.39857871776214066	0.398579637640211	0.5978640939493735	0.597865244223983	0.5978661619689377	0.597867016589563	0.5978679693972497	0.597869189936938	0.7971525095373068	0.7971538464427441	0.7971549494482651	0.797155993329804	0.7971571351142839	0.7971585483492746	0.9964410673091885	0.9964425066960788	0.9964437588346301	0.9964449609992675	0.9964462524692504	0.9964477693939341
0.0	0.20072544080133536	0.4014504390127879	0.6021750815485084	0.8028993584090595	1.0036231610095305	0.02405485850705703	0.22478028806782346	0.42550529857728064	0.6262299682656685	0.8269542987667985	1.027678220270113	0.048109422857577286	0.2488347526213278	0.44955973815458894	0.6502844316659644	0.8510088448716031	1.0517329518821292	0.07216371193911893	0.27288891276520305	0.4736138521471364	0.6743385652376409	0.8750630691198796	1.0757873657280868	0.09621776512694735	0.2969428448322822	0.4976677467990021	0.6983924754922323	0.8991170490164949	1.0998415037972338	0.1202715870526631	0.3209966175734645	0.521721515522731	0.7224462576666831	0.9231708617137226	1.1238953851024633	0.0	0.0	0.0	0.0	0.0	0.0	0.19927713436110348	0.19927761708176214	0.19927797555025115	0.19927830552387352	0.19927868111744435	0.19927920002127686	0.3985544190242702	0.3985552991446231	0.39855597970968715	0.39855660636886103	0.39855731589170384	0.3985582555523939	0.5978319102132675	0.5978330841938727	0.5978340203520247	0.5978348920787767	0.5978358645062947	0.5978371111830505	0.7971096061423192	0.7971109705773635	0.7971120956348527	0.797113160312452	0.797114325481669	0.797115768878828	0.9963874472923293	0.9963889162737841	0.9963901933675796	0.9963914193849918	0.9963927371572784	0.9963942863445264
0.0	0.2007363311188316	0.40147221064058874	0.6022077273401759	0.8029428708740421	1.0036775300397434	0.024234337506266513	0.22497065741053077	0.425706549592874	0.626442094091035	0.8271772925631223	1.0279120735888374	0.04846837489891232	0.24920459312391322	0.4499404599092766	0.6506760287963633	0.8514113118483179	1.0521462826255494	0.07270213151538553	0.2734382182551883	0.4741740379949105	0.6749096269254363	0.8756450026564768	1.0763801672295688	0.09693564758441564	0.2976716107468214	0.4984073923317028	0.6991429972304598	0.8998784441258678	1.1006137703111207	0.12116892777215847	0.32190484077030523	0.5226406183141871	0.7233762369729266	0.9241117150448674	1.124847111309811	0.0	0.0	0.0	0.0	0.0	0.0	0.1992663212491412	0.19926681384565725	0.19926717946677341	0.19926751603424736	0.19926789936720718	0.19926842940123143	0.3985327960643542	0.3985336941822314	0.398534388320761	0.3985350274665598	0.39853575155315574	0.39853671126483453	0.5977994818089475	0.5978006797828733	0.5978016345675715	0.5978025236002218	0.5978035158922741	0.5978047890570627	0.7970663766347075	0.7970677689327803	0.7970689162958539	0.7970700020096991	0.7970711908518151	0.7970726648130799	0.9963334197589123	0.9963349186925136	0.9963362210267948	0.9963374711699701	0.9963388155645128	0.996340397441057
0.0	0.20074730484055042	0.4014941489688619	0.6022406230437592	0.8029867163685882	1.003732315079948	0.024413845648246786	0.22516113930617085	0.42590799646324035	0.6266544989913914	0.8274006485727317	1.0281463721530404	0.04882738515294006	0.24957457522987037	0.45032140656511166	0.6510679340559057	0.8518141701198215	1.0525600877608636	0.07324063830919933	0.27398769432416087	0.4747344777088282	0.6754810257138141	0.8762273564873004	1.0769734721826727	0.09765364621135898	0.2984005761623706	0.4991473206433692	0.6998938849870108	0.9006402884680017	1.1013865692626448	0.12206641355899671	0.3228132923545072	0.5235600327716444	0.7243066111883818	0.925053046507658	1.1257993988730925	0.0	0.0	0.0	0.0	0.0	0.0	0.1992554264911121	0.19925592908202777	0.19925630193830415	0.19925664517717495	0.19925703634727124	0.19925757766317242	0.3985110098583253	0.3985119261897813	0.3985126340583221	0.3985132858365319	0.39851402466902835	0.3985150047015282	0.5977668086176164	0.5977680308728937	0.5977690044979301	0.5977699110367862	0.5977709234390628	0.5977722234446718	0.7970228208566793	0.7970242413520299	0.7970254112747998	0.7970265182656685	0.7970277310699374	0.797029235999261	0.9962789845123513	0.9962805137565647	0.9962818416171086	0.9962831161596628	0.9962844874975411	0.9962861024921853
0.0	0.20075836203411448	0.401516254132569	0.6022737688612986	0.803030895161397	1.003787516464685	0.02459338316263891	0.22535173405207823	0.42610963955302184	0.6268671833984462	0.8276243672941344	1.0283811165276049	0.04918645407863213	0.24994469946583708	0.4507025787159973	0.651460148105559	0.8522174204140404	1.052974368082877	0.07377923300864926	0.27453734172779665	0.4752951721117664	0.6760527624927201	0.8768101315694016	1.077567281611716	0.09837176192486097	0.29912974206348786	0.49988753278569836	0.7006451398806501	0.901402583228864	1.1021599019052999	0.12296404555910795	0.32372197353943594	0.5244797601756069	0.7252373816606051	0.9259948575168522	1.1267522492746693	0.0	0.0	0.0	0.0	0.0	0.0	0.19924445004679783	0.19924496275092615	0.19924534292506804	0.19924569291311228	0.19924609201852933	0.19924664476886106	0.3984890603260573	0.3984899950876514	0.3984907168430762	0.3984913813998934	0.39849213516120796	0.3984931357858182	0.5977338905195563	0.5977351373449028	0.5977361300245014	0.5977370542703995	0.5977380870295702	0.5977394142306007	0.7969789386492111	0.7969803876768954	0.796981580413957	0.7969827089232089	0.7969839459799684	0.7969854822833071	0.9962241413545185	0.9962257012686717	0.9962270549417762	0.9962283541579416	0.9962297527613518	0.996231401304959
0.0	0.20076950276768923	0.40153852626776304	0.6023071649964772	0.8030754075233643	1.0038431345312453	0.024772950279384153	0.2255424419464283	0.4263114792282472	0.6270801477458438	0.8278484492283262	1.0286163072804566	0.04954558213556069	0.25031496635959233	0.451083976957522	0.6518526716085236	0.8526210634616842	1.0533891243897333	0.07431791630272852	0.2750871612232174	0.4758561220285913	0.6766248381546355	0.8773933288629168	1.0781615965446558	0.09908999564322152	0.29985910943648975	0.5006280298126888	0.7013967630329893	0.9021653295978176	1.1029337694965282	0.12386182491995745	0.3246308855405342	0.5253998018091985	0.7261685497403169	0.9269371494909195	1.1277056640011658	0.0	0.0	0.0	0.0	0.0	0.0	0.1992333918756736	0.1992339148120905	0.19923430238697112	0.19923465920219405	0.1992350663415509	0.19923563067973274	0.3984669473868112	0.3984679007955934	0.3984686365950941	0.3984693140771201	0.39847008295093617	0.39847110444039757	0.5977007273941287	0.5977019990789315	0.597703011027737	0.5977039531820342	0.5977050065457419	0.5977063612985991	0.7969347298520499	0.7969362077479101	0.7969374235543284	0.7969385738238968	0.7969398354245595	0.7969414035098622	0.996168890085746	0.9961704810300069	0.9961718608024762	0.9961731849670913	0.9961746111593368	0.9961762936848162
0.0	0.20078072710998884	0.4015609655116006	0.6023408116546393	0.8031202537276056	1.0038991696197	0.02495254722875936	0.22573326328827853	0.42651351585637903	0.6272933924692174	0.8280728948788499	1.0288519449826308	0.049904769783968385	0.2506853764401319	0.4514656018870415	0.6522455052303201	0.8530250999963405	1.0538043574830163	0.0748566888814336	0.2756371535690952	0.4764173282862688	0.6771972535946933	0.8779769493311901	1.0787564180132172	0.09980834828607363	0.3005886792695736	0.5013688127807686	0.7021487555686208	0.9029285287677605	1.1037081732978669	0.12475975279066977	0.3255400295754522	0.5263201589582982	0.7271001167815427	0.9278799238521879	1.128659644543623	0.0	0.0	0.0	0.0	0.0	0.0	0.1992222519369029	0.1992227852249391	0.19922318028359537	0.1992235440042282	0.19922395927657643	0.19922453535689147	0.3984446709592251	0.39844564323272186	0.39844639323380127	0.3984470837880374	0.3984478679587992	0.39844891058729803	0.5976673191197592	0.5976686159540563	0.5976696473871229	0.59767060765169	0.5976716818685442	0.5976730645314282	0.7968901943036925	0.7968917014043361	0.796892940535633	0.7968941128080151	0.7968953992450604	0.7968969995222567	0.9961132305048	0.996114852840155	0.9961162589992849	0.9961176083877836	0.9961190624932647	0.9961207794355592
0.0	0.200792035130272	0.401583572002333	0.6023747090427771	0.8031654340494401	1.0039556220728785	0.025132174241351606	0.22592419837753877	0.4267157498062798	0.6275069180061513	0.8282977047517527	1.029088030208224	0.05026401748472027	0.25105593023761624	0.4518474541036217	0.6526386496387288	0.8534295307544081	1.054220068167678	0.07539555143569986	0.2761873195255838	0.4769787917137918	0.6777700097106015	0.8785609939406914	1.0793517470528076	0.10052682077430893	0.30131845255273904	0.5021098827487129	0.7029011186150309	0.9036921819350349	1.1044831145748513	0.1256578303219511	0.32644940686396534	0.5272408329114545	0.7280320841415235	0.9288231820267492	1.1296141923973995	0.0	0.0	0.0	0.0	0.0	0.0	0.19921103018934253	0.19921157394857578	0.1992119765742039	0.19921234727870124	0.1992127707835229	0.19921335876111507	0.39842223096132345	0.39842322231752386	0.3984239866779877	0.3984246904518298	0.3984254901047383	0.39842655414790035	0.5976336655739523	0.5976349878484142	0.5976360389811949	0.5976370175584093	0.5976381128779791	0.5976395238108759	0.7968453318414042	0.7968468684841841	0.7968481311963251	0.7968493257145736	0.7968506372815389	0.796852270162528	0.9960571624089051	0.9960588164971373	0.9960602493307013	0.9960616242191029	0.9960631065633064	0.9960648583593799
0.0	0.20080342689834646	0.40160634587931565	0.6024088573695451	0.8032109487664072	1.0040124922363913	0.025311831548072837	0.22611524751499057	0.4269181814482354	0.6277207247962082	0.8285228793556185	1.0293245635344315	0.050623325699329424	0.2514266282834004	0.4522295342080737	0.6530321055038283	0.8538343564751415	1.0546362572520884	0.07593450465743223	0.276737659854354	0.4775405131422197	0.6783431074026868	0.8791454636610652	1.0799475847025697	0.10124541403011307	0.3020484302778277	0.5028512407776878	0.7036538533026481	0.9044562902994797	1.105258594597073	0.12655605866613015	0.32735901862801975	0.5281618249599349	0.728964453180769	0.9297669254445179	1.1305693090622342	0.0	0.0	0.0	0.0	0.0	0.0	0.19919972659153856	0.1992002809417856	0.19920069121773692	0.19920106898477427	0.19920150082197968	0.19920210085285142	0.39839962731050993	0.3984006379678515	0.39840141684580027	0.398402133987034	0.39840294930804193	0.3984040350429267	0.597599766633279	0.5976011146391913	0.5976021856875269	0.5976031827802651	0.5976042994530725	0.5976057390177456	0.7968001423012046	0.796801708824198	0.7968029953735799	0.7968042123812933	0.7968055493727663	0.7968072152714055	0.9960006855937247	0.9960023717973929	0.9960038315936277	0.9960052322585267	0.9960067431680166	0.9960085302568408
0.0	0.2008149024845705	0.40162928728301067	0.6024432568452631	0.8032567981582734	1.0040697804586367	0.02549151938015736	0.2263064110022859	0.42712081115395556	0.6279348132809314	0.8287484192015715	1.0295615455415517	0.05098269488995536	0.2517974711100338	0.4526118428029546	0.6534258734979982	0.8542395779006544	1.0550529255480392	0.07647354923951093	0.2772881753186004	0.4781024934046867	0.6789165475739043	0.8797303594651412	1.0805439320053933	0.10196412897697592	0.30277861343853474	0.5035928879312636	0.7044069607648575	0.9052208550644466	1.1060346146381965	0.12745443897717162	0.32826886609174705	0.5290831363977423	0.7298972252630759	0.9307111555392495	1.1315249960422664	0.0	0.0	0.0	0.0	0.0	0.0	0.19918834110172579	0.19918890616303456	0.19918932417281135	0.19918970908128245	0.19919014935120818	0.19919076159221788	0.39837685992356553	0.3983778901009206	0.39837868365474166	0.398379414311537	0.3983802454873448	0.39838135319243984	0.5975656221733759	0.5975669962026211	0.5975680873827293	0.59756910319436	0.5975702414718733	0.5975717100318538	0.7967546255178637	0.7967562222598525	0.7967575329032901	0.7967587726446046	0.7967601353562143	0.7967618346883082	0.9959437998533582	0.9959455185357752	0.9959470055833668	0.9959484323019223	0.9959499721043301	0.9959517949268724
0.0	0.20082646195985185	0.40165239635498484	0.602477907681914	0.803302982507027	1.0041274870907948	0.025671237969167718	0.226497689141952	0.42732363929657735	0.6281491839038469	0.8289743248032767	1.0297989768129856	0.05134212551941243	0.2521684592512676	0.4529943804925736	0.653819954295924	0.8546451957759235	1.055470073870747	0.07701268587579692	0.2778388666830459	0.47866473333640513	0.6794903311298396	0.8803156823289359	1.0811407900079155	0.10268296653969913	0.3035090030304153	0.5043348252754193	0.7051604421380051	0.9059858774368026	1.1068111759759611	0.12835297241068322	0.32917895048146995	0.5300047685216189	0.7308304017555307	0.9316558737485436	1.1324812548460375	0.0	0.0	0.0	0.0	0.0	0.0	0.19917687367782938	0.19917744957047112	0.1991778753977224	0.19917826752673676	0.1991787163301436	0.19917934093900325	0.3983539287166523	0.3983549786333141	0.39835578702167374	0.39835653134258026	0.3983573785606313	0.39835850851584637	0.5975312320689498	0.5975326324139891	0.597533743942454	0.5975347786768307	0.5975359388114585	0.5975374367320365	0.7967087813249099	0.79671040862536	0.7967117436200736	0.796713006339654	0.7967143950680631	0.796716128251352	0.9958865049803496	0.9958882565055608	0.9958897710936305	0.9958912241435568	0.9958927931675713	0.995894652166782
0.0	0.2008381053956523	0.4016756732379191	0.6025128100931572	0.803349502096897	1.004185612486852	0.025850987547003927	0.22668908223740533	0.4275266662506839	0.6283638371104872	0.8292005966769683	1.0300368579352703	0.05170161805119031	0.25253959324207964	0.4533771478830222	0.6542143485746315	0.8550512108488271	1.055887703038897	0.07755191526116496	0.27838973471397943	0.47922723377470783	0.6800644589787559	0.8809014332317032	1.081738159760577	0.10340192764443439	0.30423960005092726	0.505077053878591	0.7059142985614495	0.9067513586269869	1.1075882798922425	0.1292516601239608	0.3300892730257524	0.5309267226311016	0.7317639840285696	0.9326010815139067	1.1334380869865588	0.0	0.0	0.0	0.0	0.0	0.0	0.1991653242774609	0.1991659111219224	0.1991663448504397	0.19916674427932013	0.199167201717391	0.19916783885266365	0.3983308336053056	0.3983319034809742	0.3983327268628098	0.3983334849967516	0.39833434844522814	0.3983355009318893	0.5974965961937656	0.5974980231476219	0.597499155241383	0.5975002091028371	0.5975013913479212	0.5975029189961371	0.7966626095546133	0.7966642677536547	0.7966656273572575	0.7966669133002889	0.7966683283431855	0.7966700957973339	0.9958288007656673	0.9958305854984297	0.9958321279165203	0.9958336075760765	0.9958352061514346	0.9958371017722344
0.0	0.20084983286398678	0.401699118075606	0.6025479642943253	0.803396357214349	1.0042441570035938	0.026030768345888848	0.22688059059293564	0.4277298923922873	0.6285787733483724	0.8294272353414305	1.0302751894980575	0.05206117294942531	0.25291087361864495	0.4537601455821426	0.6546090570134546	0.8554576238701127	1.0563058138746082	0.0780912380914614	0.2789407801792123	0.4797899955590033	0.6806389320315482	0.8814876131558887	1.0823360423175732	0.10412101321863598	0.30497040549938276	0.5058195748116218	0.7066685311775113	0.907517299848959	1.1083659276729987	0.13015050327593822	0.33099983495534807	0.531849000028469	0.7326979734559239	0.9335467802806983	1.134395493981255	0.0	0.0	0.0	0.0	0.0	0.0	0.19915369285792017	0.1991542907748959	0.19915473248860932	0.1991551392968894	0.19915560547122726	0.19915625529232467	0.39830757450443705	0.398308664559206	0.3983095030937182	0.3983102751899892	0.3983111550578078	0.39831233035865193	0.5974617144206523	0.5974631682768916	0.5974643211532337	0.5974653943465678	0.5974665989563771	0.5974681567010122	0.7966161100379936	0.7966177994764002	0.796619183946886	0.7966204933590647	0.7966219350151543	0.7966237371617407	0.9957706869987133	0.9957725053044747	0.9957740758425366	0.9957755823905172	0.9957772108479943	0.9957791435372617
0.0	0.20086164443742602	0.4017227310129557	0.602583370502433	0.8034435481480955	1.0043031210006197	0.026210580598388787	0.22707221451372944	0.42793331809885493	0.6287939930670401	0.8296542413180285	1.0305139720941487	0.052420790678939504	0.25328230091837717	0.45414337419957285	0.655004080294083	0.8558644355934463	1.0567244072034865	0.07863065506356445	0.2794920038481415	0.48035301953084175	0.6812137512018118	0.8820742230871998	1.082934438736929	0.10484022419113308	0.30570142037702314	0.5065623891478391	0.7074231411315535	0.9082837023202815	1.1091441206083563	0.13104950302726717	0.3319106375032827	0.5327716020188266	0.7336323714147086	0.9344929714982205	1.1353534773520588	0.0	0.0	0.0	0.0	0.0	0.0	0.19914197937619316	0.19914258848657754	0.19914303826955143	0.19914345253697316	0.19914392754959911	0.19914459021677924	0.39828415132833117	0.3982852617826736	0.39828611562931854	0.3982869018375773	0.3982877983143845	0.3982889967135535	0.5974265866214962	0.5974280676742105	0.5974292415507528	0.5974303342812335	0.5974315615109577	0.5974331497225256	0.7965692826048111	0.7965710036239809	0.7965724132197116	0.796573746347237	0.7965752149162348	0.7965770521787395	0.9957121634673131	0.9957140157121906	0.9957156146605686	0.9957171483762935	0.9957188070476941	0.995720777254253
0.0	0.2008735401890972	0.4017465121959967	0.6026190289361778	0.8034910751890985	1.0043625048403444	0.026390424537407555	0.2272639543058646	0.4281369437493042	0.6290094967180395	0.8298816151307048	1.0307532063194906	0.052780471705229134	0.25365387567991765	0.4545268343467357	0.6553994191005511	0.8562716467754024	1.0571434838546145	0.07917016687536042	0.28004340649172615	0.48091630653389195	0.6817889174058194	0.882661264014584	1.0835333500804765	0.10555956149210209	0.3064326456869917	0.5073054979630285	0.7081781295719549	0.9090505672620943	1.109922859992585	0.1319486605402887	0.33282168190482636	0.5336945299100789	0.7345671792853949	0.9354396566196921	1.136312038625383	0.0	0.0	0.0	0.0	0.0	0.0	0.19913018378895217	0.19913080421383186	0.19913126215026095	0.1991316839567722	0.1991321679101234	0.19913284358448805	0.3982605639906453	0.3982616950654003	0.398262564383882	0.39826336485414726	0.3982642781303154	0.3982654999133503	0.5973912126672418	0.5973927212110318	0.5973939163057177	0.5973950287790689	0.5973962788848118	0.5973978979355498	0.7965221270835682	0.7965238800255037	0.7965253150051971	0.7965266720947632	0.796528167877386	0.7965300406811806	0.9956532299577165	0.9956551165084763	0.9956567441578957	0.9956583053212011	0.9956599945393493	0.9956620027139564
0.0	0.20088552019268657	0.40177046177188147	0.6026549398159484	0.8035389386305797	1.0044223088880124	0.026570300396187987	0.22745581027631442	0.42834076972400975	0.6292252847549422	0.8301093573059916	1.0309928927731906	0.05314021649446892	0.2540255984431425	0.4549105266368485	0.6557950741192512	0.8566792581754795	1.05756304466057	0.07970977422575687	0.28059498888250345	0.4814798574139599	0.6823644315625427	0.8832487369302527	1.084132777413881	0.10627902605308527	0.3071640824343549	0.5080489023354571	0.7089334976501369	0.9098178958991437	1.1107021471241294	0.13284797697905656	0.3337329693975193	0.5346177850129592	0.7355023984518417	0.9363868371022818	1.1372711793321586	0.0	0.0	0.0	0.0	0.0	0.0	0.1991183060525539	0.19911893791320007	0.19911940408740533	0.19911983351315754	0.19912032651008532	0.1991210153535778	0.39823681240440584	0.39823796432076497	0.3982388492710276	0.39823966415367323	0.3982405944202962	0.39824183987413164	0.5973555924278863	0.5973571287578432	0.5973583452889298	0.5973594777113264	0.5973607509500999	0.5973624012139596	0.7964746433015013	0.7964764285087894	0.796477889131507	0.7964792704302944	0.7964807937282526	0.7964827025005888	0.9955938862545882	0.9955958074786242	0.9955974641201778	0.9955990530114063	0.9956007731101367	0.9956028197054694
0.0	0.20089758452243997	0.40179457988888706	0.6026911033638265	0.8035871387680226	1.004482533511699	0.026750208408321395	0.22764778273295755	0.4285447964048133	0.6294413576333522	0.8303374683730209	1.0312330320575274	0.0535000255135305	0.2543974697491811	0.45529445168494237	0.6561910460389523	0.8570872705561198	1.0579830904574452	0.08024947781470664	0.28114675179461285	0.4820436730190133	0.6829402945936774	0.8838366428297066	1.084732721806668	0.10699861880701717	0.30789573162612927	0.508792603345901	0.709689246520591	0.9105856894598104	1.1114819833056369	0.1337474535093651	0.33464450122119993	0.5355413686410567	0.7364380303013242	0.937334514407138	1.1382309010078626	0.0	0.0	0.0	0.0	0.0	0.0	0.19910634612303968	0.19910698954090028	0.19910746403732502	0.19910790116267077	0.19910840330643853	0.19910910548184116	0.39821289648200886	0.39821406946150245	0.3982149702037227	0.39821579964947323	0.39821674709836213	0.39821801651132066	0.5973197257724796	0.5973212901841684	0.5973225283702165	0.5973236809482768	0.5973249775779949	0.5973266594306338	0.796426831084582	0.7964286489003745	0.7964301354255093	0.7964315411811768	0.796433092297167	0.7964350374671655	0.9955341321410089	0.9955360884063224	0.9955377743314568	0.9955393912314481	0.995541142545597	0.9955432280162404
0.0	0.20090973325316314	0.40181886669641603	0.6027275198035865	0.8036356758991733	1.004543179082312	0.026930148807735386	0.22783987198456618	0.42874902417501254	0.6296577158108946	0.8305659488635148	1.0314736247779408	0.05385989922995741	0.25476949014039174	0.4556786101078377	0.6565873355507768	0.8574956846826852	1.0584036220848245	0.0807892783431727	0.2816986960037616	0.4826077541991475	0.6835165074236094	0.8844249827117021	1.0853331843321887	0.10771834068818727	0.30862759427124425	0.5095366020776086	0.7104453773408423	0.9113539491760737	1.1122623698439222	0.1346470912987129	0.3355562786179692	0.5364652821107817	0.737374076224499	0.938282689999354	1.139191205192485	0.0	0.0	0.0	0.0	0.0	0.0	0.19909430395613595	0.1990949590528281	0.19909544195603388	0.1990958868615246	0.19909639825580613	0.19909711392673798	0.39818881613522067	0.3981900103997045	0.3981909270942842	0.39819177125421	0.39819273607788913	0.39819402973967566	0.5972836125691262	0.5972852053585679	0.5972864654184314	0.5972876383592115	0.5972889586386837	0.5972906724574564	0.7963786902575185	0.7963805410255125	0.7963820537127774	0.7963834841734536	0.7963850634111508	0.7963870454097904	0.9954739673984772	0.9954759590736563	0.9954776745741594	0.995479319764241	0.9954811026296367	0.995483227432072
0.0	0.2009219664602266	0.401843322345006	0.6027641893607116	0.80368455032406	1.0046042459736166	0.027110121828719105	0.22803207834083597	0.42895345341939567	0.6298743597472555	0.8307947993118284	1.031714671543081	0.05421983811201579	0.25514166016041695	0.4560630025242045	0.6569839433482646	0.8579045013235274	1.0588246403858577	0.08132917651320053	0.2822508222873015	0.48317210180666675	0.6840930709795001	0.8850137575783422	1.0859341660677162	0.10843819263232483	0.30935967138063186	0.5102808996163948	0.7112018912715486	0.9121226762836143	1.113043308050076	0.13554689151639474	0.336468302832287	0.5373895267414667	0.7383105376155097	0.9392313653480779	1.1401520934306433	0.0	0.0	0.0	0.0	0.0	0.0	0.19908217950725007	0.1990828464045524	0.1990833377992152	0.19908379056559877	0.1990843113144761	0.1990850406453906	0.39816457127516985	0.39816578704681166	0.39816671985437035	0.39816757887988297	0.39816856127158556	0.39816987947328164	0.5972472526849727	0.5972488741486274	0.5972501563014436	0.5972513498124301	0.5972526940013556	0.5972544401653047	0.7963302206437396	0.7963321047081581	0.7963336438175735	0.7963350992318495	0.7963367068958993	0.796338726156006	0.9954133918068891	0.9954154192610886	0.9954171646290758	0.9954188383910544	0.9954206531445086	0.9954228177371002
0.0	0.20093428421956366	0.40186794698632566	0.6028011122623863	0.8037337623449852	1.0046657345622239	0.027290127705908794	0.22822440211236963	0.4291580845242229	0.6300912899041612	0.8310240202549286	1.031956172964783	0.054579842628664506	0.25551398035415135	0.4564476295545283	0.6573808701273379	0.8583137212499492	1.05924614620722	0.08186917302787715	0.2828031314241859	0.48373671669603974	0.6846699861912409	0.8856029684350273	1.086535668094394	0.10915817557655197	0.31009196396717764	0.5110254970505896	0.7119587894764473	0.9128918720217603	1.1138247992394066	0.13644685533345274	0.3373805751109214	0.5383141038553134	0.7392474158719323	0.9401805419264563	1.1411135672715231	0.0	0.0	0.0	0.0	0.0	0.0	0.19906997273147317	0.19907065155131826	0.19907115152222446	0.19907161223044303	0.19907214243840457	0.1990728855945871	0.3981401618123528	0.398141399313619	0.3981423483949862	0.398143222437834	0.3981442225914982	0.39814556562555636	0.5972106459862159	0.5972122964209656	0.5972136008861451	0.5972148151752491	0.5972161835342106	0.5972179624240583	0.7962814220654054	0.7962833397709781	0.7962849055628606	0.7962863861797813	0.7962880225757927	0.7962900795320283	0.995352405144553	0.9953544687474735	0.9953562442753754	0.995357946891527	0.9953597938708256	0.9953619987138093
0.0	0.20094668660767462	0.4018927407731832	0.6028382887375099	0.8037833122665414	1.0047276452276117	0.027470166674299783	0.22841684361069314	0.4293629178772469	0.6303085067454028	0.8312536122324213	1.0321981296581002	0.054939913249582084	0.25588645126777315	0.4568324918211453	0.6577781165863398	0.8587233452362483	1.05966814039916	0.08240926859136771	0.2833556241950106	0.48430159972394377	0.6852472539915008	0.8861926162905083	1.0871376914972937	0.10987829045942979	0.3108244730457707	0.5117703954710932	0.7127160731224136	0.9136615376335485	1.1146068447315076	0.1373469839227287	0.3382930967030047	0.5392390147774533	0.7401847123948394	0.9411302212117022	1.1420756282689517	0.0	0.0	0.0	0.0	0.0	0.0	0.19905768358357667	0.19905837444804342	0.19905888308008599	0.19905935181127357	0.19905989158321225	0.1990606487307779	0.39811558765662675	0.3981168471102691	0.39811781262647716	0.39811870183874054	0.3981197199490052	0.39812108810924357	0.5971737923380931	0.5971754720412245	0.5971767990384408	0.5971780343139914	0.597179427104449	0.5971812391025886	0.7962322943433943	0.796234246035338	0.7962358387702883	0.796237344839345	0.7962390102738826	0.7962411053627344	0.9952910071881714	0.9952931073100394	0.9952949132905886	0.9952966450436502	0.9952985245875446	0.995300770143015
0.0	0.20095917370162572	0.4019177038595241	0.6028757190166925	0.8038332003956077	1.0047899783521206	0.02765023896923347	0.22860940314824157	0.4295679538676974	0.6305260107368197	0.8314835757865351	1.0324405422412852	0.05530005044513707	0.2562590734487131	0.45721758994821093	0.6581756834260016	0.8591333740596835	1.0600906238154642	0.082949463908875	0.28390830138197215	0.4848667517492228	0.6858248753156834	0.8867827021568422	1.087740237365368	0.11059853822090723	0.31155719963325185	0.5125155959713219	0.7134737433794064	0.9144316743656703	1.1153894458502012	0.13824727845881166	0.3392058688599804	0.5401642608358931	0.741122428588745	0.9420804046850393	1.14303827798134	0.0	0.0	0.0	0.0	0.0	0.0	0.1990453120180141	0.19904601504932024	0.19904653242749484	0.19904700926297514	0.19904755870418658	0.1990483300100778	0.3980908487172135	0.39809213034625585	0.3980931124585326	0.39809401699261965	0.3980950532548205	0.3980964468364171	0.597136691604887	0.5971384008740744	0.5971397506232548	0.5971410070939924	0.5971424245782782	0.5971442700687645	0.7961828372973092	0.796184823321309	0.7961864432602005	0.796187975031323	0.7961896698118996	0.7961918034716692	0.99522919771285	0.995231334724398	0.9952331714506166	0.9952349326237769	0.9952368450719754	0.9952391318038739
0.0	0.20097174557905276	0.4019428364004385	0.6029134033322666	0.8038834270413638	1.00485273432097	0.027830344826427707	0.22880208103839303	0.42977319288631916	0.6307438023463409	0.8317139114621653	1.0326834113358387	0.05566025468645062	0.2566318474457207	0.4576029245617691	0.6585735713495167	0.859543808500551	1.0605135973135378	0.08348975968672898	0.2844611637689609	0.4854321736329833	0.686402851102027	0.8873732270494951	1.088343306791559	0.11131891980243436	0.31229014474853023	0.5132610996473291	0.7142318014205923	0.915202283468598	1.1161726039236688	0.13914774011815734	0.34011889283572583	0.5410898433616411	0.7420605658617341	0.943031093831835	1.144001517971819	0.0	0.0	0.0	0.0	0.0	0.0	0.1990328579889182	0.19903357330941276	0.19903409951881393	0.199034584540098	0.19903514375627862	0.1990359293882628	0.39806594490269365	0.3980672489304186	0.39806824780018013	0.398069167808822	0.3980702224189874	0.3980716417184746	0.5970993436499172	0.5971010827832061	0.5971024555045208	0.5971037333795916	0.5971051758209026	0.5971070551894443	0.7961330507454671	0.796135071447657	0.7961367188516243	0.7961382765751731	0.7961400010102427	0.7961421736810349	0.9951669764920841	0.99516915076453	0.9951710185297171	0.9951728094066081	0.9951747550997667	0.9951770834738695
0.0	0.20098440231816175	0.4019681385521621	0.6029513419182885	0.8039339925152923	1.004915913522262	0.02801048448195081	0.2289948775954433	0.42997863532534636	0.6309618820439604	0.8319446198068502	1.0329267375664846	0.056020526445344394	0.25700477380881265	0.45798849628970123	0.6589717810624888	0.8599546493421346	1.0609370617543539	0.08403015663231227	0.28501421214148714	0.4859978662385215	0.6869811822915314	0.8879641919872701	1.088946900872726	0.11203943614686857	0.3130233094124899	0.5140069075977122	0.714990248422253	0.9159733661964935	1.1169563202843595	0.14004837007899518	0.34103216988645985	0.5420157636886156	0.7429991256253715	0.9439822901415093	1.14496534980815	0.0	0.0	0.0	0.0	0.0	0.0	0.1990203214501013	0.19902104918225708	0.19902158430807443	0.19902207759685855	0.19902264669410372	0.19902344682077108	0.39804087612100714	0.3980422027709431	0.39804321855978636	0.3980441541960332	0.3980452273508801	0.39804667266613913	0.5970617483355414	0.5970635176313308	0.5970649135451844	0.5970662130341331	0.5970676806965267	0.5970695943304771	0.7960829345048995	0.7960849902318438	0.796086665362271	0.79608824928903	0.7960900036879801	0.7960922158116923	0.9951043432977595	0.9951065552027876	0.9951084543005064	0.9951102751651945	0.9951122544449087	0.9951146249288142
0.0	0.200997143997731	0.401993610472081	0.6029895350105443	0.8039848971311869	1.0049795163469915	0.02819065817224487	0.22918779313463122	0.43018428157853095	0.6311802503017675	0.8321757013708029	1.0331705215612057	0.056380866194386516	0.2573778530893209	0.4583743057617768	0.6593703132729856	0.8603658973707602	1.0613610180025115	0.08457065545412838	0.2855674472867511	0.4865638304313954	0.6875598698280325	0.8885555979923838	1.0895510207097232	0.1127600881985644	0.3137566946480819	0.5147530209237065	0.7157490855638817	0.9167449238073067	1.1177405962690914	0.1409491695214222	0.34194570127083856	0.5429420231537423	0.7439381092948021	0.9449339951076371	1.1459297750628286	0.0	0.0	0.0	0.0	0.0	0.0	0.19900770235505372	0.1990084426214599	0.19900898674897427	0.1990094883871378	0.19901006747194003	0.19901088226270114	0.3980156422794503	0.3980169917753584	0.3980180246450541	0.3980189760622703	0.3980200679592007	0.3980215395894561	0.5970239055231504	0.5970257052801771	0.597027124607198	0.5970284459199625	0.5970299390683497	0.5970318873566982	0.796032488391347	0.796034579490021	0.7960362826085308	0.7960378929896992	0.7960396776628438	0.7960419296831553	0.9950412979001455	0.9950435478098857	0.9950454785339516	0.995047329670929	0.9950493428797252	0.9950517559428425
0.0	0.20100997069711168	0.40201925231873187	0.6030279828465518	0.8040361412051547	1.005043543189048	0.02837086613411698	0.22938082797213047	0.4303901320411342	0.6313989075939382	0.832407156706904	1.0334147639512359	0.056741274406874355	0.2577510858398759	0.4587603536096364	0.6597691686915215	0.8607775533757798	1.0617854669262194	0.08511125686177187	0.28612086999361397	0.4871300670793957	0.6881389146581737	0.8891474460904384	1.0901556674073731	0.11348087690333131	0.3144903014802825	0.515499440729144	0.7165083140281419	0.9175169575627344	1.11852543321901	0.14185013962736248	0.34285948824991563	0.5438686230969152	0.7448775182887111	0.9458862102279099	1.1468947953130462	0.0	0.0	0.0	0.0	0.0	0.0	0.19899500065694425	0.1989957535802989	0.19899630679487873	0.1989968168644818	0.1989974060437289	0.19899823566881247	0.39799024328467675	0.39799161585053755	0.39799266596302324	0.3979936333148834	0.39799474415198	0.3979962423977941	0.59698581507317	0.5969876455904909	0.596989088551522	0.596990431898427	0.5969919507985669	0.5969939341319309	0.7959817122192605	0.795983839037032	0.7959855704054741	0.7959872074926597	0.7959890227512317	0.795991315113593	0.9949778400678968	0.9949801283549056	0.9949820909993736	0.99498397269355	0.9949860201748768	0.994988476288413
0.0	0.20102288249623043	0.402045064251808	0.6030666856655682	0.8040877250556261	1.0051079944452301	0.028551108604747123	0.22957398242505989	0.43059618710993997	0.6316178543967521	0.8326389863707205	1.033659465371081	0.057101751556850724	0.2581244726144254	0.45914664046681364	0.6601683480310827	0.8611896181495985	1.0622104093973255	0.08565196156595903	0.28667448105263077	0.48769657705258196	0.6887183177314444	0.8897397373104622	1.0907608420745094	0.1142018032084761	0.3152241309361378	0.516246168120501	0.7172679350009176	0.9182894687282736	1.1193108324796444	0.14275128158060996	0.34377353208718703	0.5447955648610441	0.7458173540293751	0.946838937004188	1.1478604121407454	0.0	0.0	0.0	0.0	0.0	0.0	0.1989822163086183	0.19898298201172093	0.19898354439881846	0.19898406298209992	0.1989846623630733	0.19898550699352396	0.3979646790426935	0.3979660749026943	0.39796714242006703	0.3979681258605516	0.397969255836574	0.3979707809998415	0.5969474768450548	0.596949338422031	0.5969508052381203	0.5969521708298713	0.5969537157483654	0.5969557345189809	0.7959306058017942	0.7959327686864047	0.795934528566845	0.7959361926120561	0.7959380387682005	0.7959403719198221	0.9949139695680439	0.9949162966052846	0.9949182914644373	0.9949202040011313	0.9949222860993513	0.9949247857363002
0.0	0.20103587947559026	0.40207104643216063	0.6031056437085928	0.8041396490033589	1.005172870515248	0.028731385821689666	0.22976725681148594	0.43080244718325805	0.6318370911885954	0.8328711909205099	1.0339046264585254	0.05746229811910541	0.2584980139682367	0.4595331669687381	0.6605678520071305	0.8616020924876792	1.0626358462913221	0.086192770278525	0.28722828125604855	0.48826336122328123	0.6892980800001797	0.8903324726849104	1.0913665458239785	0.11492286806279983	0.31595818404476206	0.5169932042068965	0.7180279496713127	0.919062458573221	1.1200967954009082	0.14365259656683485	0.3446878340485988	0.5457228497920631	0.7467576179426706	0.9477921769425108	1.1488266271326315	0.0	0.0	0.0	0.0	0.0	0.0	0.19896934926259766	0.19897012786834195	0.19897069951348959	0.19897122669286482	0.19897183638323757	0.19897269619091354	0.39793894945886094	0.39794036883738276	0.3979414539218922	0.397942453605283	0.39794360291966396	0.3979451553036065	0.5969088906972881	0.5969107836335682	0.596912274525959	0.5969136625736362	0.5969152337779227	0.5969172883796361	0.7958791689508048	0.795881368250351	0.7958831569050601	0.7958848481606985	0.7958867255274654	0.7958890999173075	0.9948496861659931	0.9948520523268164	0.9948540796951518	0.9948560233600829	0.9948581404204642	0.9948606840555935
0.0	0.20104896171627273	0.4020971990218032	0.6031448572183732	0.8041919133714461	1.005238171801735	0.02891169802287529	0.22996065145042677	0.43100891266093017	0.6320566184499701	0.8331037709172308	1.0341502478546427	0.057822914569181136	0.25887171045790486	0.45991993375274537	0.6609676813376139	0.8620149771885568	1.0630617784873628	0.0867336837124355	0.28778227139782003	0.4888304204661038	0.689878202419578	0.8909256532496851	1.0919727797726615	0.11564407241661129	0.3166924618373526	0.5177405501001101	0.7187883592316711	0.9198359283706956	1.1208833233371234	0.14455408577359	0.3456023954025553	0.5466504792389407	0.7476983114580869	0.9487459315531116	1.149793441880188	0.0	0.0	0.0	0.0	0.0	0.0	0.1989563994710794	0.1989571911024458	0.19895777209125234	0.1989583079493112	0.1989589280571464	0.19895980321471723	0.39791305443789016	0.3979144975594948	0.39791560037353624	0.3979166164544126	0.3979177853072541	0.3979193652164147	0.5968700564873785	0.5968719810828819	0.5968734962730037	0.5968749069880562	0.5968765047464043	0.5968785955746642	0.7958274014768468	0.7958296375397621	0.7958314552312045	0.7958331739500584	0.7958350828413958	0.7958374989201572	0.99478498962552	0.9947873952836446	0.9947894554558642	0.9947914305351442	0.9947935829038522	0.9947961710136922
0.0	0.2010621292999395	0.40212352218391473	0.60318432643941	0.8042445184853225	1.0053038987102543	0.029092045446619405	0.23015416666186211	0.43121558394434134	0.632276436663506	0.8333367269245574	1.0343963302038133	0.05818360138338757	0.25924556264136805	0.4603069414580944	0.6613678367429876	0.8624282730538583	1.063488206868284	0.08727470258180453	0.28833645227362287	0.4893977556579641	0.6904586859477237	0.8915192800441587	1.092579545041499	0.11636541722175284	0.31742696534721776	0.5184882069146105	0.7195491648776065	0.92060987939767	1.1216704176470529	0.14545575039034989	0.34651721741995944	0.5475784545537221	0.7486394360087691	0.9497002023504619	1.150760857979724	0.0	0.0	0.0	0.0	0.0	0.0	0.198943366885935	0.19894417166598338	0.19894476208413048	0.19894530670363514	0.19894593733738417	0.1989468280183285	0.39788699388384147	0.3978884609732588	0.3978895816793662	0.3978906143126007	0.3978918029046701	0.3978934106449078	0.5968309740718568	0.5968329306267576	0.5968344703362168	0.5968359039304567	0.5968375285119609	0.5968396559638092	0.7957753031891691	0.795777576364205	0.7957794233550284	0.7957811697902649	0.7957831105210118	0.7957855687411196	0.9947198797087655	0.9947223252382587	0.9947244185092556	0.9947264252893808	0.9947286133134703	0.9947312463763016
0.0	0.20107538230883293	0.40215001608284073	0.6032240516179586	0.8042974646727665	1.005370051649303	0.029272428331612445	0.23034780276672412	0.43142246143641155	0.6324965463139534	0.8335700595088719	1.0346428741537161	0.05854435903878485	0.2596195710778917	0.46069419072595175	0.661768318946198	0.8628419808882882	1.0639151323205904	0.08781582760187415	0.28889082468084004	0.4899653676780615	0.6910395315455682	0.8921133541111562	1.093186842755474	0.11708690343157134	0.3181616956097478	0.5192361757675276	0.7203103678079749	0.9213843129349437	1.1224580796938752	0.1463575916084753	0.34743230137417835	0.5485067770914946	0.7495809930314852	0.9506549908532389	1.1517288770323402	0.0	0.0	0.0	0.0	0.0	0.0	0.19893025145871063	0.19893106951057302	0.1989316694438115	0.1989322229076945	0.19893286417619518	0.19893377055479855	0.3978607677001248	0.39786225898224004	0.3978633977430793	0.39786444708383334	0.3978656556165597	0.39786729149504413	0.5967916433062774	0.5967936321209881	0.5967951965715587	0.596796653257155	0.5967983049317298	0.5968004694057933	0.7957228738957162	0.7957251845319242	0.7957270610849485	0.7957288354901069	0.7957308083759862	0.7957333091915851	0.9946543561762373	0.9946568419514961	0.9946589686163434	0.9946610073841863	0.9946632314115927	0.9946659099074345
0.0	0.2010887208257793	0.4021766808840999	0.6032640330020388	0.8043507522639134	1.0054366310303269	0.0294528469169401	0.23054156008692084	0.43162954554162225	0.6327169478882125	0.8338037692392976	1.0348898803553659	0.05890518801322142	0.2599937363281096	0.46108168219943596	0.6621691286727299	0.8632561014996797	1.0643425557345092	0.08835705948906813	0.2894453894186166	0.4905332574079401	0.691620740176993	0.8927078764970212	1.0937946740436815	0.11780853200099171	0.31889665366249187	0.5199844577787325	0.721071969224958	0.9221592302672289	1.1232463108452728	0.14725961062129814	0.3483476485411309	0.5494354482104791	0.7505229839667192	0.9516102985844223	1.152697500644031	0.0	0.0	0.0	0.0	0.0	0.0	0.1989170531406247	0.19891788458749804	0.1989184941216444	0.19891905651300643	0.19891970852548138	0.19892063077683397	0.39783437578949515	0.397835891489336	0.3978370484676979	0.39783811467141805	0.3978393433468883	0.3978410076720942	0.5967520640452111	0.5967540854203663	0.5967556748339804	0.5967571548234538	0.5967588338618277	0.5967610357583097	0.7956701134031186	0.795672461849832	0.7956743682280385	0.7956761708570229	0.7956781762146349	0.7956807200815763	0.9945884187867978	0.9945909451825297	0.9945931055364686	0.9945951765792702	0.9945974369588021	0.9946001613694001
0.0	0.2011021449341886	0.40220351675438326	0.6033042708414336	0.8044043815912534	1.0055036372677195	0.02963330144206222	0.23073543894531479	0.43183683666599443	0.6329376418753115	0.834037856687676	1.0351373494630889	0.059266088785294775	0.2603680589539842	0.4614694165235777	0.6625702666505664	0.863670635698953	1.0647704780039489	0.08889839896093377	0.2900001472878009	0.49110142573143034	0.6922023128087512	0.8933028482515566	1.0944030400392677	0.1185303038864395	0.31963184054508037	0.5207330540707592	0.7218339703339849	0.9229346326830722	1.1240351124733539	0.1481618086240356	0.3492632601992019	0.5503644692719432	0.7514654102585856	0.9525661270712078	1.153666730425596	0.0	0.0	0.0	0.0	0.0	0.0	0.19890377188256908	0.19890461684770797	0.1989052360686407	0.19890580747074874	0.19890647033680364	0.19890740863679807	0.3978078180540547	0.39780935839677883	0.39781053375557246	0.3978116169779861	0.3978128659989414	0.3978145590806433	0.5967122361422479	0.5967142903786884	0.5967159049774274	0.5967174084836443	0.5967191151573548	0.5967213548780265	0.7956170215166972	0.7956194081235131	0.795621344590034	0.7956231756971067	0.7956252138439219	0.7956278012197537	0.99452206729767	0.9945246346888741	0.9945268290273026	0.9945289326326644	0.994531229713995	0.9945340005228098
0.0	0.20111565471805934	0.40223052386156416	0.6033447653877044	0.804458352989652	1.0055710707788459	0.029813792146851578	0.23092943966576657	0.43204433521713737	0.6331586287664598	0.8342723224286257	1.0353852821345875	0.059627061834423706	0.26074253951888365	0.4618573943454015	0.6629717336102754	0.864085584300208	1.0651989000265956	0.0894398467362491	0.29055509909105715	0.4916698735347652	0.692784250410588	0.8938982704281508	1.0950119418795619	0.11925222004597606	0.32036725729936466	0.5214819657689497	0.7225963723438811	0.9237105214750088	1.1248244859548104	0.1490641868139408	0.3501791376293971	0.5512938416403617	0.7524082733549932	0.9535224778451764	1.1546365679928152	0.0	0.0	0.0	0.0	0.0	0.0	0.19889040763510504	0.19889126624181452	0.19889189523547066	0.19889247573175584	0.1988931495613777	0.19889410408670677	0.39778109439524467	0.3977826596061272	0.3977838535083731	0.3977849539054846	0.3977862234753164	0.39778794562458336	0.5966721594499858	0.5966742468487422	0.596675886854828	0.5966774140909945	0.5966791486723821	0.5966814266205742	0.7955635980404479	0.7955660231572086	0.7955679899753165	0.795569849815091	0.7955719210694435	0.7955745524133991	0.9944553014644173	0.9944579102263655	0.9944601388448266	0.9944622753007029	0.9944646094343624	0.9944674271265576
0.0	0.201129250261976	0.40225770237469294	0.6033855168941827	0.8045126667963389	1.00563893198403	0.029994319271553927	0.2311235625730923	0.4322520416042033	0.6333799090550001	0.8345071670394912	1.035633679030886	0.05998810764077602	0.261117178587507	0.4622456163138484	0.6633735302849302	0.8645009481206406	1.065627822703828	0.08998140353491789	0.2911102456327573	0.4922386017064706	0.6933665539551289	0.8944941440836625	1.0956213807059587	0.1199742814391748	0.32110290496929067	0.5222311940013247	0.7233591764667374	0.9244868979394282	1.1256144326707826	0.1499667463901738	0.35109528211521196	0.5522235666832823	0.7533515747075092	0.9544793524421553	1.1556070149663062	0.0	0.0	0.0	0.0	0.0	0.0	0.19887696034846666	0.19887783272009507	0.1988784715724666	0.19887906124652227	0.19887974615007784	0.19888071707823227	0.3977542047138524	0.39775579501827313	0.3977570076270967	0.39775812535518323	0.39775941567792983	0.3977611672071198	0.5966318338200404	0.5966339546823174	0.5966356203181028	0.5966371714977597	0.5966389342599631	0.5966412508405575	0.7955098427770542	0.79551230675383	0.7955143041869275	0.7955161930143614	0.7955182976954424	0.7955209734684302	0.9943881210409604	0.9943907715491789	0.9943930347433494	0.9943952043380392	0.9943975758754072	0.9944004409378373
0.0	0.20114293165111408	0.40228505246400703	0.6034265256159852	0.804567323350928	1.0057072213065785	0.03017488305682589	0.23131780799310647	0.4324599562379353	0.6336014832364614	0.8347423911004009	1.035882540816393	0.060349226685335725	0.2614919767259562	0.4626340830798528	0.6637756574101905	0.86491672798063	1.0660572469408085	0.09052307007806433	0.29166558771908085	0.4928076111374694	0.6939492244179887	0.8950904702785346	1.0962313576640361	0.12069648902722793	0.32183878460101095	0.5229807398987002	0.7241223839180312	0.9252637633767008	1.126404954006989	0.15086948855390986	0.3520116949427446	0.5531536457714438	0.7542953157714818	0.9554367524023455	1.1565780729716577	0.0	0.0	0.0	0.0	0.0	0.0	0.19886342997255674	0.1988643162324885	0.19886496502961903	0.19886556396519872	0.1988662600534327	0.19886724756269908	0.39772714891000305	0.39772876453343425	0.39772999601205905	0.3977311312276668	0.39773244250800954	0.3977342237307643	0.596591259103033	0.5965934137301935	0.5965951052181537	0.5965966805551707	0.5965984717721206	0.5966008273915421	0.7954557555278717	0.7954582587149427	0.7954602870265517	0.7954622050969404	0.7954643435247911	0.7954670641893843	0.9943205257795574	0.9943232184098074	0.994325516475487	0.9943277194976271	0.9943301287909241	0.9943330417121233
0.0	0.20115669897124008	0.40231257430093087	0.6034677918100138	0.8046223229954174	1.0057759391727823	0.03035548374372098	0.231512176252608	0.4326680795306533	0.6338233518085448	0.8349779951942532	1.0361318681588882	0.06071041944988317	0.2618669345017165	0.4630227952963228	0.6641781157242832	0.8653329247037189	1.0664871736464636	0.09106484708801034	0.2922211261579922	0.49337690272105905	0.6945322627777485	0.895687250076772	1.096841873903534	0.12141884377293032	0.322574897242868	0.5237306045946716	0.7248859959166102	0.9260411190911615	1.1271960513537105	0.1517724145083341	0.3529283774006905	0.5540840802787703	0.7552394980060348	0.9563946792703167	1.1575497436394235	0.0	0.0	0.0	0.0	0.0	0.0	0.19884981645694763	0.19885071672859625	0.19885137555657736	0.19885198383759287	0.19885269122162627	0.1988536954910848	0.39769992688316114	0.397701568051155	0.3977028185628962	0.3977039714228364	0.3977053038660961	0.39770711509733564	0.596550435148593	0.596552623842142	0.5965543414048657	0.5965559411134357	0.5965577610598501	0.5965601561260577	0.7954013360929312	0.7954038788407696	0.7954059382945211	0.795407885863491	0.7954100583589965	0.7954128243794222	0.9942525154308076	0.9942552505590674	0.9942575837921667	0.9942598205307237	0.9942622679330039	0.9942652292031741
0.0	0.201170552308714	0.40234026805808093	0.6035093157349629	0.8046776660741991	1.005845086011927	0.03053612157369164	0.23170666767938466	0.43287641189626075	0.6340455152711328	0.8352139799067277	1.0363816617295358	0.061071686416993044	0.2622420524836564	0.4634117536181428	0.6645809059680073	0.8657495391166208	1.066917603733494	0.09160673528826732	0.2927768617592346	0.4939464773529078	0.6951156700159552	0.8962844845459425	1.0974529305783565	0.12214134664066517	0.3233112439453826	0.5244807892256038	0.7256500136846856	0.9268189663911051	1.127987726105789	0.15267552545862154	0.3538453307803248	0.5550148715823567	0.756184122874055	0.9573531345949967	1.158522028605115	0.0	0.0	0.0	0.0	0.0	0.0	0.19883611975087967	0.19883703415768045	0.1988377031026484	0.19883832081316788	0.19883903960449645	0.19884006081401878	0.3976725385321276	0.39767420547030385	0.39767547517856167	0.39767664583990686	0.39767799965204004	0.3976798412079575	0.5965093618053529	0.5965115848669222	0.5965133287271028	0.5965149530217367	0.5965168019731156	0.596519236895594	0.7953465842709322	0.7953491669301849	0.795351257789809	0.7953532351133106	0.795355441998193	0.7953582538403219	0.9941840897436436	0.9941868677460899	0.99418923644262	0.9941915071868831	0.9941939930520263	0.9941970031630253
0.0	0.2011844917504903	0.4023681339092676	0.6035510976513224	0.8047333529340628	1.0059146622562987	0.030716796788598094	0.23190128260222292	0.4330849537502558	0.6342679741263012	0.8354503458262982	1.0366319222028981	0.06143302807005398	0.26261733124204867	0.4638009587021951	0.6649840288847565	0.8661665720492432	1.0673485381183982	0.09214873540356837	0.29333279533436357	0.4945163359310892	0.6956994471171561	0.896882174757213	1.0980645288466102	0.12286399859644369	0.3240478257612944	0.525231294930673	0.7264144384478745	0.9275973065888294	1.1287799796626703	0.15357882261198472	0.35476255637555115	0.5559460210625177	0.7571291918422424	0.958312119929723	1.159494929509253	0.0	0.0	0.0	0.0	0.0	0.0	0.19882233980326106	0.19882326846866424	0.19882394761679648	0.19882457484104246	0.19882530515153501	0.19882634348178205	0.3976449837550395	0.3976466766890732	0.3976479657573264	0.3976491543774064	0.397650529765002	0.3976524019630583	0.5964680389209484	0.5964702966522809	0.5964720670327076	0.5964737161282289	0.5964755943608486	0.5964780695506006	0.7952914998592426	0.7952941227807133	0.795296245310029	0.7952982526443308	0.7953004942411427	0.7953033523724788	0.9941152484653307	0.9941180697183206	0.9941204741743822	0.9941227792139553	0.9941253038966595	0.9941283633419896
0.0	0.2011985173841212	0.4023961720295017	0.6035931378213871	0.804789383924209	1.0059846683411993	0.030897509630716222	0.23209602135091895	0.4332937055097451	0.6344907288783361	0.8356870935442532	1.0368826502569595	0.061794444893286116	0.26299277134859067	0.4641904112073839	0.6653874852205459	0.8665840243347184	1.0677799777215067	0.09269084815989034	0.2938889276967717	0.4950864793561101	0.6962835950689309	0.8974803217853841	1.0986766698706412	0.12358680060793621	0.3247846437455961	0.525982122851904	0.7271792714352399	0.9283761410006797	1.1295728134284517	0.1544823071777057	0.3556800554829366	0.5568775301028259	0.7580747063811518	0.9592716368322869	1.1604684479974154	0.0	0.0	0.0	0.0	0.0	0.0	0.19880847656266556	0.19880941961012918	0.198810109047641	0.19881074586998856	0.19881148781188526	0.19881254344430496	0.3976172624493654	0.39761898160497466	0.3976202901967742	0.3976214969331723	0.3976228941034479	0.39762479726236627	0.5964264663420114	0.5964287590449453	0.5964305561684947	0.5964322302800339	0.5964341380709421	0.5964366539404795	0.79523608265389	0.7952387461885221	0.7952409006514268	0.7952429382531089	0.7952452148852269	0.7952481197748966	0.9940459913414561	0.9940488562215087	0.9940512967332805	0.9940536363580756	0.9940562002138496	0.9940593094886456
0.0	0.20121262929775585	0.4024243825949928	0.6036354365092549	0.8048457593962451	1.0060551047049433	0.031078260342724363	0.23229088425626473	0.4335026675934295	0.6347137800337189	0.8359242236546796	1.037133846573109	0.06215593737171177	0.2633683733763747	0.4645801117946042	0.665791275723981	0.8670018968093703	1.068211923466948	0.0932330742844154	0.29444525966164997	0.4956569085308709	0.6968681148618502	0.8980789267088484	1.0992893548169926	0.12430975364441857	0.3255216989554792	0.5267332741341153	0.7279445138792358	0.9291554709469909	1.1303662288118244	0.15538598036708517	0.3565978294016598	0.5578094000900602	0.7590206679651397	0.9602316868648803	1.1614425857201833	0.0	0.0	0.0	0.0	0.0	0.0	0.1987945299773341	0.19879548753031706	0.19879618734345822	0.19879683384843302	0.1987975875343439	0.1987986606511692	0.3975893745119086	0.39759112011484243	0.39759244839380486	0.39759367340435414	0.3975950925651526	0.3975970270049134	0.5963846439141747	0.5963869718906281	0.5963887959802556	0.5963904953232453	0.5963924329502557	0.5963949899135914	0.7951803324495672	0.7951830369484263	0.7951852236088865	0.7951872917348335	0.7951896037264522	0.7951925558451942	0.9939763181159361	0.9939792269997144	0.9939817038634431	0.9939840783636726	0.993986681748828	0.993989841349846
0.0	0.2012268275801448	0.4024527657831582	0.6036779939808391	0.804902479704204	1.0061259717888786	0.03125904916771898	0.23248587165006804	0.43371184042162786	0.6349371281011543	0.8361617367544955	1.0373855118361779	0.06251750599118804	0.26374413789992435	0.4649700611267831	0.6661954011463023	0.8674201903127652	1.0686443762827036	0.09377541450557857	0.2950017920460391	0.4962276243607215	0.6974530074895365	0.8986779906096555	1.099902584856474	0.12503285867684416	0.3262589924504101	0.5274847499249989	0.728710167015791	0.9299352977521779	1.1311602272261667	0.15628984339351767	0.35751587943359087	0.5587416324142885	0.7599670780724519	0.9611922715941872	1.1624173443332364	0.0	0.0	0.0	0.0	0.0	0.0	0.19878049999517144	0.19878147217712647	0.19878218245217785	0.19878283872445426	0.19878360426735753	0.19878469505160412	0.39756131983880044	0.39756309211482643	0.39756444024462784	0.3975656836874074	0.397567125047193	0.39756909108902855	0.596342571482062	0.5963449350340174	0.5963467863127486	0.596348511102918	0.596350478844605	0.5963530773172447	0.7951242490396194	0.7951269948538761	0.7951292139759173	0.7951313128833125	0.7951336605594375	0.7951366603795924	0.9939062285309999	0.9939091817952926	0.9939116953072819	0.9939141049734516	0.9939167482450958	0.9939199586707013
0.0	0.2012411123206409	0.40248132177262474	0.6037208105038722	0.8049595452045467	1.0061972700373922	0.031439876349219575	0.2326809838651583	0.43392122441628433	0.6351607735915789	0.8363996334434589	1.0376376467344488	0.06287915123841788	0.264120065495207	0.4653602598688928	0.6665998622414001	0.8678389056877254	1.0690773371006224	0.09431786955307929	0.29555852566884233	0.4967986277534749	0.6980382739486788	0.899277514573527	1.1005163611641775	0.12575611667784561	0.3269965252921329	0.5282365513751252	0.7294762320843148	0.9307156227447402	1.131954810089551	0.15719389747249846	0.3584342068832988	0.5596742284688774	0.7609139381852339	0.962153392591395	1.1633927254973653	0.0	0.0	0.0	0.0	0.0	0.0	0.19876638656374596	0.19876737349811266	0.19876809432138304	0.19876876044578232	0.19876953795902283	0.19877064659448704	0.3975330983254999	0.3975348975003923	0.3975362656447617	0.3975375276780931	0.3975389914459483	0.39754098941233745	0.5963002488892873	0.5963026483187767	0.5963045270096987	0.5963062774630683	0.5963082755987622	0.5963109159976959	0.7950678322160435	0.7950706196969561	0.7950728715446527	0.7950750014909718	0.7950773851774138	0.7950804331729137	0.9938357223271882	0.9938387203488924	0.9938412708054921	0.9938437159283943	0.9938463994444229	0.9938496611945791
0.0	0.20125548360919887	0.4025100507432278	0.6037638863479032	0.805016956256161	1.0062689998979062	0.031620742131156114	0.23287622123537338	0.43413082000095454	0.6353847170181459	0.8366379143241532	1.0378902519596407	0.0632408736009219	0.26449615673960486	0.4657507086879214	0.667004659765784	0.8682580437802997	1.0695108068563906	0.09486044015784637	0.29611546135078964	0.49736991961937094	0.6986239152389948	0.8998774996898196	1.1011306849194393	0.12647952862170203	0.32773429854463604	0.5289886796379079	0.7302427103276614	0.9314964472572272	1.132749978824707	0.15809814382158824	0.35935281305801603	0.5606071896504553	0.7618612497894935	0.9631150514321567	1.164368730878433	0.0	0.0	0.0	0.0	0.0	0.0	0.19875218963029118	0.19875319144048914	0.19875392289831179	0.19875459895980027	0.19875538855708785	0.19875651522834448	0.3975047098667966	0.3975065361663243	0.39750792448903755	0.3975092052714808	0.39751069165710284	0.39751272187176584	0.5962576759784594	0.5962601115875485	0.5962620179138021	0.5962637942466789	0.5962658230564606	0.5962685058001544	0.7950110817694938	0.7950139112683916	0.7950161961058573	0.7950183573488621	0.7950207773722305	0.7950238740185883	0.9937647992433614	0.9937678423994644	0.9937704300970602	0.9937729109677664	0.9937756350868558	0.9937789486631126
0.0	0.20126994153638086	0.4025389528760223	0.6038072217843156	0.805074713220383	1.0063411618209066	0.03180164675789049	0.23307158409558681	0.434340627600838	0.6356089588962643	0.8368765800020304	1.0381433282069574	0.0636026735670838	0.2648724122119659	0.4661414082529291	0.6674097944786453	0.8686776054398304	1.0699447864896048	0.09540312705210037	0.29667259991450584	0.49794150087114963	0.6992099323633111	0.9004779470516089	1.1017455573059305	0.12720309548441172	0.3284723132742303	0.5297411358696882	0.7310096029922198	0.9322777726263332	1.1335457348591238	0.15900258366049316	0.3602716992677235	0.5615405173590033	0.7628090143751974	0.9640772496966931	1.1653453621474827	0.0	0.0	0.0	0.0	0.0	0.0	0.19873790914170109	0.19873892595112305	0.19873966812985253	0.19874035421353978	0.19874115600894768	0.19874230090134787	0.39747615435680156	0.3974780080067162	0.39747941667158965	0.3974807163619399	0.39748222557563706	0.3974842883635303	0.5962148525911681	0.5962173246819419	0.5962192588667125	0.5962210612956844	0.5962231210603803	0.5962258465687683	0.7949539974892637	0.7949568693575297	0.794959187448908	0.7949613802466402	0.7949638369343369	0.7949669827086364	0.9936934590166758	0.9936965476842374	0.9936991729192408	0.993701689829095	0.9937044549106954	0.993707820816177
0.0	0.20128448619335543	0.402568028353281	0.6038508170863229	0.8051328164609936	1.0064137562599378	0.03198259047420656	0.23326707278169664	0.4345506476427663	0.635833499743585	0.8371156310853968	1.0383968761750735	0.06396455162612967	0.2652488324925822	0.4665323592350257	0.667815267141833	0.8690975915189287	1.0703792769437455	0.09594593096932467	0.2972299421844804	0.4985133724240205	0.6997963263275304	0.901078857755657	1.1023609795116223	0.12792681824365806	0.32921057054951414	0.5304939212296989	0.7317769113278768	0.9330596001928585	1.1343420796250083	0.1599072182110333	0.3611908668251184	0.5624742129978221	0.7637572334362367	0.9650399889697568	1.1663226209807014	0.0	0.0	0.0	0.0	0.0	0.0	0.19872354504453213	0.19872457697653706	0.198725329962546	0.19872602615368296	0.19872684026164641	0.1987280035613156	0.397447431688951	0.39744931291497493	0.3974507420858594	0.39745206084314316	0.3974535930958316	0.39745568878314225	0.59617177856799	0.5961742874425368	0.5961762497090468	0.5961780784509783	0.5961801694521552	0.5961829381466311	0.7948965791632934	0.7948994937523477	0.7949018453618022	0.7949040699725773	0.7949065636527904	0.7949097590336757	0.9936217013825938	0.9936248359387289	0.9936274990075661	0.993630052248178	0.9936328586525057	0.9936362773919003
0.0	0.2012991176719006	0.40259727735850004	0.603894672528979	0.80519126634423	1.0064867836716171	0.03216357352532204	0.23346268763064035	0.4347608805552207	0.6360583400800219	0.8373550681854374	1.0386508965661596	0.06432650826815074	0.2656254181632156	0.466923562307399	0.6682210785198852	0.8695180028735091	1.0708142791662145	0.09648885264430028	0.2977874889871052	0.49908553519570276	0.7003830981406753	0.9016802329024585	1.1029769527288358	0.12865069787885414	0.3299490714414206	0.5312470368801143	0.7325446365880697	0.9338419313017665	1.1351390145593463	0.16081204869718813	0.3621103170456625	0.5634082779735828	0.7647059084704808	0.9660032708406899	1.1673005090594788	0.0	0.0	0.0	0.0	0.0	0.0	0.19870909728500105	0.19871014446290736	0.19871090834258323	0.1987116147265605	0.19871244126187496	0.19871362315571062	0.39741854175600244	0.3974204507838168	0.39742190062459143	0.397423238608063	0.3974247941112632	0.39742692302540406	0.5961284537484822	0.5961309997088792	0.5961329902803796	0.5961348455524058	0.5961369680723662	0.5961397803757751	0.7948388265781615	0.7948417842394443	0.7948441696311493	0.794846426313551	0.7948489573152485	0.7948522027829138	0.9935495260748729	0.9935527068967341	0.9935554080958365	0.9935579979590746	0.9935608460471053	0.9935643181266526
0.0	0.20131383606440542	0.4026267000764028	0.603938788389182	0.8052500632387924	1.0065602445156432	0.0323445961568836	0.23365842898039152	0.4349713267683307	0.6362834804277518	0.8375948919162169	1.0389053900858867	0.06468854398409571	0.2660021698070917	0.4673150181453105	0.6686272293800266	0.8699388403627881	1.071249794108336	0.09703189281309486	0.29834524115066546	0.499657990106418	0.7009702488148821	0.9022820735962364	1.103593478154239	0.12937473537112942	0.3306878170232062	0.5320004839860407	0.7333127800297782	0.9346247673021763	1.1359365411038964	0.16171707634508725	0.36303005124757426	0.5643427136963212	0.7656550409797734	0.9669670969034205	1.1682790280704076	0.0	0.0	0.0	0.0	0.0	0.0	0.19869456580898442	0.19869562835606308	0.198696403215805	0.198697119878151	0.1986979589559707	0.1986991596316403	0.3973894844500331	0.3973914215052663	0.39739289217983226	0.3973942495489702	0.3973958285148035	0.39739799098440787	0.5960848779711805	0.5960874613194787	0.5960894804192408	0.5960913624387632	0.5960935167605398	0.59609637309717	0.7947807395190828	0.7947837406040378	0.7947861600421688	0.7947884490550421	0.7947910177079662	0.7947943137441454	0.9934769328255635	0.9934801602903237	0.9934828999161173	0.9934855266941021	0.9934884168275633	0.9934919427550436
0.0	0.2013286414638716	0.4026562966929422	0.6039831649456789	0.8053092075158498	1.0066341392548026	0.03252565861497332	0.23385429716996778	0.43518198671388325	0.6365089213112253	0.8378351028946922	1.0391603574434385	0.06505065926578123	0.2663790880089116	0.46770672742610886	0.6690337204921831	0.8703601048493005	1.0716858227253736	0.09757505221307462	0.29890319950535255	0.5002307380789046	0.7015577793654172	0.9028843809449594	1.1042105569888654	0.1300989317033497	0.33142680837047184	0.5327542637155386	0.7340813429135488	0.9354081095473885	1.1367346607052171	0.1626223023830322	0.36395007075185243	0.5652775215794623	0.7666046324699586	0.9679314687564912	1.1692581797053114	0.0	0.0	0.0	0.0	0.0	0.0	0.19867995056201787	0.19868102860148576	0.1986818145277013	0.1986825415540806	0.19868339328991708	0.198684612935856	0.3973602596624389	0.3973622249706547	0.39736371664292935	0.39736509355743294	0.39736669619861836	0.39736889255353486	0.5960410510735975	0.596043672111807	0.5960457199631144	0.5960476289477956	0.5960498153551468	0.5960527161507218	0.7947223177699054	0.7947253626299635	0.7947278163786878	0.794730137981134	0.7947327446157948	0.7947360917037515	0.9934039213650049	0.99340719584984	0.9934099741987356	0.9934126381838333	0.9934155707251977	0.9934191510099203
0.0	0.20134353396391613	0.4026860673953067	0.604027802479074	0.8053686995490503	1.0067084683549845	0.032706761146116	0.23405029253944082	0.43539286082533546	0.6367346632571818	0.8380757017407299	1.0394157993515336	0.0654128546059076	0.26675617335487045	0.46809869082925065	0.6694405526290057	0.8707817971989257	1.072122365976559	0.09811833158293079	0.2994613648832936	0.5008037800384498	0.7021456908107112	0.9034871560603791	1.1048281904381545	0.1308232878601409	0.33216604656118953	0.5335083772396524	0.7348503265035266	0.9361919593949198	1.1375333748147038	0.16352772804152685	0.3648703768823089	0.5662127030398563	0.767554684450919	0.9688963880030989	1.1702379656612887	0.0	0.0	0.0	0.0	0.0	0.0	0.1986652514892945	0.19866634514430762	0.19866714222340973	0.1986678796996212	0.19866874420934172	0.19866998301475108	0.3973308672839311	0.397332861070617	0.3973343739045278	0.3973357705243137	0.3973373970541645	0.39733962762545166	0.5959969728922178	0.5959996319222928	0.5960017087484334	0.5960036449161925	0.5960058636935972	0.5960088093752671	0.7946635611131044	0.7946666500996671	0.7946691384231346	0.7946714928745051	0.7946741378221744	0.7946775364466913	0.9933304914218178	0.9933338133038898	0.9933366306722726	0.9933393321570884	0.9933423074695666	0.9933459426223583
0.0	0.20135851365877186	0.40271601237192095	0.6040727012718298	0.8054285397145239	1.0067832322851815	0.032887903997272525	0.23424641542993027	0.43560394953780895	0.6369607067946447	0.8383166890771021	1.0396717165264195	0.06577513049804637	0.2671334264326456	0.4684909090362892	0.6698477265658591	0.8712039182808772	1.072559424825083	0.09866173166266183	0.30001973811853394	0.5013771169128728	0.702733984172343	0.9040904000580142	1.1054463797119354	0.13154780482787606	0.3329055326756897	0.5342628257323979	0.7356197320674431	0.9369763182064915	1.1383326848885789	0.16443335455326336	0.36579097096555485	0.5671482594977649	0.7685051984365631	0.9698618562510838	1.171218387640701	0.0	0.0	0.0	0.0	0.0	0.0	0.1986504685356653	0.19865157792931204	0.19865238624771586	0.19865313425969106	0.19865401165951696	0.1986552698143616	0.39730130720453705	0.3973033296950927	0.3973048638545713	0.39730628033976984	0.39730793097219	0.3973101960921114	0.5959526432624987	0.5959553405863232	0.5959574466105813	0.5959594101795889	0.5959616616122417	0.5959646526085753	0.7946044693297839	0.7946076027942065	0.7946101259565406	0.7946125135164309	0.7946151971091366	0.7946186477565051	0.9932566427229061	0.9932600123793456	0.993262869063566	0.9932656083409375	0.993268626788471	0.993272317321665
0.0	0.2013735806432911	0.40274613181245345	0.604117861608279	0.8054887283908966	1.0068584315175098	0.033069087415856076	0.23444266618362353	0.43581525328811344	0.6371870524549486	0.8385580655295173	1.039928109687909	0.06613748743667153	0.2675108478314312	0.4688833827309129	0.6702552430808643	0.8716264689677484	1.0729970002381435	0.09920525319361838	0.30057832004708573	0.5019507496325768	0.7033226604750954	0.9046941140572099	1.1060651260244907	0.13227248359473018	0.3336452677967197	0.5350176103708246	0.7363895608766831	0.9377611873480997	1.1391325923879636	0.16533918315317997	0.36671185433106285	0.568084192376927	0.7694561759448943	0.9708278751130013	1.1721994473512491	0.0	0.0	0.0	0.0	0.0	0.0	0.19863560164563634	0.1986367269009309	0.19863754654505075	0.19863830517885206	0.1986391955853575	0.19864047328036383	0.3972715793135951	0.3972736307333205	0.39727518638229686	0.3972766228932489	0.39727829784273005	0.39728059784474873	0.5959080620188631	0.5959107979382359	0.5959129333838842	0.5959149245725573	0.5959172089463639	0.5959202456873407	0.7945450421996654	0.7945482204932413	0.7945507787585295	0.7945531996867738	0.7945559222572937	0.7945594254153043	0.9931823749934433	0.9931857928013328	0.9931886890976962	0.993191466460687	0.9931945284079416	0.9931982748353659
0.0	0.20138873501294635	0.40277642590781726	0.6041632837746249	0.8055492659592924	1.0069340665272093	0.0332503116497199	0.23463904514376402	0.43602677251473543	0.637413700771728	0.8387998317266094	1.0401849795593683	0.0664999259171341	0.2678884381419134	0.4692761125989208	0.6706631029548743	0.8720494501354893	1.0734350931869239	0.09974889691846546	0.30113711150689065	0.5025246791305125	0.7039117207469185	0.9052982991811019	1.1066844305945212	0.1329973251506327	0.3343852530093969	0.5357727323349694	0.7371598142062371	0.9385465681899685	1.1399330987788339	0.16624521507841974	0.36763302831112527	0.569020503104518	0.770407618497971	0.9717944462060826	1.1731811465059345	0.0	0.0	0.0	0.0	0.0	0.0	0.19862065076336954	0.19862179200324512	0.19862262305949133	0.19862339240131038	0.1986242959314206	0.19862559335807445	0.3972416834997551	0.3972437640738395	0.3972453413762358	0.397246798073489	0.39724849755510705	0.3972508327738807	0.5958632289947001	0.5958660038113206	0.5958681689016122	0.5958701879286102	0.5958725055301818	0.5958755884471835	0.7944852795010902	0.7944885029750345	0.7944910966073198	0.7944935511639851	0.7944963130458408	0.7944998692037727	0.9931076879568751	0.9931111542932325	0.9931140904979895	0.993116906239883	0.9931200120522415	0.9931238148892078
0.0	0.20140397686383066	0.4028068948501714	0.604208968058944	0.8056101528033358	1.0070101377926486	0.03343157694717101	0.2348355526546655	0.43623850765785305	0.6376406522809334	0.8390419882999545	1.0404423268677347	0.06686244643569245	0.2682661979563012	0.4696690993282541	0.6710713069715065	0.8724728626634384	1.0738737046466247	0.10029266358122634	0.30169611333786434	0.5030989063422227	0.704501166018976	0.9059029565566631	1.1073042946451914	0.13372233048732304	0.3351254894012647	0.5365281928079125	0.7379304933347602	0.9393324621066093	1.140734205532078	0.16715145156838634	0.3685544942409113	0.569957193111207	0.7713595276219638	0.9727615711522928	1.1741634868231168	0.0	0.0	0.0	0.0	0.0	0.0	0.19860561583268274	0.19860677317998504	0.19860761573476096	0.19860839587091692	0.19860931264190698	0.1986106299924516	0.3972116196509795	0.3972137296044897	0.3972153287242148	0.39721680576852053	0.39721852999793233	0.39722090076930794	0.5958181440223665	0.5958209580378201	0.5958231529959811	0.5958252000802005	0.5958275511968496	0.5958306807226521	0.7944251810110212	0.7944284500164547	0.794431079279726	0.7944335677251068	0.794436369252558	0.7944399789011686	0.9930325813349211	0.9930360965766827	0.9930390729860198	0.9930419274003128	0.9930450774438684	0.9930489372071605
0.0	0.2014193062926646	0.40283753883293444	0.6042549147512057	0.8056713893091787	1.0070866457953576	0.03361288355697318	0.2350321890617218	0.4364504591593526	0.637867907520854	0.8392845358841	1.0407001523435537	0.06722504948951386	0.2686441278683348	0.4700623436090112	0.671479855917164	0.8728967074343519	1.0743128355965004	0.10083655392728891	0.30225532638190944	0.5036734322058625	0.7050909973256709	0.9065080873147359	1.1079247194041708	0.13444750059835925	0.33586597806230756	0.5372839929758004	0.7387015995445998	0.9401188704768546	1.1415359141235393	0.16805789386475486	0.36947625345848406	0.5708942638311807	0.7723119048471868	0.9737292515783685	1.1751464700265593	0.0	0.0	0.0	0.0	0.0	0.0	0.19859049679704413	0.19859167037452474	0.1985925245142237	0.19859331553116158	0.19859424566065464	0.1985955831280886	0.3971813876545319	0.3971835272124009	0.39718514831334434	0.3971866458656542	0.3971883950590943	0.3971908017201032	0.5957728069331695	0.5957756604489133	0.5957778854981349	0.5957799608587047	0.5957823457784404	0.5957855223472058	0.7943647465050195	0.7943680613929525	0.7943707265511365	0.7943732491457486	0.7943760906537876	0.7943797542853023	0.9929570548475467	0.9929606193715504	0.9929636362815804	0.9929665296619771	0.9929697243035265	0.9929736415113891
0.0	0.20143472339679216	0.40286835805077614	0.6043011241432605	0.8057329758654839	1.007163591020007	0.03379423172834377	0.23522895471139957	0.4366626274628171	0.6380954670321024	0.8395274751165457	1.0409584567209536	0.06758773557667441	0.26902222847328144	0.47045584613343927	0.6718887505810234	0.8733209853343866	1.0747524870198368	0.10138056870340179	0.3028147514829076	0.5042482576621867	0.7056812157046298	0.9071136925900123	1.1085457061036084	0.135172836479115	0.33660672008494447	0.5380401340278342	0.7394731341217803	0.9409057946838401	1.1423382260339918	0.16896454321147672	0.37039830730480144	0.5718317167021404	0.7732647517080901	0.9746974891158066	1.1761300978454126	0.0	0.0	0.0	0.0	0.0	0.0	0.1985752935995773	0.19857648352988713	0.1985773493408895	0.19857815132517848	0.19857909493114445	0.19858045270921953	0.39715098739698707	0.3971531567840027	0.39715480003002906	0.39715631825149167	0.397158092625769	0.39716053551462144	0.595727217557382	0.5957301108747306	0.5957323662381614	0.5957344700944387	0.5957368891059615	0.5957401131532299	0.7943039757572651	0.7943073368785816	0.7943100381955335	0.794312595200109	0.7943154770244544	0.7943191951325568	0.9928811082129881	0.9928847223959574	0.9928877801027095	0.992890712743115	0.992893952350152	0.9928979275222797
0.0	0.2014502282741871	0.40289935269963056	0.6043475965288589	0.8057949128634512	1.0072409739544406	0.033975621710961086	0.23542584995125204	0.43687501301354653	0.6383233313576413	0.8397708066377764	1.0412172407376863	0.06795050519616647	0.269400500367949	0.47084960759595457	0.6722979917550613	0.8737456972531334	1.075192659903992	0.10192470865768649	0.3033743894867381	0.5048233836545756	0.7062718221967341	0.9077197735210722	1.1091672559801773	0.1358983391267944	0.33734771656404977	0.5387966171562971	0.7402450983560377	0.9416932361150441	1.1431411427491882	0.16987140085479177	0.3713206571237348	0.5727695531653266	0.7742180697432909	0.9756662854009015	1.1771143720142594	0.0	0.0	0.0	0.0	0.0	0.0	0.19856000618305575	0.19856121258873857	0.19856209015740864	0.19856290319574052	0.19856386039649454	0.1985652386797137	0.39712041876422	0.3971226182050138	0.397124283759957	0.39712582281191455	0.3971276225844093	0.39713010204048954	0.5956813757242264	0.5956843091443377	0.595686595045076	0.5956887276166413	0.5956911810093386	0.5956944529720201	0.7942428685405347	0.794246276245977	0.7942490139854717	0.7942516056609534	0.7942545281380445	0.794258301217866	0.992804741147725	0.992808405366252	0.9928115041656632	0.9928144763601777	0.9928177613008862	0.9928217949584119
0.0	0.20146582102345287	0.4029305229766954	0.6043943322036509	0.8058572006968157	1.0073187950896738	0.03415705375496901	0.2356228751299234	0.4370876162585619	0.638551501042787	0.8400145310912654	1.04147650513513	0.06831335884791341	0.2697789441507008	0.4712436286931566	0.6727075802340685	0.8741708440836307	1.0756333552404092	0.10246897453966118	0.3039342412413013	0.5053988111290572	0.7068628178461428	0.9083263312504053	1.1097893702750972	0.13662400954046441	0.33808896859698534	0.5395534435565864	0.7410174935408508	0.9424811961623192	1.1439446657598897	0.1707784680432672	0.37224330426210733	0.5737077746655578	0.7751718604956119	0.9766356420747835	1.178099294273151	0.0	0.0	0.0	0.0	0.0	0.0	0.19854463448990436	0.19854585749339015	0.1985467469060733	0.19854757108526075	0.19854854199946173	0.19854994098307702	0.39708968164140884	0.39709191136044475	0.3970935993881023	0.3970951594320874	0.39709698482074773	0.39709950118460885	0.5956352812618784	0.5956382550857393	0.5956405717468258	0.5956427332534784	0.5956452213174198	0.595648541633786	0.7941814246262076	0.7941848792663599	0.7941876536920834	0.7941902802996197	0.7941932437666108	0.7941970723147206	0.9927279533664874	0.9927316679970173	0.9927348081849224	0.9927378202278351	0.9927411508710825	0.9927452435365665
0.0	0.20148150174382407	0.4029618690804352	0.6044413314651905	0.8059198397618544	1.0073970549199018	0.034338528110970726	0.235820030597144	0.43730043764660226	0.6387799766352084	0.8402586491234748	1.0417362506582906	0.06867629703275496	0.2701575604214423	0.4716379101238168	0.6731175168156399	0.8745964267223556	1.0760745740246094	0.10301336710021612	0.30449430759649554	0.5059745410342863	0.707454203700273	0.908933366924393	1.110412050234117	0.13734984872102152	0.3388304772835688	0.5403106144271835	0.7417903209734126	0.9432696762218653	1.1447487965618413	0.1716857460277648	0.373166250069663	0.5746463826512004	0.7761261255120532	0.9776055607833917	1.1790848663675833	0.0	0.0	0.0	0.0	0.0	0.0	0.1985291784621986	0.19853041818579722	0.19853131952881695	0.19853215493579193	0.19853313968244118	0.19853455956245167	0.3970587759130334	0.3970610361345966	0.39706274679872405	0.3970643279964564	0.3970661792197953	0.397068732833154	0.595588933997465	0.5955919485258777	0.5955942961702879	0.5955964868320415	0.5955990098579741	0.5956023789676506	0.7941196437842626	0.794123145709536	0.7941259570850772	0.794128618886016	0.7941316236807707	0.7941355081951655	0.9926507445822527	0.9926545100010667	0.9926576918731899	0.9926607440589728	0.9926641207743037	0.9926682729717221
0.0	0.2014972705351714	0.4029933912105911	0.6044885946129507	0.8059828304574062	1.0074757539425232	0.034520045030050635	0.2360173167037573	0.43751347762815596	0.6390087586849625	0.8405031613838961	1.0419964780558477	0.0690393202524899	0.2705363497816686	0.47203245258893045	0.6735278023002315	0.8750224460692865	1.0765163172562588	0.1035578870916775	0.3050545894042859	0.5065505743216181	0.7080459808098778	0.9095408816933913	1.1110352971076034	0.1380758576712735	0.3395722437261603	0.5410681309697452	0.7425635819547264	0.9440586776943304	1.145553536655877	0.17259323606152788	0.3740894958991583	0.5755853785742653	0.7770808663438933	0.9785760431775806	1.1800710900486069	0.0	0.0	0.0	0.0	0.0	0.0	0.19851363804166092	0.19851489460755561	0.19851580796721058	0.1985166546890228	0.19851765338746247	0.19851909436061216	0.39702770146286775	0.3970299924110536	0.397031725875359	0.3970333283887424	0.3970352056658344	0.397037796871566	0.5955423337570539	0.5955453892906216	0.5955477681412584	0.5955499881783365	0.5955525464576803	0.5955559648016382	0.7940575257832637	0.7940610753438804	0.7940639239327218	0.794066621188606	0.7940696676496917	0.7940736086297859	0.9925731145062267	0.9925769310894268	0.9925801549413716	0.9925832475646741	0.9925866707223034	0.9925908829770375
0.0	0.20151312749800007	0.40302508956817756	0.6045361219483176	0.8060461731848635	1.0075548926581315	0.03470160476375591	0.2362147338016996	0.43772673665543915	0.6392378477444717	0.8407480685250256	1.042257188080128	0.06940242900984177	0.27091531283442855	0.4724272567916794	0.6739384374911208	0.8754489030278616	1.0769585859391255	0.10410253526775999	0.30561508751865507	0.5071269119450569	0.7086381502289937	0.910148876711677	1.111659112150484	0.13880203739588262	0.3403142690296036	0.5418259943890428	0.7433372777895442	0.9448482019847468	1.1463588875478543	0.17350093940012878	0.37501304310630795	0.5765247638903523	0.7780360845466319	0.9795470909130607	1.1810579670727668	0.0	0.0	0.0	0.0	0.0	0.0	0.19849801316966328	0.19849928669990433	0.19850021216246555	0.19850107028628078	0.19850208305619252	0.19850354531996836	0.39699645817398577	0.3969987800726887	0.3970005365008269	0.3970021604919459	0.397004064042424	0.3970066931845573	0.5954954803656607	0.5954985772047743	0.5955009874844605	0.5955032371172921	0.5955058309421352	0.5955092989626833	0.7939950703903704	0.7939986679363483	0.7940015540018582	0.79400428697442	0.7940073754411018	0.7940113733877172	0.9924950628478573	0.9924989309713497	0.9925021970985909	0.9925053304542335	0.9925088004250403	0.9925130732638645
0.0	0.20152907273345422	0.40305696435549143	0.6045839137746053	0.8061098683481923	1.0076344715705388	0.03488320756411303	0.23641228224402114	0.43794021518242127	0.6394672443685537	0.8409933712023988	1.0425183814871442	0.06976562380848988	0.2712944501843604	0.47282232343747205	0.6743494231944526	0.8758757985050285	1.0774013810811336	0.10464731238360861	0.30617580279564965	0.5077035548613075	0.7092307130149966	0.9107573531375074	1.1122834966223127	0.13952838890141855	0.341056554301284	0.5425842058930254	0.7441114097864332	0.9456382505026031	1.1471648507487313	0.17440885730152017	0.37593689304984085	0.5774645400587106	0.7789917816800548	0.9805187056504678	1.1820454992021763	0.0	0.0	0.0	0.0	0.0	0.0	0.19848230378722384	0.19848359440372212	0.19848453205542999	0.1984854016685286	0.19848642862993204	0.19848791238256178	0.3969650459287537	0.39696739900165634	0.3969691785572237	0.39697082418834045	0.39697275423239287	0.39697542165610494	0.5954483736472391	0.5954515120920627	0.5954539540235338	0.5954562334727492	0.5954588631358432	0.59546238127662	0.7939322773713235	0.7939359232524611	0.7939388470578851	0.7939416160090408	0.7939447468212762	0.793948802236632	0.9924165893148168	0.9924205093542962	0.9924238180521703	0.9924269924351391	0.9924305095906598	0.9924348435417315
0.0	0.20154510634331785	0.40308901577611356	0.6046319703970571	0.8061739163539342	1.0077144911867781	0.03506485368362634	0.23660996238488546	0.4381539136648252	0.6396969491144222	0.841239070074592	1.0427800590365972	0.07012890515306584	0.2716737624376888	0.47321765323394116	0.6747607602192359	0.8763031334112429	1.0778447036943628	0.10519221919579715	0.30673673609337937	0.5082805040297748	0.709823670228602	0.9113663121331216	1.1129084517872718	0.14025491319635391	0.3417991006511242	0.5433427666928157	0.7448859792577732	0.9464288246618414	1.147971427774564	0.17531699102603784	0.3768610470915034	0.5784047085422422	0.7799479593082387	0.9814908890553693	1.183033688204523	0.0	0.0	0.0	0.0	0.0	0.0	0.19846650983500713	0.19846781765952778	0.19846876758658932	0.1984696487763646	0.1984706900496159	0.1984721954900661	0.3969334646088312	0.39693584907939344	0.3969376519259222	0.39693931935947335	0.39694127611784047	0.3969439821694517	0.5954010134246814	0.5954041937751392	0.5954066675810362	0.5954089770674622	0.5954116428622178	0.5954152115681831	0.7938691464904468	0.7938728410563077	0.7938758028647602	0.7938786080566054	0.7938817815550391	0.7938858949427415	0.9923376936130033	0.9923416659439372	0.9923450175076337	0.9923482332130749	0.9923517979254971	0.9923561935183449
0.0	0.20156122843001828	0.4031212440349156	0.6046802921228565	0.8062383176112201	1.007794952017122	0.03524654337528901	0.2368077745795838	0.43836783256014494	0.6399269625417082	0.8414851658032467	1.0430422214919046	0.07049227354917907	0.272053250202254	0.47361324689097656	0.6751724493773816	0.8767309086605085	1.0782885547950918	0.10573725646235986	0.3072978882720522	0.5088577604126026	0.7104170229339072	0.9119757548647864	1.1135339789142198	0.14098161129110745	0.3425419091916312	0.544101678002761	0.7456609875198105	0.9472199258809153	1.1487786201465675	0.1762253418364452	0.3777855065961077	0.5793452708075545	0.7809046189996063	0.9824636427983217	1.1840225358531307	0.0	0.0	0.0	0.0	0.0	0.0	0.19845063125332169	0.1984519564074778	0.19845291869606382	0.1984538115500205	0.19845486725581107	0.19845639458378503	0.39690171409516645	0.3969041301866144	0.3969059564875674	0.396907645886161	0.39690962958013226	0.39691237460710127	0.5953533995198117	0.5953566220755738	0.595359127978436	0.5953614677230921	0.5953641699435744	0.5953677896610016	0.7938056775106375	0.7938094211105355	0.7938124211849915	0.7938152628797955	0.7938184794057533	0.7938226512707862	0.9922583754465293	0.9922624004441425	0.9922657951686951	0.9922690524919087	0.992272665134065	0.9922771228995777
0.0	0.20157743909662554	0.40315364933805914	0.6047288792611252	0.8063030725317685	1.0078758545750788	0.03542827689257055	0.23700571918452198	0.4385819723276322	0.640157285212446	0.8417316590530555	1.043304869620185	0.0708557295033868	0.27243291408748105	0.47400910512069366	0.6755844914836694	0.8771591251703446	1.0787329354037647	0.10628242494275739	0.30785926019393955	0.5094353249746378	0.7110107721983552	0.9125856825027591	1.1141600792766553	0.14170848419800225	0.34328498103785365	0.5448609410403894	0.7464364358926141	0.9480115555827451	1.1495864293910714	0.17713391099789644	0.3787102729314938	0.5802862283249209	0.7818617623268874	0.9834369685548318	1.1850120439269198	0.0	0.0	0.0	0.0	0.0	0.0	0.19843466798212175	0.19843601058736807	0.19843698532361034	0.19843788992936304	0.19843896018871798	0.19844050960465368	0.3968697942679993	0.39687224220331474	0.39687409212207986	0.3968758036484923	0.3968778144999029	0.39688059885082133	0.5953055317533902	0.5953087968138598	0.5953113350361176	0.595313705260211	0.5953164442011352	0.5953201153776029	0.7937418701933723	0.7937456631763564	0.7937487017796434	0.7937515802398446	0.7937548401353283	0.7937590709840424	0.9921786345177294	0.992182712556988	0.9921861507372659	0.9921894499737008	0.992193110919062	0.9921976313894778
0.0	0.2015937384468572	0.403186231893005	0.6047777321229376	0.8063681815299042	1.0079571993774163	0.035610054489433926	0.23720379655724244	0.4387963334283229	0.6403879176911043	0.8419785504917975	1.0435680041922986	0.07121927352323226	0.272812754704423	0.4744052286374814	0.6759968873558008	0.8775877838618428	1.079177846545053	0.10682772539792428	0.308420852723429	0.5100131986834884	0.7116049190927968	0.9131960962213548	1.114786754152788	0.14243553293132388	0.3440283173074451	0.5456205570264782	0.7472123257001482	0.9488037151947953	1.1503948570396012	0.1780426997779929	0.37963534746859107	0.5812275825683482	0.7828193908671899	0.9844108680054322	1.1860022142104873	0.0	0.0	0.0	0.0	0.0	0.0	0.19841861996100352	0.1984199801386302	0.19842096740861864	0.1984218838538903	0.19842296878816706	0.1984245404932351	0.3968377050068539	0.3968401850087634	0.3968420587086484	0.39684379252582125	0.39684583075704927	0.3968486547816368	0.5952574099451028	0.5952607178094023	0.5952632885733697	0.5952656894982921	0.5952684654550184	0.595272188539403	0.7936777242986932	0.7936815670135324	0.7936846444083223	0.7936875598965231	0.7936908635042046	0.793695153844308	0.9920984705271418	0.9921026019827383	0.9921060839134377	0.992109425358686	0.992113134981355	0.99211771869025
0.0	0.20161012658507915	0.40321899190851473	0.6048268510213229	0.8064336450225608	1.0080389869441657	0.03579187642033271	0.23740200705642187	0.4390109163250357	0.6406188605445855	0.8422258407903382	1.043831625982848	0.07158290611723701	0.2731927726657536	0.4748016181579959	0.6764096378143932	0.8780168856596625	1.0796232892478517	0.10737315859026017	0.3089826667270155	0.510591382509515	0.7121994646914835	0.9138069971989394	1.1154140048255334	0.14316275850731297	0.3447719191206568	0.546380527185047	0.7479886582702668	0.9495964061490697	1.1512039046288745	0.17895170944678687	0.3805607315814226	0.5821693350155802	0.7837775062020051	0.9853853428356877	1.186993048494114	0.0	0.0	0.0	0.0	0.0	0.0	0.19840248712920555	0.19840386500033197	0.19840486489011194	0.19840579326273236	0.19840689299361927	0.1984084871897209	0.39680544619053976	0.39680795848150396	0.39680985612573116	0.3968116123967683	0.39681367823073144	0.3968165422798306	0.5952090339135621	0.5952123848805196	0.5952149884083882	0.5952174202557106	0.5952202335242404	0.5952240089667075	0.793613239585209	0.7936171323803779	0.7936202488291788	0.7936232016081405	0.7936265492713569	0.7936308996119047	0.9920178831735111	0.9920220684198485	0.9920255943954841	0.9920289783452753	0.9920327370199812	0.9920373845022586
0.0	0.20162660361630808	0.40325192959465594	0.6048762362712726	0.8064994634292917	1.008121217798634	0.03597374294021488	0.23760035104187774	0.43922572148238104	0.6408501143422375	0.8424735306226444	1.0440957357701952	0.07194662779490915	0.27357296858577834	0.4751982744011736	0.6768227436829963	0.8784464314920493	1.0800692645452996	0.10791872528364517	0.3095447030733199	0.511169877425852	0.712794410072091	0.9144183866179564	1.1160418325825403	0.14389016194418244	0.34551578760035795	0.5471408527433812	0.7487654349347388	0.950389629882139	1.1520135737008312	0.1798609412767933	0.38148642664711946	0.583111487148116	0.7847361099172278	0.9863603947362171	1.1879845485737885	0.0	0.0	0.0	0.0	0.0	0.0	0.19838626942560736	0.19838766511117586	0.19838867770674543	0.19838961809464975	0.1983907327441647	0.19839234963392968	0.3967730176971485	0.3967755624993517	0.3967774842510526	0.39677926313921713	0.3967813567993697	0.39678426122494104	0.5951604034763027	0.5951637978444392	0.5951664343582701	0.5951688973497394	0.5951717482267103	0.5951755764787071	0.7935484158100891	0.7935523590337527	0.7935555147989013	0.7935585051315391	0.7935618971942869	0.7935663080456715	0.9919368721537801	0.9919411115649571	0.9919446818798534	0.9919481086300492	0.9919519167321409	0.9919566285240199
0.0	0.2016431696462129	0.4032850451628048	0.6049258881897445	0.8065656371722744	1.0082038924674106	0.036155654304528266	0.237798828874575	0.43944074936676897	0.6410816796558623	0.8427216206657934	1.0443603343364725	0.07231043906675373	0.27395334308044605	0.4755951980882445	0.6772362057881058	0.87887642229085	1.0805157734747968	0.1084644262434515	0.31010696263310134	0.5117486844084215	0.7133897563157341	0.9150302656649422	1.116670238716209	0.14461774426213367	0.3462599238720528	0.5479015349320495	0.7495426570292677	0.951183387835162	1.1528238658026557	0.1807703965430146	0.3824124340459466	0.5840540404512362	0.7856952036031841	0.9873360254027232	1.188976716251239	0.0	0.0	0.0	0.0	0.0	0.0	0.19836996678872912	0.19837138040949892	0.1983724057968061	0.19837335828803326	0.19837448797852228	0.19837612776530697	0.39674041940405375	0.396742996939393	0.3967449429616031	0.39674674463031445	0.3967488663406444	0.3967518114957611	0.5951115184497813	0.5951149565172968	0.5951176262390145	0.5951201205965491	0.5951230093792306	0.5951268908934778	0.7934832527290628	0.7934872467290622	0.7934904420727159	0.7934934702220946	0.7934969070290246	0.7935013789029655	0.9918554371630892	0.9918597311128848	0.991863346061168	0.9918668159077572	0.991870673813197	0.9918754504522018
0.0	0.20165982478111755	0.4033183388256516	0.6049758070956714	0.8066321666763225	1.0082870114803817	0.036337610769223344	0.2379974409166317	0.4396560004464178	0.6413135570597277	0.8429701115999882	1.0446254224675997	0.07267434044427866	0.27433389676735753	0.4759923899427434	0.677650024959178	0.8793068589915304	1.0809628170780239	0.10901026223655466	0.3106694462792717	0.5123278044359502	0.7139855045069868	0.9156426355305497	1.1172992245237177	0.14534550648337513	0.34700432906390205	0.5486625749849288	0.7503203258935186	0.9519776814539154	1.1536347824868096	0.18168007652296356	0.3833387551613287	0.5849969964140319	0.7866547888546638	0.9883122365360275	1.1899695533339703	0.0	0.0	0.0	0.0	0.0	0.0	0.1983535791567301	0.1983550108332711	0.19835604909821117	0.1983570137809025	0.19835815863503836	0.19835982152292356	0.3967076511879076	0.39671026167798246	0.39671223213363616	0.3967140567464669	0.39671620673149255	0.3967191929703356	0.5950623786493707	0.5950658607141318	0.595068563865517	0.5950710898112023	0.5950740167974917	0.5950779520279753	0.7934177500964132	0.7934217952202511	0.7934250304043795	0.7934280966337081	0.7934315785301199	0.7934361119396537	0.9917735778947679	0.9917779267566267	0.9917815866322162	0.991785099871309	0.9917890079566669	0.9917938499816157
0.0	0.20167656912800463	0.4033518107972081	0.6050259933099716	0.8066990523688997	1.0083705753707473	0.03651961259075434	0.23819618753132357	0.4398714751913621	0.6415457471305793	0.8432190041085722	1.0448910009533032	0.07303833243999627	0.27471463026577075	0.47638985069051876	0.6780642020286418	0.8797377425331906	1.0814103964009618	0.10955623403133458	0.3112321548868999	0.5129072384899773	0.7145816557338938	0.9162554974095631	1.117928791307039	0.14607344963211555	0.34774900430671996	0.5494239741392045	0.7510984428711226	0.9527725121888012	1.1544463253110424	0.1825899824966543	0.38426539137984494	0.585940356529403	0.7876148672709209	0.9892890298420742	1.1909630616352715	0.0	0.0	0.0	0.0	0.0	0.0	0.19833710646740613	0.1983385563200928	0.1983396075485057	0.19834058451090342	0.1983417446516842	0.19834343084547312	0.3966747129246356	0.39667735659073755	0.39667935164266305	0.3966811993633362	0.3966833778481034	0.3966864055259565	0.5950129838893534	0.5950165102488798	0.5950192470515624	0.5950218048076474	0.595024770296065	0.5950287596980286	0.7933519076649667	0.7933560042597926	0.7933592795461704	0.7933623841187977	0.7933659114506345	0.7933705069101051	0.991691294040323	0.9916956981873396	0.9916994032839399	0.9917029602117631	0.9917069188542104	0.9917118268052043
0.0	0.2016934027945143	0.40338546129280545	0.605076447155546	0.8067662946801154	1.0084545846750164	0.036701660026085145	0.238395069083089	0.4400871740734568	0.6417782504476428	0.843468298878031	1.0451570705871165	0.07340241556743726	0.2750955441966137	0.4767875810597445	0.6784787378319098	0.8801690738585749	1.0818585124939	0.11010234239769523	0.3117950893332308	0.5134869875548727	0.7151782110879867	0.9168688525009133	1.1185589403729566	0.14680157473459765	0.3484939507340065	0.5501857336354018	0.7518770093097064	0.9535678814948763	1.1552584958384204	0.18350011574664363	0.3851923440912687	0.5868841222940967	0.7885754404557124	0.9902664070319683	1.1919572429742535	0.0	0.0	0.0	0.0	0.0	0.0	0.19832054865819182	0.1983220168071972	0.19832308108486474	0.1983240704153105	0.1983252459660583	0.19832695567127465	0.39664160448944147	0.3966442815525436	0.3966463013634576	0.39664817235584354	0.39665037956592275	0.3966534490391671	0.5949633339829273	0.594966904934379	0.5949696756098318	0.5949722653987247	0.5949752696884095	0.5949793137183461	0.7932857251861016	0.793289873598698	0.7932931892488971	0.7932963324283069	0.79329990554215	0.7933045635671987	0.9916085852894485	0.9916130450943537	0.9916167957054461	0.9916203966183375	0.991624406195641	0.9916293806140533
0.0	0.2017103258889479	0.40341929052910097	0.6051271689572878	0.8068338940427386	1.0085390399330245	0.0368837533326857	0.2385940859375289	0.4403030975663802	0.6420110675926307	0.8437179965980027	1.0454236321663937	0.07376659034113948	0.2754766391824768	0.4771855817809158	0.6788936332073771	0.8806008539140744	1.0823071664114428	0.1106485881070533	0.312358250497677	0.5140670526178318	0.715775171664284	0.9174827020076803	1.1191896730330693	0.14752988281908222	0.34923916948193534	0.550947854717377	0.7526560265608878	0.9543637908318502	1.1560712956373278	0.18441047755801537	0.3861196146885558	0.5878282952086996	0.7895365100172933	0.9912443698219737	1.1929520991758495	0.0	0.0	0.0	0.0	0.0	0.0	0.1983039056661582	0.19830539223144777	0.19830646964409115	0.19830747143102456	0.1983086625153841	0.19831039593826993	0.3966083257568021	0.39661103643754864	0.3966130811700514	0.3966149755981653	0.39661721175964815	0.3966203233857576	0.5949134287421995	0.5949170445823638	0.5949198493518955	0.59492247139616	0.5949255147868653	0.5949296139025096	0.7932192024097398	0.7932234029865072	0.7932267592618892	0.7932299413116957	0.7932335605547595	0.7932382816623146	0.9915254513300151	0.9915299671651602	0.991533763583995	0.9915374087783985	0.9915414696689144	0.9915465110973791
0.0	0.20172733852027186	0.4034532987240865	0.6051781590420956	0.8069018508922146	1.0086239416879532	0.037065892768545376	0.238793238461424	0.44051924614565563	0.6422441991497684	0.8439680979613073	1.0456906864923425	0.07413085727667929	0.2758579158476479	0.4775838535868882	0.6793088889964648	0.8810330836497742	1.0827563592125604	0.11119497193237869	0.3129216392618636	0.5146474346689247	0.7163725385613424	0.91809704713715	1.1198209906038528	0.14825837491589972	0.34998466168940906	0.5517103386323767	0.7534354959803389	0.9551602416641529	1.1568847262815378	0.18532106921843836	0.3870472045679064	0.5887728767777032	0.790498077568486	0.9922229199335867	1.193947632070893	0.0	0.0	0.0	0.0	0.0	0.0	0.1982871774280099	0.19828868252933565	0.19828977316261273	0.19829078749456996	0.19829199423650715	0.19829375158402085	0.3965748766004621	0.39657762111915823	0.39657969093572853	0.396581608963727	0.3965838743032237	0.39658702844075966	0.5948632679781771	0.594866929003456	0.5948697680882044	0.5948724226105554	0.5948755054026446	0.594879660062965	0.7931523390843339	0.7931565921712774	0.793159989332986	0.7931632105169288	0.7931668762370556	0.7931716609453231	0.9914418918480552	0.9914464640853978	0.9914503066049862	0.9914539963774466	0.9914581089601148	0.9914632179425162
0.0	0.2017444407981181	0.4034874860970887	0.6052294177388735	0.806970165666665	1.0087092904863317	0.03724807859217582	0.23899252702273802	0.4407356202886546	0.642477645705797	0.8442186036639504	1.0459582343700295	0.07449521689067289	0.2762393748181144	0.4779823972128797	0.6797245060436224	0.8814657640194556	1.083206091960592	0.11174149464819776	0.3134852565096316	0.5152281347010994	0.7169703128812617	0.9187118891008182	1.1204528944066632	0.14898705205745036	0.35073042849805985	0.5524731866310392	0.7542154189277863	0.955957235460936	1.1576987893502149	0.1862318920181676	0.3879751151287663	0.5897178685095056	0.7914601447266824	0.9932020590935385	1.1949438434961213	0.0	0.0	0.0	0.0	0.0	0.0	0.198270363880086	0.19827188763698045	0.19827299157648323	0.1982740185420956	0.1982752410658962	0.1982770225457105	0.39654125689343533	0.396544035470037	0.3965461305330272	0.3965480723252059	0.396550367069842	0.3965535640784482	0.5948128515007702	0.5948165580071674	0.5948194316280934	0.5948221188513934	0.5948252413458354	0.5948294520110258	0.7930851349568723	0.7930894408995872	0.7930928792085405	0.7930961397904808	0.7930998523361352	0.7931047011645883	0.9913579065277678	0.9913625355388574	0.9913664244519633	0.9913701590991216	0.9913743237534594	0.991379500834921
0.0	0.20176163283278595	0.4035218528687731	0.6052809453785374	0.8070388388068964	1.0087950868780466	0.037430311062600384	0.23919195199060908	0.4409522204745904	0.6427114078499692	0.8444695144051204	1.0462262766083779	0.07485966970075894	0.27662101672154715	0.47838121339645717	0.6801404851963159	0.8818988959805872	1.0836563657232374	0.11228815703057216	0.3140491031270185	0.5158091537101648	0.717568495729669	0.9193272291143773	1.1210853857677265	0.149715915278189	0.3514764710522359	0.553236399967382	0.7549957967670031	0.9567547736960649	1.1585134864279085	0.18714294725003297	0.3889033477738175	0.5906632719164041	0.7924227131138386	0.994181789033792	1.1959407352941724	0.0	0.0	0.0	0.0	0.0	0.0	0.19825346495835938	0.1982550074901295	0.1982561248213815	0.19825716450937395	0.19825840293964228	0.19826020876014225	0.39650746650800356	0.3965102793621073	0.39651239983373815	0.39651436555452874	0.3965166899319422	0.39651993017234	0.5947621791187896	0.594765931401898	0.5947688397797785	0.5947715599270333	0.5947747224253986	0.5947789895568707	0.793017589772875	0.7930219489165328	0.7930254286334161	0.7930287288773313	0.7930324885975958	0.7930374020669653	0.991273495051514	0.9912781812074776	0.99128211680661	0.9912858966251983	0.9912901137312945	0.991295359458168
0.0	0.20177891473524592	0.40355639926115167	0.6053327422940258	0.8071078707564149	1.0088813314163603	0.037612590439376564	0.23939151373537582	0.44116904718454764	0.6429454861740822	0.8447208308872262	1.046494814020209	0.07522421622564027	0.27700284218734655	0.47878030287758533	0.6805568273050803	0.8823324804943808	1.0841071815726178	0.11283495985715508	0.31461318000231864	0.5163904926948543	0.7181670882157862	0.9199430683977872	1.1217184660182127	0.15044496561468323	0.3522227904990637	0.5539999798988687	0.755776630865877	0.957552857848192	1.1593288191046303	0.18805423620950126	0.38983190390904426	0.5916090885146651	0.793385784356548	0.9951621114916178	1.1969383093136672	0.0	0.0	0.0	0.0	0.0	0.0	0.19823648059843393	0.1982380420241554	0.19823917283260914	0.198240225331799	0.19824147979345652	0.19824331016373747	0.39647350531571124	0.396476352666544	0.3964784987089001	0.3964804885228674	0.3964828427612058	0.3964861265951887	0.5947112506399388	0.5947150489949281	0.5947179923503496	0.5947207456447052	0.5947239484491611	0.5947282725095362	0.7929497032763838	0.7929541159657184	0.7929576373509768	0.7929609775209568	0.7929647847655257	0.79296976339779	0.991188657099805	0.9911934007713323	0.9911973833487381	0.9912012086355743	0.9912054785740839	0.9912107934939384
0.0	0.20179628661714089	0.40359112549758486	0.6053848088203033	0.8071772619614304	1.0089680246579165	0.037794916982583124	0.23959121262856567	0.4413861009014719	0.643179881272469	0.8449725538158879	1.0467638474222356	0.07558885698506039	0.27738485184661965	0.4791796663986059	0.6809735332235003	0.8827665185257721	1.0845585405852571	0.11338190390715937	0.31517748802605206	0.5169721526567962	0.7187660914524016	0.9205594081752481	1.1223521364942093	0.15117420410558602	0.35296938798842137	0.5547639276863829	0.7565579225963868	0.9583514894007341	1.160144788975832	0.1889657601946508	0.3907607849437086	0.5925553198245002	0.7943493600860194	0.9961430282095746	1.197936567409188	0.0	0.0	0.0	0.0	0.0	0.0	0.19821941073554494	0.19822099117405614	0.19822213554509055	0.19822320094438609	0.19822447156267006	0.1982263266925355	0.3964393731873658	0.396442255253775	0.3964444270287997	0.396446441100639	0.39644882542855636	0.39645215321898547	0.5946600658708148	0.5946639105924189	0.5946668891457714	0.5946696758105093	0.5946729192238159	0.5946773006769175	0.7928814752099628	0.7928859417892566	0.7928895051030879	0.79289288546333	0.792896740582505	0.7929017849008803	0.9911033923513021	0.991108193908632	0.9911122237562872	0.9911160948082708	0.9911204179604087	0.9911258026220197
0.0	0.20181374859078832	0.4036260318027865	0.6054371452943679	0.8072470128708661	1.009055167162752	0.03797729095283651	0.23979104904291357	0.4416033821101907	0.643414593742021	0.8452246838999634	1.0470333776350886	0.0759535924998347	0.2777670463322139	0.47957930470427285	0.6813906038082479	0.8832010110434617	1.0850104438421255	0.11392898996140396	0.31574202809101337	0.5175541346005647	0.7193655065559228	0.921176249675256	1.1229863985367796	0.15190363179168828	0.3537162646729938	0.5555282445942858	0.7573396733346621	0.9591506698419339	1.1609613976424695	0.1898775205062288	0.3916899922904099	0.5935019673701287	0.7953134419381412	0.9971245409355745	1.1989355114413485	0.0	0.0	0.0	0.0	0.0	0.0	0.1982022553045577	0.19820385487445394	0.19820501289337195	0.19820609128177086	0.19820737818223297	0.19820925828219269	0.3964050699930352	0.39640798699347873	0.39641018466296923	0.39641222315750363	0.3964146378041576	0.3964180099149562	0.5946086246169041	0.5946125159994086	0.5946155299708789	0.5946183502294129	0.5946216345549191	0.5946260738657643	0.7928129053146934	0.7928174261277641	0.7928210316301109	0.7928244524449161	0.792828355789601	0.792833466318531	0.991017700482811	0.9910225602957171	0.99102663770532	0.9910305548194268	0.9910349315669623	0.9910403865203009
0.0	0.20183130076918407	0.403661118402831	0.6054897520552613	0.8073171239363732	1.0091427594943145	0.038159712611283904	0.2399910233523586	0.44182089129741364	0.6436496241821925	0.8454772218515554	1.0473034054833292	0.0763184232918376	0.27814942627870787	0.4799792185417473	0.6818080399190802	0.8836359590199165	1.085462892428644	0.11447621880229315	0.3163068010922547	0.5181364395336661	0.7199653346463675	0.9217935941305967	1.1236212534919598	0.15263324971589243	0.3544634217082495	0.5562929318903969	0.7581218844609671	0.9599504006648478	1.1617786467109945	0.19078951844762532	0.39261952736506267	0.5944490326797587	0.7962780315534659	0.9981066514228721	1.1999351432767853	0.0	0.0	0.0	0.0	0.0	0.0	0.19818501423996523	0.19818663305959286	0.19818780481161885	0.19818889627820704	0.1981901995867121	0.19819210486798006	0.39637059560204346	0.3963735477545796	0.3963757714801824	0.39637783456235975	0.3963802797574086	0.3963836965535573	0.5945569266825762	0.5945608650198061	0.5945639146293714	0.5945667687052438	0.5945700942468827	0.5945745918816745	0.7927439933301652	0.7927485687203515	0.792752216670895	0.792755678204663	0.7927596301263586	0.7927648073915053	0.9909315811692704	0.9909364996070469	0.9909406248700103	0.990944588343288	0.9909490190685388	0.9909545448647609
0.0	0.2018489432660018	0.4036963855251521	0.6055426294440679	0.8073875956123284	1.0092308022194605	0.03834218221961102	0.24019113593205144	0.4420386289517394	0.6438849731950064	0.8457301683860169	1.047573931795453	0.07668334988401802	0.2785319923224262	0.4803794086606117	0.6822258424188539	0.884071363431383	1.0859158874346975	0.1150235912138425	0.31687180792711095	0.5187190684665643	0.720565576847387	0.9224114427783687	1.1242567027107826	0.15336305892325167	0.3552108602524799	0.5570579908460319	0.7589045573597386	0.9607506833673836	1.162596537793391	0.19170175532492126	0.3935493915869438	0.5953965172856336	0.7972431305772569	0.9990893614301104	1.200935464788204	0.0	0.0	0.0	0.0	0.0	0.0	0.19816768747589	0.19816932566334064	0.198170511233618	0.19817161586756815	0.1981729357102927	0.19817486638478501	0.39633594988297366	0.3963389374052514	0.39634118734845725	0.3963432751833479	0.3963457511569475	0.3963492130044792	0.5945049718710881	0.5945089574563956	0.5945120429238178	0.5945149310406953	0.5945182981029798	0.5945228545290997	0.7926747389944827	0.7926793693046313	0.7926830599627837	0.7926865624800087	0.7926905633308079	0.7926958078590413	0.9908450340837595	0.9908500115152077	0.9908541849226516	0.9908581950522148	0.9908626801380417	0.9908682773294769
0.0	0.20186667619559914	0.4037318333985555	0.6055957778039327	0.8074584283558585	1.009319295908485	0.038524700040050854	0.24039138715836894	0.44225659556367647	0.6441206413850815	0.8459835242219846	1.0478449574039306	0.07704837280041586	0.2789147451014622	0.4807798758128984	0.6826440121735593	0.884507225257928	1.0863694299546813	0.1155711079816996	0.31743704949522683	0.5193020224127134	0.7211662342863061	0.9230297968600296	1.1248927475493276	0.1540930604609899	0.3559585814668247	0.5578234227360356	0.7596876934196245	0.9615515194523441	1.1634150725072256	0.19261423244690667	0.39447958637871716	0.5963444227240635	0.7982087406595253	1.0000726727213631	1.2019364778544268	0.0	0.0	0.0	0.0	0.0	0.0	0.19815027494607912	0.19815193261918387	0.19815313209277252	0.19815424998334275	0.19815558648677378	0.19815754276710668	0.3963011327036586	0.3963041558129076	0.39630643213504707	0.3963085448878408	0.3963110518706419	0.3963145591366367	0.59445275998457	0.5944567931108227	0.5944599146556412	0.5944628370373117	0.5944662459253309	0.5944708616113301	0.7926051420442456	0.7926098276166978	0.7926135612415951	0.7926171050068621	0.7926211551394446	0.7926264674588327	0.9907580588974748	0.990763095690889	0.9907673175336331	0.990771374616659	0.9907759144464597	0.990781583586601
0.0	0.20188449967301644	0.40376746225321625	0.6056491974800579	0.8075296226268354	1.0094082411351155	0.038707266335375336	0.24059177740890478	0.44247479162563247	0.6443566293596206	0.8462372900813658	1.0481164831451912	0.07741349256614612	0.2792976852556607	0.4811806207530714	0.6830625500523014	0.884943545483418	1.08682352108748	0.11611876989312453	0.31800252669853585	0.5198853023885354	0.7217673080940992	0.9236486576213706	1.1255293893686962	0.15482325537848415	0.35670658651525344	0.5585892288387609	0.7604712940334621	0.9623529104274055	1.1642342524756244	0.19352695112506949	0.39541011316642083	0.5972927505354105	0.7991748634550144	1.001056587066119	1.202938184360376	0.0	0.0	0.0	0.0	0.0	0.0	0.19813277658390663	0.19813445386023043	0.1981356673221044	0.19813679855863686	0.19813815184957045	0.19814013394905833	0.3962661439311855	0.3962692028442067	0.39627150570644515	0.3962736435424487	0.39627618176559387	0.396279734818174	0.5944002908240328	0.594404371783601	0.5944075296251276	0.5944104864954962	0.5944139375149107	0.5944186129305029	0.7925352022145591	0.7925399433911375	0.7925437202416328	0.7925473055196127	0.7925514052872404	0.7925567859270395	0.990670655279742	0.9906757518028959	0.9906800223714521	0.9906841267051756	0.9906887216628797	0.9906944633063719
0.0	0.20190241381398055	0.40380327232068597	0.6057028888197137	0.8076011788878906	1.0094976384765313	0.03888988136890654	0.24079230706248425	0.44269321763193265	0.6445929377284323	0.8464914666893638	1.048388509859654	0.077778709707422	0.27968081342664475	0.48158164423805694	0.6834814569273335	0.8853803250955569	1.0872781619365075	0.11666657773702203	0.3185682404412962	0.52046890941346	0.7223687994054336	0.9242680263125637	1.126166629535062	0.15555364472730246	0.35745487656460706	0.5593554104361148	0.7612553605983271	0.9631548578051689	1.1650540793273283	0.19443991267363372	0.3963409733795092	0.5982415022641349	0.8001415006232491	1.0020411062393344	1.2039405861971297	0.0	0.0	0.0	0.0	0.0	0.0	0.19811519232237126	0.1981168893192071	0.19811811685425207	0.19811926152617176	0.19812063173171174	0.19812263986436507	0.39623098343189117	0.39623407836504687	0.39623640792838005	0.3962385710130144	0.39624114070813515	0.3962447399164601	0.5943475641893605	0.5943516932741056	0.5943548876314177	0.5943578792145033	0.5943613726715411	0.5943661082875943	0.792464919239024	0.792469716361019	0.7924735366956756	0.7924771637511214	0.7924813135076332	0.7924867629982782	0.9905828228980035	0.9905879795181367	0.9905922991027023	0.9905964509844115	0.9906011014544744	0.9906069161571042
0.0	0.20192041873490835	0.4038392638339004	0.6057568521722495	0.8076730976044302	1.0095874885133795	0.039072545404526135	0.24099297649917734	0.44291187407883653	0.6448295671039515	0.8467460547745017	1.0486610383917536	0.0781440247515716	0.28006413025783605	0.48198294702726713	0.6839007336740848	0.8858175650859165	1.0877333536097422	0.1172145323039646	0.3191341916301177	0.5210528445099551	0.7229707093587036	0.9248879041881989	1.1268044694197117	0.15628422956123142	0.35820345278462873	0.5601219688135926	0.762039894515572	0.9639573631032028	1.1658745546967384	0.1953531184095939	0.3972721684508908	0.5991906794588364	0.8011086538285811	1.003026232021482	1.204943685261975	0.0	0.0	0.0	0.0	0.0	0.0	0.19809752209409404	0.19809923892845727	0.19810048062146832	0.19810163881828158	0.19810302606583818	0.1981050604463615	0.3961956510713576	0.39619878224056176	0.39620113866581114	0.39620332716460877	0.39620592856382275	0.3962095742980841	0.5942945798793039	0.5942987573805665	0.594301988472501	0.5943050149924326	0.594308551193885	0.5943133474824136	0.7923942928497272	0.7923991462578843	0.7924030103349687	0.7924066794327115	0.7924108795325182	0.7924163984056126	0.9904945614178075	0.990499778501612	0.9905041473920619	0.9905083471190941	0.9905130534864918	0.9905189418051761
0.0	0.20193851455290773	0.4038754370271809	0.6058110878890962	0.8077453792446377	1.009677791829782	0.039255258706659836	0.24119378610028405	0.44313076146452424	0.6450665181012265	0.8470010550686108	1.048934069589931	0.07850943822700926	0.28044763639442705	0.482384529882573	0.6843203811711345	0.8862552664499124	1.0881890972197032	0.1177626343861557	0.31970038117392546	0.5216371087034913	0.7235730390959962	0.9255082925072515	1.1274429103990122	0.15701501093623846	0.3589523163479274	0.5608889052602422	0.7628248971907908	0.9647604278440091	1.1666956802238837	0.19626656965267902	0.3982036998168934	0.6001402836722203	0.8020763247401559	1.0040119661985183	1.2059474834583759	0.0	0.0	0.0	0.0	0.0	0.0	0.1980797658313186	0.19808150261994137	0.1980827585556205	0.19808393036691382	0.1980853347842024	0.19808739562799232	0.3961601467144124	0.3961633143351212	0.39616569778292926	0.3961679118615318	0.3961705451974398	0.3961742378288563	0.5942413376914805	0.5942455639000683	0.5942488319452163	0.5942518936262293	0.594255472879447	0.5942603303136038	0.7923233227772434	0.79232823281175	0.7923321408892254	0.7923358522941697	0.7923401030922496	0.7923456918805555	0.9904058705028091	0.9904111484164158	0.9904155669022963	0.9904198147720326	0.990424577422256	0.9904305399150317
0.0	0.20195670138577948	0.4039117921362383	0.6058655963237718	0.8078180242794822	1.0097685490133417	0.03943802154030048	0.2413947362483594	0.4433498802891231	0.6453037913379476	0.8472564683068607	1.049207604306664	0.07887495066327976	0.2808313324834271	0.4827863935683529	0.6847404003002615	0.8866934301868544	1.0886453938835032	0.11831088477748819	0.3202668099840205	0.5222217030226043	0.724175789763155	0.9261291925331474	1.128081953854479	0.15774598991053568	0.35970146843004325	0.5616562210687315	0.763610370033889	0.9655640535550939	1.1675174575544933	0.19718026772541986	0.39913556891733276	0.6010903164611676	0.8030445150319852	1.004998310561959	1.20695198269605	0.0	0.0	0.0	0.0	0.0	0.0	0.19806192346591067	0.1980636803252363	0.19806495058819007	0.19806613610362875	0.1980675578186684	0.19806964534181143	0.39612447022512765	0.3961276745123299	0.3961300851431558	0.39613232496731116	0.39613499047299433	0.39613873037380665	0.594187837422374	0.5941921126285504	0.5941954178452503	0.5941985149116832	0.594202137524572	0.5942070565786406	0.7922520087506327	0.7922569757511051	0.7922609280866244	0.7922646820637446	0.7922689839156382	0.7922746431530668	0.990316749814768	0.9903220889237333	0.9903265572942543	0.9903308536041161	0.9903356729231655	0.9903417101491788
0.0	0.20197497935202285	0.40394832939818426	0.6059203778318987	0.8078910331827399	1.0098597606551734	0.03962083417100394	0.24159582732721477	0.4435692310547149	0.6455413874344598	0.847512295227778	1.0494816433984921	0.07924056259105161	0.28121521917366127	0.4831885388514963	0.6851607919464544	0.8871320572999634	1.0891022447228695	0.11885928427354067	0.32083347897408154	0.5228066284989024	0.7247789625097935	0.9267506055337819	1.1287216011728	0.1584771675445848	0.36045091020945824	0.5624239175353649	0.7643963144591045	0.9663682417689948	1.1683398883400293	0.1980942139531584	0.4000677771955281	0.6020407793867572	0.8040132263829731	1.0059852669089098	1.2079571848910053	0.0	0.0	0.0	0.0	0.0	0.0	0.19804399492935384	0.19804577197553117	0.19804705665026842	0.19804825595959524	0.1980496951007075	0.19805180951997828	0.39608862146681156	0.3960918626350193	0.3960943006091342	0.39609656634469415	0.396099264253711	0.396103051797177	0.5941340788673207	0.5941384033607929	0.5941417459671251	0.5941448786434158	0.5941485449244321	0.5941535260738189	0.7921803504974235	0.7921853748028941	0.7921893716537936	0.7921931684681297	0.7921975217299349	0.7922032519515365	0.9902271990135267	0.9902325996828197	0.9902371182268481	0.9902414632742924	0.990246339648672	0.9902524521681673
0.0	0.20199334857083331	0.4039850490515264	0.6059754327711957	0.8079644064309854	1.0099514273498902	0.03980369686488959	0.24179705972191626	0.44378881426533157	0.645779307013756	0.8477685365732366	1.0497561877260047	0.07960627454211636	0.28159929711576726	0.4835909665013988	0.6855815569979037	0.8875711487963597	1.089559650864132	0.11940783367157264	0.3214003890601577	0.5233918861670566	0.7253825584892827	0.9273725327815051	1.1293618537458192	0.1592085449010869	0.36120064286758347	0.5631919959600677	0.7651827318849909	0.9671729940232617	1.1691629742376655	0.19900840966403865	0.40100032609829017	0.6029916740142499	0.8049824604769005	1.0069728370420485	1.2089630919655205	0.0	0.0	0.0	0.0	0.0	0.0	0.19802598015275302	0.19802777750163095	0.19802907667256045	0.1980302898655944	0.198031746561402	0.198033888094261	0.39605260030201545	0.3960558785652545	0.39605834404273715	0.3960606358556547	0.3960633664020383	0.3960672019624278	0.5940800618205206	0.5940844358904281	0.5940878161042089	0.5940909846148914	0.5940946948730388	0.5940997385942647	0.7921083477436269	0.7921134296925317	0.792117471315824	0.792121311232478	0.7921257162608452	0.7921315180027995	0.9901372177570286	0.9901426803510179	0.9901472493570704	0.9901516434395855	0.9901565772562982	0.9901627656306072
0.0	0.20201180916210867	0.4040219513361808	0.6060307615014977	0.8080381445036162	1.0100435496956346	0.039986609888647835	0.24199843381879824	0.44400863042697525	0.6460175507015034	0.8480251930884904	1.0500312381538797	0.07997208704940535	0.28198356696221855	0.4839936772899913	0.6860026963460373	0.8880107056871062	1.0900176134382706	0.11995653377055086	0.3219675411607015	0.5239774770648402	0.7259865788587969	0.927994975553174	1.1300027129705934	0.15994012304501884	0.36195066758880184	0.5639604576464357	0.7659696237344722	0.9679783118605175	1.1699867169103533	0.19992285618905065	0.40193321707597157	0.6039430019131469	0.8059522190024869	1.0079610227696938	1.2099697058482188	0.0	0.0	0.0	0.0	0.0	0.0	0.19800787906682965	0.19800969683395164	0.19801101058537982	0.19801223775201485	0.19801371213144026	0.19801588099603196	0.39601640659252413	0.39601972216432474	0.3960222153050571	0.39602453336138405	0.3960272967796393	0.39603118073222915	0.5940257860750228	0.5940302100099258	0.5940336280487015	0.5940368326184025	0.594040587163227	0.5940456939339203	0.7920360002137171	0.7920411401438829	0.7920452267962508	0.7920491100803821	0.7920535672325099	0.7920594410321157	0.9900468057012936	0.9900523305837343	0.9900569503399711	0.9900613937550724	0.9900663854016142	0.9900726501931458
0.0	0.20203036124645027	0.4040590364934741	0.606086364384758	0.8081122478828566	1.0101361282940844	0.0401695735095402	0.24219995000546454	0.4442286800476202	0.6462561191260465	0.8482822655221778	1.0503067955508887	0.08033800064698858	0.282368029367324	0.4843966719917407	0.6864242108855221	0.88845072898721	1.090476133580919	0.12050538537114858	0.3225349361965684	0.5245634022331293	0.7265910247793154	0.9286179351301548	1.130644180249397	0.16067190304363027	0.3627009855604662	0.5647293039017331	0.766756991434843	0.9687841968284595	1.1708111180268252	0.20083755486202395	0.40286645158246154	0.6048947646571838	0.8069225036533875	1.0089498259058025	1.2109770284740669	0.0	0.0	0.0	0.0	0.0	0.0	0.1979896916019221	0.1979915299025206	0.19799285831864927	0.19799409954885297	0.19799559174111722	0.197997788156268	0.39598004019935656	0.39598339329274423	0.3959859142564069	0.39598825872229126	0.39599105524739187	0.3959949879684609	0.593971251422726	0.5939757255105942	0.5939791815916358	0.5939824224450708	0.5939862215866576	0.5939913918855452	0.7919633076306327	0.7919685058792646	0.7919726378170545	0.7919765647338769	0.7919810743675063	0.7919870207631724	0.9899559625004198	0.9899615500344405	0.9899662208286584	0.9899707138738841	0.9899757637382388	0.989982105510468
0.0	0.20204900494516584	0.4040963047661495	0.6061422417850579	0.8081867170537704	1.010229163750467	0.040352587995411714	0.2424016086708038	0.44444896363723124	0.6464950129184287	0.8485397546263455	1.0505828607899244	0.08070401587010101	0.2827526849872574	0.48479995138368226	0.6868461015142997	0.8888912197156614	1.090935212432406	0.12105438927578427	0.32310257509105916	0.5251496627159475	0.7271958974156701	0.9292414127983739	1.1312862569897753	0.16140388596649746	0.3634515979729559	0.5654985360369538	0.7675448364178314	0.969590650479925	1.1716361792616632	0.20175250701969616	0.4038000310752569	0.6058469638244061	0.8078933161282704	1.0099392482700502	1.211985061784458	0.0	0.0	0.0	0.0	0.0	0.0	0.1979714176879838	0.19797327663697487	0.19797461980189893	0.19797587518571128	0.19797738532033254	0.1979796095055486	0.39594350098276226	0.3959468918102484	0.3959494407563164	0.3959518117979999	0.3959546416653856	0.3959586235322095	0.5939164576543741	0.5939209821825749	0.5939244765228718	0.5939277538848424	0.593931597933811	0.5939368322407111	0.7918902697157701	0.791895526619439	0.7918997040986545	0.7919036749134315	0.7919082373868421	0.791914256918077	0.9898646878065752	0.9898703383546653	0.9898750604742906	0.9898796034471978	0.9898847119178317	0.9898911312352886
0.0	0.20206774038027073	0.404133756398369	0.6061983940686092	0.8082615525042642	1.010322656673565	0.04053565361468122	0.24260341020498088	0.4446694817077565	0.6467342327123852	0.8487976611564431	1.0508594347479958	0.0810701332551199	0.28313753448003565	0.48520351624539915	0.6872683691335667	0.8893321788954152	1.0913948511377387	0.12160354628858464	0.3236704587698835	0.5257362595604318	0.7278011979365122	0.9298654098482855	1.1319289446045133	0.16213607288547321	0.36420250601962795	0.5662681553667721	0.768333160119552	0.9703976743728454	1.1724619022952534	0.20266771400165245	0.4047339570154032	0.60679960099711	0.8088646581307597	1.010929291687775	1.2129938077271585	0.0	0.0	0.0	0.0	0.0	0.0	0.19795305725458365	0.19795493696656147	0.19795629496426675	0.1979575645917989	0.19795909279859125	0.19796134497405665	0.39590678880222213	0.3959102175757949	0.39591279466353335	0.3959151924473488	0.3959180558929225	0.3959220872837691	0.5938614045595564	0.5938659798148443	0.593869512631099	0.5938728267264891	0.5938767159939896	0.5938820147898038	0.7918168861889843	0.7918222020836146	0.7918264253599103	0.7918304403379517	0.7918350560099565	0.7918411492173587	0.9897729812699984	0.9897786951939955	0.989783468926078	0.9897880621242384	0.989793229590095	0.9897997270183545
0.0	0.20208656767449265	0.40417139163572274	0.6062548216037692	0.8083367547251072	1.0104166076757397	0.04071877063635697	0.24280535499945727	0.44489023477315204	0.6469737791443735	0.849055985871358	1.0511365183062678	0.08143635333959992	0.28352257850555884	0.4856073673590669	0.6876910146478238	0.8897736075534445	1.0918550508466598	0.12215285721544121	0.3242385881612217	0.5263231938168977	0.7284069275143824	0.9304899275749465	1.1325722445117155	0.16286846487476125	0.36495371089689616	0.5670381632096275	0.7691219639805943	0.9712052700703402	1.1732882888138847	0.2035831771504167	0.40566823086759024	0.6077526777619437	0.8098365313695405	1.0119199579900882	1.2140032682564197	0.0	0.0	0.0	0.0	0.0	0.0	0.19793461023090259	0.19793651082013414	0.19793788373449514	0.19793916769592806	0.19794071410500014	0.19794299449157474	0.39586990351644136	0.3958733704475567	0.3958759758360164	0.3958784005283856	0.3958812977885106	0.3958853790826344	0.5938060919266979	0.5938107181952028	0.5938142897038251	0.5938176407575977	0.5938215755553068	0.5938269393220122	0.7917431567685753	0.791748531989433	0.791752801318108	0.7917568607247659	0.7917615299547067	0.7917676973799551	0.9896808425389823	0.9896866202000597	0.9896914458312659	0.9896960895522615	0.9897013164027562	0.9897078925084274
0.0	0.20210548695127295	0.40420921072523186	0.6063115247610442	0.808412324209936	1.0105110173729377	0.0409019393300343	0.2430074434469899	0.4451112233493825	0.6472136528535746	0.849314729533418	1.0514141123500655	0.08180267666226568	0.2839078177256039	0.4860115055094486	0.6881140389648727	0.8902155067207391	1.0923158127136485	0.12270232286400037	0.32480696419571575	0.5269104665388324	0.7290130873257054	0.9311149672780125	1.1332161581348026	0.1636010630109038	0.3657052138042198	0.5678085608877143	0.7699112494460145	0.9720134391407087	1.1741153405097429	0.20449889781143507	0.4066028541001369	0.6087061957098936	0.8108089375583465	1.0129112490138623	1.2150134453329708	0.0	0.0	0.0	0.0	0.0	0.0	0.19791607654573365	0.19791799812615332	0.19791938604093098	0.19792068442651434	0.19792224916826798	0.1979245579874854	0.3958328449833499	0.39583635028292236	0.3958389841309356	0.39584143589836646	0.39584436720986366	0.39584849878750106	0.5937505195430592	0.5937551971102755	0.5937588075273771	0.5937621957645708	0.5937661764046878	0.5937716056253289	0.7916690811712891	0.7916745160529688	0.7916788316889607	0.7916829357896261	0.7916876589373686	0.7916939011232124	0.989588271259874	0.9895941130185283	0.9895989908351348	0.9896036853765544	0.9896089720015692	0.9896156273522843
0.0	0.202124498334768	0.4042472139153509	0.6063685039130936	0.8084882614552598	1.0106058863846974	0.04108515996589501	0.24320967594163204	0.44533244795442295	0.6474538544818965	0.8495738929083959	1.0516922177688794	0.0821691037630124	0.28429325280382667	0.48641593148389833	0.6885374429958203	0.8906578774323108	1.092777137897926	0.12325194404365794	0.32537558780646536	0.5274980787828922	0.7296196785507881	0.9317405302617366	1.133860686902512	0.1643338683727749	0.3664570159440985	0.5685793497269778	0.770701017965333	0.9728221831574296	1.1749430590809098	0.20541487733307212	0.40753782818498907	0.6096601564362824	0.8117818784159604	1.0139031666017329	1.2160243409240201	0.0	0.0	0.0	0.0	0.0	0.0	0.19789745612748197	0.1978993988126862	0.1979008018115258	0.19790211471157668	0.19790369791670576	0.19790603539077134	0.3957956130601023	0.395799156938496	0.3958018194046723	0.3958042984137568	0.39580726401390176	0.39581144625626613	0.5936946871947367	0.5936994163455119	0.5937030658869009	0.5937064915326269	0.5937105183278697	0.5937160134865507	0.7915946591123165	0.7916001539887302	0.7916045161866088	0.7916086652467076	0.7916134426726366	0.7916197601628857	0.9894952670770754	0.9895011732931136	0.989506103581001	0.989510849240436	0.9895161960303144	0.9895229311947182
0.0	0.20214360194985492	0.4042854014559796	0.606425759434747	0.8085645669604834	1.0107012153341777	0.041268432814724476	0.243412052878756	0.4455539091082874	0.6476943846740084	0.8498334767655495	1.0519708354564121	0.08253563518293873	0.28467888440580047	0.4868206460724052	0.6889612276551289	0.8911007207272492	1.0932390275635182	0.12380172156561449	0.3259444599290889	0.5280860316089687	0.7302267023738923	0.9323666178350489	1.134505832248983	0.165066882041652	0.36720911852214955	0.5693505310571976	0.7714912709926225	0.973631503699255	1.1757714462314643	0.20633111706669077	0.4084731545978047	0.6106145615408612	0.8127553556663109	1.0148957126022011	1.2170359570033638	0.0	0.0	0.0	0.0	0.0	0.0	0.19787874890416055	0.1978807128074026	0.19788213097383153	0.19788345847873318	0.19788506027822214	0.1978874266300109	0.39575820760306896	0.3957617902700888	0.39576448151281085	0.3957669879302224	0.3957699880567426	0.395774221346019	0.5936385946666496	0.593643375685174	0.5936470645663492	0.5936505278457879	0.5936546011093888	0.5936601626912654	0.791519890305277	0.7915254455096417	0.7915298545236028	0.7915340488085923	0.7915388808736076	0.7915452742131229	0.9894018296330209	0.9894078006655488	0.9894127837101953	0.9894175807852356	0.9894229881307773	0.989429803678517
0.0	0.20216279792213052	0.4043237735984603	0.6064832917030007	0.808641241227903	1.010797004848152	0.04145175814790036	0.24361457465504074	0.44577560733301547	0.6479352440773258	0.8500934818776061	1.0522499663105602	0.08290227146432469	0.2850647131989928	0.4872256500675692	0.6893853938605907	0.8915440376486954	1.0937014828792269	0.12435165624283884	0.3265135815016858	0.5286743260801502	0.7308341599831946	0.9329932313115141	1.1351515956137133	0.16580010510117135	0.36796152274706173	0.5701221062119399	0.7722820099864605	0.9744414023501611	1.1766005036714318	0.2072476183666104	0.4094088348179112	0.611569412627765	0.8137293710384267	1.015888888869588	1.2180482955513385	0.0	0.0	0.0	0.0	0.0	0.0	0.1978599548033927	0.19786194003757732	0.1978633734550029	0.19786471565520358	0.19786633618032626	0.19786873163338087	0.39572062846784145	0.39572425013272416	0.3957269703101435	0.39572950430263454	0.3957325391937066	0.3957368239130467	0.5935822417425471	0.5935870749123426	0.5935908033484882	0.5935943044868861	0.5935984245325882	0.5936040530238601	0.7914447744622283	0.791450390327054	0.7914548464109137	0.7914590861862789	0.7914639732517901	0.7914704429864735	0.9893079585681906	0.9893139947756003	0.9893190308620752	0.9893238796503057	0.9893293479427617	0.9893362444444752
0.0	0.20218208637791707	0.4043623305955899	0.6065411010970357	0.8087182847627289	1.0108932555570378	0.04163513623740479	0.24381724166849	0.44599754315269596	0.6481764333420407	0.8503539090207973	1.0525296112334563	0.08326901315065525	0.28545073985279484	0.4876309442646362	0.689809942533369	0.8919878292438883	1.0941645050186828	0.12490174889010579	0.3270829534648802	0.5292629632627713	0.7314420525708416	0.9336203720093937	1.1357979784416263	0.1665335386373739	0.3687142298306477	0.5708940765286165	0.7730732364099926	0.9752518806994179	1.1774302331168587	0.2081643825901501	0.41034487032835426	0.6125247113055676	0.8147039262664987	1.0168826972641005	1.2190613585548937	0.0	0.0	0.0	0.0	0.0	0.0	0.19784107375240753	0.1978430804300858	0.1978445291817933	0.19784588616780505	0.1978475255501233	0.19784995032865205	0.3956828755092234	0.3956865363806288	0.39568928565066164	0.3956918473850614	0.3956949172793084	0.39569925381282584	0.5935256282049959	0.5935305138089052	0.5935342820148855	0.5935378212375517	0.5935419883796046	0.5935476842675076	0.7913693112936484	0.7913749881507267	0.7913794915579152	0.7913837770891652	0.7913887195170871	0.791395266193872	0.9892136535210879	0.9892197552610458	0.9892248446740035	0.9892297454729998	0.9892352751040672	0.9892422531313734
0.0	0.20220146744426257	0.4044010727016202	0.6065991879982177	0.8087956980730865	1.010989968094897	0.041818567355830685	0.24402005431843857	0.44621971709347363	0.6484179531211275	0.8506147589748664	1.0528097711314761	0.0836358607866352	0.28583696503853645	0.48803652946151344	0.6902348745980129	0.8924320965641807	1.0946280951603615	0.12545200032401596	0.3276525767618408	0.5298519442264331	0.7320503813329701	0.9342480412516655	1.1364449821830918	0.1672671837387323	0.36946724098787065	0.5716664433485101	0.7738649517309597	0.9760629403416163	1.1782606362898407	0.20908141109767056	0.41128126261594006	0.6134804591873241	0.8156790230899209	1.0178771396518735	1.2200751480076344	0.0	0.0	0.0	0.0	0.0	0.0	0.19782210567804148	0.19782413391140558	0.19782559808055591	0.19782696994295335	0.19782862831431577	0.1978310826431905	0.3956449485812332	0.39564864886723533	0.39565142738755876	0.39565401703077085	0.3956571221672592	0.39566151090002416	0.5934687538353832	0.5934736921555591	0.593477500345913	0.5934810778782165	0.5934852924313725	0.5934910562041704	0.7912935005084412	0.7912992386888335	0.7913037896723891	0.7913081212250535	0.7913131193778019	0.791319743544643	0.9891189141282457	0.9891250817576804	0.9891302247813546	0.9891351778886796	0.9891407692504961	0.9891478293759839
0.0	0.2022209412489457	0.4044400001722676	0.606657552790112	0.8088734816700364	1.0110871430994615	0.04200205177637621	0.24422301300555194	0.44644212968355373	0.6486598040703534	0.8508760325230826	1.053090446915257	0.0840028149181748	0.2862233894294768	0.4884424064587649	0.6906601909824587	0.8928768406650441	1.0950922544875934	0.12600241136297588	0.3282224523382659	0.5304412700439928	0.7326591474697025	0.9348762403660239	1.1370926082939306	0.1680010414961277	0.37022055743682614	0.572439208016763	0.7746571574216902	0.9768745828766654	1.1790917149185243	0.2099987052525428	0.41221801317120876	0.614436657890549	0.8166546632532752	1.01887221790496	1.2210896659098143	0.0	0.0	0.0	0.0	0.0	0.0	0.19780305050673447	0.19780510040761243	0.19780658007724028	0.19780796690665936	0.19780964439919999	0.19781212850395402	0.39560684753709685	0.39561058744517535	0.39561339537322293	0.3956160130922229	0.39561915371045986	0.39562359502849415	0.5934116184139065	0.5934166097318013	0.5934204581207372	0.5934240741881034	0.5934283364676135	0.5934341686145904	0.7912173418139217	0.7912231416479475	0.791227740460511	0.7912321183001364	0.7912371725406232	0.7912438747464872	0.9890237400242088	0.9890299738992995	0.9890351708174965	0.9890401765306965	0.9890458300158359	0.9890529728130536
0.0	0.20224050792047568	0.40447911326471303	0.6067161958584835	0.8089516360675727	1.0111847812121304	0.042185589772851174	0.24442611813183238	0.4466647814532077	0.6489019868482835	0.8511377304522466	1.0533716394997041	0.08436987609240504	0.2866100137008193	0.4888485760596262	0.6910858926180438	0.893322062606084	1.0955569841885782	0.12655298282722005	0.3287925811424055	0.5310309417915856	0.7332683521851681	0.9355049706849015	1.137740858235436	0.1687351130028759	0.37097418039876817	0.5732123718824016	0.7754498549591251	0.9776868099098168	1.1799234707371318	0.21091626642118622	0.4131551234884726	0.6153933090372548	0.8176308485063679	1.0198679339013665	1.2221049142683735	0.0	0.0	0.0	0.0	0.0	0.0	0.19778390816453173	0.19778597984438237	0.197787475097394	0.19778887698453085	0.19779057373066783	0.19779308783749402	0.39556857222925107	0.39557235196628254	0.39557518945924053	0.3955778354210736	0.3955810117610044	0.3955855060512765	0.5933542217195783	0.5933592663159334	0.5933631551173238	0.5933668099452315	0.5933711202668416	0.593377021278294	0.791140834915823	0.7911466967330484	0.7911513436268571	0.7911557680190038	0.7911608787106325	0.791167659505488	0.9889281308415419	0.9889344313177065	0.9889396824137997	0.9889447410304009	0.9889504570318676	0.9889576830753124
0.0	0.20226016758809812	0.4045184122376137	0.6067751175913136	0.8090301617826479	1.011282883078002	0.042369181619695745	0.24462937010064362	0.44688767293480397	0.6491445021163175	0.8513998535527328	1.0536533498040384	0.08473704485771473	0.28699683852975494	0.48925503907005363	0.6915119804395622	0.8937677634510999	1.0960222854564514	0.12710371553886665	0.3293629641251226	0.5316209605486926	0.7338779966875761	0.936134233545548	1.1383897334744586	0.1694693993548019	0.37172811109818976	0.5739859362984233	0.7762430458249107	0.9784996230517643	1.1807559054860655	0.21183409597314534	0.4140925950658985	0.6163504142540392	0.8186075806043251	1.0208642895251552	1.2231208950970442	0.0	0.0	0.0	0.0	0.0	0.0	0.19776467857707922	0.19776677214698704	0.19776828306615823	0.19776970010176806	0.19777141623420244	0.19777396056995097	0.3955301225093346	0.39553394228158395	0.3955368094963872	0.39553948386816606	0.3955426961701712	0.3955472438205911	0.5932965635302125	0.5933016616850478	0.5933055911124245	0.5933092849264026	0.5933136436063493	0.593319613973578	0.7910639795182782	0.7910699036475045	0.7910745988743866	0.7910790700846247	0.7910842375912858	0.7910910975260936	0.9888320862108074	0.988838453642691	0.9888437591996148	0.988848871017119	0.9888546499283434	0.9888619597934505
0.0	0.20227992038179413	0.404557897351101	0.606834318378798	0.8091090593351677	1.0113814493458668	0.04255282759195141	0.24483276931668072	0.4471108046627768	0.6493873505386574	0.8516624026184564	1.053935578751762	0.08510432176369098	0.2873838645954014	0.48966179629866224	0.6919384553852014	0.8942139442680216	1.0964881594892195	0.12765461032183134	0.32993360223980617	0.5322113273980517	0.7344880821891272	0.9367640302899402	1.1390392354833148	0.17020390165012966	0.37248235076271136	0.5747599026216843	0.7770367315052849	0.9793130239185281	1.1815890209117925	0.21275219528097936	0.41503042940539636	0.6173079751719743	0.8195848613074785	1.021861286666328	1.2241376104162358	0.0	0.0	0.0	0.0	0.0	0.0	0.1977453616696262	0.1977474772402963	0.19774900390827033	0.19775043618316612	0.19775217183488047	0.1977547466270569	0.39549149822819296	0.395495358241305	0.39549825533463306	0.3955009582835353	0.3955042067884276	0.3955088081878418	0.5932386436224326	0.5932437956150359	0.5932477658815845	0.5932514989072092	0.5932559062622162	0.5932619464775187	0.7909867753238302	0.7909927620930828	0.7909975059044515	0.7910020241983581	0.7910072488844242	0.7910141885111278	0.9887356057605777	0.9887420405020407	0.9887474008022846	0.9887525661181666	0.9887584083329997	0.9887658025961318
0.0	0.2022997664322871	0.4045975688667941	0.6068937986133663	0.8091883292480191	1.011480480668242	0.04273652796530191	0.24503631618601793	0.44733417717368074	0.6496305327823689	0.8519253784469413	1.0542183272707335	0.0854717073612024	0.2877710925788931	0.4900688485568232	0.6923653183966463	0.8946606061290204	1.0969546074898777	0.12820566800194397	0.33050449644249474	0.5328020434257887	0.7350986099061497	0.9373943622649252	1.1396893657399378	0.17093862098962814	0.37323690062323395	0.5755342722130588	0.7778309134912439	0.9801270141316293	1.1824228187670243	0.21367056572041426	0.4159686280127783	0.6182659934267708	0.8205626923815386	1.0228589272210065	1.2251550622532204	0.0	0.0	0.0	0.0	0.0	0.0	0.19772595736701978	0.19772809504877278	0.1977296375480585	0.19773108515310994	0.19773284045736705	0.1977354459341302	0.39545269923586784	0.3954565996948588	0.39545952682313196	0.3954622585163982	0.3954655434654202	0.39547019900360647	0.5931804617716545	0.5931856678805717	0.5931896791991265	0.5931934516620183	0.5931979080092924	0.593204018565955	0.7909092220334105	0.7909152717699273	0.7909200644167756	0.7909246300599309	0.790929912290253	0.7909369321617684	0.9886386891174087	0.9886451915215155	0.9886506068471186	0.9886558259588216	0.9886617318715304	0.9886692111099674
0.0	0.20231970587104287	0.4046374270478006	0.6069535586896834	0.8092679720470702	1.0115799777013728	0.042920283016057895	0.24524001111609348	0.4475577910061758	0.6498740495173669	0.8521887818393055	1.0545015962931534	0.0858392022023677	0.2881585231633502	0.4904761966586323	0.6927925704190478	0.8951077501104776	1.0974216306663784	0.1287568894069102	0.3310756476918379	0.5333931097213792	0.7357095810590626	0.9380252308221839	1.14034012572784	0.1716735584765682	0.3739917619138959	0.5763090464373964	0.7786255932784998	0.9809415953180463	1.1832573008106744	0.21458920867030823	0.4169071923977237	0.6192244706587446	0.8215410755975598	1.0238572130913988	1.226173252642099	0.0	0.0	0.0	0.0	0.0	0.0	0.19770646559370644	0.1977086254964735	0.19771018390944317	0.1977116469355755	0.19771342202591707	0.197716058416077	0.3954137253815999	0.3954176664908489	0.3954206238102243	0.3954233844151556	0.39542670604997665	0.3954314161176393	0.5931220177520917	0.5931272782551161	0.5931313308381552	0.5931351429639756	0.5931396486212028	0.5931458300134923	0.7908313193463447	0.7908374323765651	0.7908422741094598	0.7908468873674439	0.7908522275073463	0.7908593281775528	0.988541335905846	0.9885479063248539	0.9885533769573988	0.9885586501623314	0.9885646201675937	0.9885721849595218
0.0	0.2023397388302714	0.4046774721587194	0.6070135990046535	0.8093479882611774	1.0116799411052395	0.043104093021151056	0.24544385451570525	0.4477816467010246	0.6501179014164141	0.8524526136002615	1.0547853867555665	0.08620680684054503	0.2885461570338693	0.49088384142090247	0.6932202124010179	0.8955553772929803	1.0978892302316292	0.12930827536629247	0.33164705694907903	0.5339845273776321	0.7363209968723604	0.9386566373182174	1.1409915169361022	0.1724087152166954	0.3747469358720475	0.5770842266634988	0.7794207723674574	0.9817567691101949	1.1840924688078402	0.21550812551261841	0.41784612407374855	0.6201834085127869	0.8225200127319129	1.0248561461857713	1.2271921836237774	0.0	0.0	0.0	0.0	0.0	0.0	0.19768688627373168	0.19768906850704948	0.1976906429159369	0.19769212145412968	0.1976939164643751	0.19769658399739104	0.39537457651382824	0.39537855847706915	0.39538154614343685	0.3953843358273925	0.3953876943901061	0.3953924593788708	0.5930633113367539	0.5930686265109163	0.5930727205705567	0.5930765725850055	0.5930811278703468	0.5930873805935033	0.7907530669603512	0.7907592436099055	0.7907641346789819	0.7907687958173716	0.7907741942326475	0.7907813762563772	0.9884435457484245	0.9884501845337719	0.9884557107543793	0.9884610383499121	0.9884670728428119	0.988474723767313
0.0	0.20235986544293375	0.4047177044656549	0.6070739199574414	0.8094283784222126	1.0117803715435931	0.043287958258166497	0.24564784679505022	0.44800574480113886	0.650362089155174	0.8527168745381767	1.055069699598928	0.08657452183039464	0.2889339948775933	0.4912917836632407	0.6936482452947121	0.8960034887614122	1.0983574074035902	0.12985982671159982	0.3322187251781523	0.5345762974907942	0.7369328585747247	0.9392885831144646	1.1416435408594974	0.1731440923183477	0.3755024237383757	0.5778598142642501	0.7802164522633541	0.9825725371460737	1.184928324529954	0.21642731763253215	0.41878542455834256	0.6211428086385085	0.8234995055664367	1.0258557284186087	1.2282118572461302	0.0	0.0	0.0	0.0	0.0	0.0	0.19766721933073467	0.19766942400374055	0.19767101449063912	0.19767250863192506	0.19767432369617	0.19767702260214828	0.39533525248017964	0.39533927550049264	0.395342293669472	0.3953451125998674	0.3953485083329885	0.395353328635397	0.5930043422974313	0.5930097124189898	0.5930138481669823	0.5930177402957943	0.5930223455278826	0.593028670078111	0.7906744645715204	0.7906807051652183	0.7906856458201746	0.7906903551045401	0.7906958121614472	0.7907030760944761	0.9883453182656413	0.988352025767937	0.98835760785726	0.9883629901407218	0.9883690895167442	0.9883768271537855
0.0	0.2023800858427399	0.4047581242362126	0.607134521949466	0.8095091430650548	1.0118812696839439	0.04347187900531344	0.2458519883656929	0.4482300858515456	0.6506066134121756	0.8529815654650353	1.0553545357685643	0.08694234772782321	0.2893220373836532	0.4917000242079879	0.694076670055768	0.8964520856048892	1.0988261634052072	0.13041154427621285	0.33279065334560515	0.53516842116047	0.7375451673989423	0.9399210695772195	1.1422961989984055	0.17387969089235844	0.37625822675680487	0.5786358106165168	0.7810126344761554	0.9833889010691582	1.1857648697546763	0.2173467864183667	0.4197250953728674	0.6221026726901362	0.8244795558883316	1.0268559617105055	1.2292322755638923	0.0	0.0	0.0	0.0	0.0	0.0	0.19764746468795194	0.19764969190937884	0.19765129855623956	0.19765280839170357	0.19765464364431884	0.19765737415401086	0.3952957531274759	0.3952998174072792	0.39530286623421496	0.3953057145785194	0.3953091477249816	0.39531402373448704	0.592945110404705	0.5929505357491354	0.5929547133968597	0.592958645865802	0.5929633013637375	0.5929696982382001	0.7905955118743285	0.7906018167361484	0.7906068072262408	0.7906115649221424	0.7906170809873984	0.7906244273864359	0.9882466530759736	0.9882534296449856	0.9882590678832042	0.9882645051518788	0.9882706698069051	0.9882784947373285
0.0	0.2024004001641557	0.40479873173951286	0.6071954053844213	0.809590282727618	1.0119826361975963	0.043655855541461175	0.24605627964060825	0.4484546703994371	0.6508514748688699	0.8532466871965019	1.0556398962142435	0.08731028509005181	0.2897102852432434	0.49210856388030044	0.6945054876433937	0.8969011689168547	1.0992954994645145	0.13096342889547585	0.3333628424206973	0.5357608994897285	0.7381579245820177	0.9405540980777499	1.1429494928589397	0.17461551205217554	0.37701434617462265	0.5794122171012799	0.781809320520695	0.9842058625285475	1.1866021062660486	0.21826653326169765	0.4206651380426917	0.6230630023266543	0.825460165490308	1.0278568479883208	1.2302534406388195	0.0	0.0	0.0	0.0	0.0	0.0	0.197627622268212	0.1976298721463837	0.19763149503501323	0.1976330206557911	0.19763487623142123	0.19763763857622124	0.3952560783017231	0.3952601840427651	0.39526326368272346	0.3952661416084578	0.39526961241161057	0.3952745445225721	0.5928856154279317	0.5928910962699171	0.592895316028377	0.5928992890632462	0.5929039951465929	0.5929104648434009	0.7905162085616169	0.790522578014695	0.7905276185887317	0.7905324249617165	0.7905380004024947	0.7905454298251745	0.9881475497958524	0.9881543957804968	0.9881600904473125	0.9881655829984353	0.9881718133287384	0.9881797261342498
0.0	0.2024208085424039	0.40483952724619304	0.6072565706682787	0.8096717979508549	1.0120844717596538	0.04383988814611714	0.24626072103416086	0.44867949899415066	0.6510966742096108	0.8535122405519032	1.0559257818901577	0.08767833447557621	0.2900987391495826	0.49251740350811274	0.6949346990203312	0.8973507397950438	1.0997654168145998	0.13151548140664593	0.3339352933753512	0.5363537335850536	0.7387711313651257	0.9411876699922507	1.143603423952901	0.17535155691379445	0.37777078324241425	0.5801890351035702	0.7826065119166109	0.9850234231789016	1.1874400358544321	0.21918655955729008	0.4216055540971233	0.6240237992117386	0.8264413361705214	1.0288583891851142	1.231275354539626	0.0	0.0	0.0	0.0	0.0	0.0	0.1976076919939359	0.19760996463676206	0.19761160384882084	0.19761314534609822	0.19761502137966014	0.19761781579160329	0.39521622784811267	0.39522037525146336	0.3952234858592287	0.39522639353396327	0.3952299022375691	0.39523489084524693	0.5928258571352447	0.5928313937486658	0.5928356558284843	0.5928396696551032	0.5928444266438849	0.5928509696620914	0.7904365543245933	0.7904429886912135	0.7904480795975497	0.7904529349131487	0.7904585700970734	0.7904660831019432	0.9880480080396646	0.988054923787995	0.9880606751626251	0.9880662232933798	0.9880725196956192	0.988080520958778
0.0	0.20244131111346558	0.40488051102841033	0.6073180182092914	0.8097536892787621	1.0121867770490252	0.044023977099444105	0.24646531296212335	0.44890457218718904	0.6513422121216766	0.8537782263542515	1.0562121937549473	0.0880464964441989	0.29048739979794763	0.4929265439221719	0.6953643051528925	0.8978007993415215	1.100235916693643	0.13206770264893522	0.3345080071841954	0.5369469245563895	0.739384788993658	0.941821786701892	1.1442579937978263	0.1760878265958191	0.3785275392141247	0.5809662660125322	0.7834042101884107	0.9858415846805078	1.1882786603165751	0.22010686670316898	0.4225463450694813	0.6249850650138282	0.8274230697326468	1.029860587240222	1.2322980193420612	0.0	0.0	0.0	0.0	0.0	0.0	0.1975876737871373	0.19758996930210868	0.19759162491910903	0.19759318238412024	0.19759507901080212	0.19759790572256236	0.39517620161102157	0.39518039087706497	0.3951835326071356	0.39518647019848807	0.39519001704672	0.39519506254727027	0.5927658352935542	0.5927714279514796	0.5927757325628946	0.5927797874071096	0.5927845956218063	0.5927912124613975	0.7903565488528329	0.7903630484544159	0.7903681899409486	0.7903730944646732	0.7903787897598157	0.7903863869063278	0.9879480274197542	0.9879550132789504	0.9879608216401232	0.9879664256476385	0.9879727885188555	0.9879808788230642
0.0	0.20246190801408637	0.4049216833598541	0.6073797484180141	0.809835957258406	1.012289552748457	0.04420812268226188	0.24667005584168447	0.4491298905322343	0.6515880892952908	0.8540446454302706	1.0564991327717344	0.0884147715570315	0.2908762678856817	0.4933359859560528	0.6957943070109806	0.8982513486627093	1.1007070003449506	0.1326200934635175	0.33508098482457727	0.5375404735171598	0.7399988987172476	0.9424564495928507	1.1449132039170278	0.1768243222194651	0.3792846153470681	0.5817439112214394	0.7842024168654932	0.986660348699309	1.1891179814556476	0.22102745610062452	0.4234875124971071	0.625946801406145	0.8284053679859024	1.0308634440992877	1.2333214371289465	0.0	0.0	0.0	0.0	0.0	0.0	0.19756756756941782	0.1975698860636015	0.1975715581669058	0.1975731316909328	0.19757504904619258	0.19757790829108057	0.3951359994340032	0.39514023076242893	0.39514340376901397	0.3951463714446471	0.39514995668208575	0.3951550594725555	0.5927055496685338	0.5927111986432106	0.5927155459960693	0.5927196420837476	0.5927245018452916	0.5927311930071795	0.79027619183426	0.7902827569913523	0.7902879493055154	0.7902929033028544	0.7902986590777283	0.7903063409262299	0.9878476075463986	0.9878546638627566	0.9878605294887057	0.9878661896700518	0.9878726194076649	0.9878807993371584
0.0	0.20248259938177668	0.40496304451574644	0.6074417617073021	0.8099186024399223	1.0123927995445334	0.04439232517605029	0.2468749500914522	0.44935545458515114	0.6518343064236245	0.8543114986103997	1.056786599908126	0.08878316037650413	0.29126534411220434	0.4937457304461677	0.6962247055680998	0.8987023888693959	1.1011786690169652	0.13317265469353987	0.33565422727657535	0.5381343815842794	0.7406134617897819	0.9430916600563227	1.145569055839604	0.1775610449085763	0.3800420129019447	0.5825219721277117	0.7850011334821658	0.9874797169069208	1.1899580010812587	0.22194832915422866	0.4244290579213816	0.6269090100667095	0.8293882327450669	1.031866961714278	1.234345609990193	0.0	0.0	0.0	0.0	0.0	0.0	0.1975473732619685	0.19754971484200315	0.19755140351282183	0.19755299318719305	0.1975549314067573	0.19755782341871833	0.39509562115978974	0.3950998947495855	0.3951030991866008	0.3951060971142204	0.3951097209858514	0.3951148814641736	0.5926450000246245	0.5926507055874682	0.5926550958912233	0.5926592334482499	0.5926641450780218	0.5926709110640359	0.7901954829551525	0.7902021139874169	0.7902073573761756	0.7902123611125924	0.7902181777361493	0.7902259448478721	0.9877467480278154	0.9877538751467364	0.9877597983151958	0.9877655149673816	0.9877720119691816	0.9877802821090169
0.0	0.2025033853548159	0.40500459477285045	0.6075040584923247	0.810001625376534	1.0124965181276977	0.04457658486295536	0.24707999613146409	0.44958126490400174	0.6520808642028165	0.8545787867288165	1.0570745961362418	0.08915166346637453	0.2916546291790243	0.4941557782317836	0.6966555018013769	0.8991539210767625	1.1016509239632952	0.13372538718413945	0.3362277355230197	0.5387286498781795	0.7412284794694318	0.943727419488556	1.1462255511004775	0.17829799578964795	0.3807997331428679	0.5833004501329464	0.78580036157768	0.9882996909806714	1.1907987210095003	0.2228694872718686	0.4253709828877626	0.627871692678383	0.8303716658305257	1.0328711420435348	1.2353705400228552	0.0	0.0	0.0	0.0	0.0	0.0	0.19752709078556718	0.19752945555765822	0.1975311608770481	0.19753276679313733	0.19753472601299987	0.19753765102661172	0.3950550666302876	0.39505938267973095	0.3950626187007958	0.39506564704814845	0.3950693097993596	0.39507452836434775	0.5925841861250266	0.5925899485466121	0.5925943820103167	0.5925985612625916	0.5926035250824166	0.5926103663952965	0.7901144219001329	0.7901211191263374	0.7901264138361836	0.7901314675771128	0.7901373454187378	0.7901451983557892	0.9876454484701502	0.9876526467361302	0.9876586277243288	0.9876644011442985	0.9876709658084442	0.9876793267444893
0.0	0.20252426607225446	0.4050463344094743	0.6075666391905712	0.8100850266245584	1.0126007091922615	0.04476090202578421	0.2472851943831843	0.4498073220490444	0.6523277633319733	0.8548465106234401	1.0573631224327182	0.08952028139171958	0.2920441237897335	0.494566130155018	0.6970866966915592	0.8996059464043829	1.1021237664427177	0.134278291782429	0.3368015105494798	0.5393232795227975	0.7418439530186429	0.9443637292908449	1.1468826912403922	0.17903517599181237	0.38155777733735213	0.5840793466429084	0.7866001026962233	0.9891202726035955	1.1916401430629437	0.22379093186473206	0.42631328894577225	0.6288348509288569	0.8313556690682622	1.0338759870517673	1.236396229331127	0.0	0.0	0.0	0.0	0.0	0.0	0.197506720060578	0.197509108130493	0.1975108301793554	0.1975124524285807	0.19751443278500125	0.1975173910354721	0.3950143356865759	0.3950186943932266	0.39502196215166	0.39502502108653115	0.3950287229631097	0.3950340000144529	0.5925231077316986	0.5925289272817504	0.5925334041140535	0.5925376252874891	0.5925426416196335	0.5925495587630204	0.7900330083521652	0.7900397720901734	0.7900451183671203	0.790050222377965	0.7900561618074725	0.7900641011328252	0.9875437084774735	0.9875509782340929	0.9875570173187497	0.9875628478033798	0.9875694805283926	0.9875779328473167
0.0	0.20254524167391746	0.4050882637054786	0.6076295042218617	0.8101688067434223	1.012705373436424	0.044945276948025435	0.2474905452695275	0.45003362658276136	0.6525750045132007	0.8551146711359655	1.0576521797787473	0.08988901471897395	0.29243382865004897	0.49497678706088477	0.6975182912230637	0.9000584659762759	1.1025971977192337	0.13483136933755174	0.33737555334432306	0.5399182716456388	0.7424598837042019	0.9450005908695993	1.1475404778059841	0.17977258664690013	0.38231614675637765	0.5848586630675983	0.7874003583869913	0.9899414634645098	1.1924822690707182	0.2247126643473726	0.4272559776490659	0.6297984865107255	0.832340244289934	1.0348814987101327	1.2374226800264252	0.0	0.0	0.0	0.0	0.0	0.0	0.19748626100694952	0.19748867248001345	0.1974904113390923	0.19749205001291498	0.19749405164241798	0.19749704336558438	0.39497342816890274	0.39497782972959505	0.3949811293784123	0.39498421906862385	0.39498796031675387	0.3949932962550117	0.5924617646053513	0.5924676415527343	0.5924721619618764	0.5924764252823946	0.5924814944495616	0.5924884879279907	0.7899512419925475	0.7899580725593084	0.7899634706488858	0.7899686251950141	0.7899746265826436	0.7899826528601263	0.9874415276517711	0.9874488692416845	0.9874549666990033	0.9874608545450992	0.9874675557298592	0.9874761000191217
0.0	0.20256631230040836	0.4051303829422837	0.6076926540083578	0.8102529662956762	1.0128105115622892	0.0451297099138417	0.24769604921485516	0.45026017906985866	0.6528225884516072	0.8553832691118713	1.0579417691600879	0.0902578640159192	0.29282374446780574	0.4953877497972905	0.6979502863839775	0.9005114809209099	1.1030712190620764	0.13538462070067284	0.3379498648987098	0.5405136273777761	0.7430762727972383	0.9456380056363505	1.1481989123497927	0.18051022888943935	0.38307484267439346	0.5856384008212593	0.7882011302041978	0.9907632652580274	1.1933251008685286	0.22563468613771762	0.4281990505554438	0.6307626011215007	0.833325393332892	1.0358876789962579	1.2384498942274151	0.0	0.0	0.0	0.0	0.0	0.0	0.19746571354421252	0.1974681485253032	0.19746990427518332	0.19747155946510683	0.19747358250448005	0.1974766079368047	0.3949323439166813	0.39493678852751607	0.3949401202194252	0.39494324083283383	0.3949470216990934	0.3949524169256909	0.5924001565054415	0.5924060911181519	0.5924106553119602	0.5924149610054898	0.5924200833308157	0.5924271536497085	0.7898691225009045	0.7898760202124419	0.7898814703596914	0.7898866757064339	0.7898927394228455	0.7899008532171325	0.9873389055929339	0.98734631935786	0.9873524754635248	0.987358420967818	0.9873651910115588	0.987373827859399
0.0	0.2025874780931096	0.4051726924028708	0.6077560889745651	0.8103375058469972	1.0129161242758695	0.04531420120807229	0.24790170664497876	0.45048698007726984	0.653070515855309	0.8556523054004245	1.0582318915670705	0.09062682985168469	0.2932138719529585	0.4957990192150367	0.6983826831660599	0.9009649923712058	1.1035458317457147	0.13593804672497162	0.3385244462065861	0.5411093478538421	0.7436931215732192	0.9462759750077461	1.1488579964302548	0.18124810385664003	0.3838338663693023	0.5864185613223626	0.7890024197070612	0.9915856796845439	1.1941686402986431	0.22655699865704834	0.4291425092268318	0.6317271964635942	0.834311118040162	1.0368945298942234	1.2394778740599943	0.0	0.0	0.0	0.0	0.0	0.0	0.19744507759148117	0.19744753618502456	0.19744930890612997	0.19745098070369876	0.19745302528999198	0.1974560846685617	0.39489108276849155	0.3948955706248288	0.39489893451222713	0.39490208621672185	0.3949059069480803	0.3949113618653028	0.5923382831901753	0.5923442757353308	0.5923488839212153	0.5923532322136891	0.5923584080207399	0.5923655556863958	0.7897866495551898	0.7897936147265933	0.7897991171760631	0.78980437358871	0.7898105000049801	0.7898187018815824	0.9872358418987629	0.9872433281794739	0.9872495432086438	0.987255546667789	0.9872623859700934	0.9872711159655199
0.0	0.20260873919418815	0.4052151923717932	0.6078198095473493	0.8104224259662104	1.0130222122871135	0.0454987511162448	0.24810751798717703	0.45071403017417894	0.653318787435457	0.8559217808547139	1.0585225479946376	0.09099591279677335	0.2936042118176127	0.49621059616785673	0.6988154825647857	0.9014190014645845	1.1040210370499073	0.1364916482656876	0.33909929826473556	0.5417054342120874	0.7443104313120117	0.946914500405618	1.1495177316117797	0.18198621268846044	0.3845932191225325	0.5871991459936851	0.7898042284598876	0.9924087084503268	1.1950128892099872	0.22747960333007888	0.43008635522936556	0.632692274244407	0.8352974202605409	1.0379020533946632	1.2405066216573992	0.0	0.0	0.0	0.0	0.0	0.0	0.19742435306744902	0.19742683537741473	0.19742862515000678	0.19743031364680527	0.1974323799173291	0.19743547347985274	0.39484964456207255	0.3948541758585237	0.39485757209349437	0.39486075505699475	0.39486461590081007	0.39487013091179796	0.5922761444164958	0.5922821951603271	0.5922868475452757	0.5922912386626279	0.5922964682753953	0.5923036937949842	0.7897038228316723	0.7897108557770864	0.7897164107728271	0.789721718516625	0.7897279080042419	0.789736198529497	0.9871323361649496	0.9871398953012618	0.987146169528566	0.9871522312391379	0.9871591401999332	0.9871679639327132
0.0	0.2026300957465979	0.4052578831351811	0.6078838161559431	0.810507727225299	1.0131287763099173	0.0456833599245729	0.24831348367019596	0.4509413299320227	0.6535674039062432	0.856191696331658	1.0588137394423522	0.09136511342305643	0.2939947647760218	0.4966224815124149	0.6992486855793462	0.9018735093429721	1.1044968362597078	0.13704542618010707	0.339674422072768	0.5423018875943711	0.744928203297876	0.9475535832569785	1.1501781194647465	0.18272455652758118	0.3853529022190146	0.5879801562622876	0.7906065580320515	0.993232353267498	1.1958578494581291	0.22840250158492773	0.431030590133365	0.6336578361763054	0.8362843018485746	1.0389102514947464	1.2415361391601885	0.0	0.0	0.0	0.0	0.0	0.0	0.19740353989038842	0.1974060460202852	0.1974078529244608	0.1974095582121123	0.19741164630443678	0.19741477428924306	0.39480802913432134	0.3948126040647419	0.3948160327990504	0.3948192471895043	0.3948231483935203	0.3948287239022641	0.5922137399400819	0.5922198491479234	0.5922245459384977	0.5922289801066613	0.5922342638495589	0.5922415677311128	0.7896206420049319	0.7896277430375472	0.7896333508231065	0.7896387101632558	0.7896449630941158	0.7896533428351777	0.9870283879850726	0.9870360203158364	0.9870423540153699	0.98704847427386	0.9870554532934136	0.987064371354063
0.0	0.20265154789408085	0.4053007649807436	0.6079481092319503	0.8105934101994087	1.01323581706213	0.04586802791996381	0.24851960412425758	0.4511688799245005	0.6538163659849104	0.8564620526920167	1.059105466914411	0.09173443230378926	0.29438553154460406	0.49703467610832497	0.699682293212669	0.9023285171528189	1.1049732306654876	0.1375993813275919	0.34024981863314957	0.5428987091461925	0.7455464388194987	0.9481932249940537	1.1508391615655387	0.18346313651945315	0.3861129169472301	0.5887615935595658	0.7914094099980475	0.9940566158540873	1.1967035229053342	0.22932569485317508	0.43197521551339235	0.6346238839766816	0.8372717646646195	1.0399191261982392	1.2425664287163056	0.0	0.0	0.0	0.0	0.0	0.0	0.19738263797815095	0.19738516803102207	0.1973869921467121	0.19738871431687782	0.19739082436883104	0.19739398701486635	0.3947662363212935	0.3947708550787753	0.3947743164638663	0.394777562449248	0.3947815042615917	0.39478714067292675	0.5921510695153488	0.5921572374516297	0.5921619788539609	0.5921664562988649	0.5921717944967246	0.59217917724913	0.7895371067478624	0.7895442761799055	0.7895499369983238	0.7895553481999756	0.7895616649463785	0.7895701344712086	0.9869239969506005	0.9869317028136901	0.9869380962590086	0.9869442753618229	0.9869513248407374	0.9869603378205097
0.0	0.20267309578117348	0.40534383819778175	0.6080126892093646	0.8106794754668729	1.013343335265587	0.04605275539002568	0.24872587978107363	0.45139668072759453	0.6540656743917793	0.8567328508004237	1.059397731419685	0.09210387001362413	0.29477651284196194	0.4974471808181757	0.7001163064714495	0.9027840260451391	1.10545022156298	0.13815351456959482	0.3408254889512243	0.5434959000167189	0.7461651391700261	0.9488334270543245	1.1515008594965919	0.1842019538123077	0.3868732645992284	0.589543459321273	0.7922127859375202	0.9948814979340678	1.197549911420606	0.2302491845698725	0.4329202329482683	0.635590419367975	0.8382598105748712	1.04092867951554	1.2435974924811213	0.0	0.0	0.0	0.0	0.0	0.0	0.19736164724816277	0.1973642013265816	0.1973660427335491	0.19736778187792703	0.19736991402759402	0.1973731115744204	0.3947242659581941	0.39472892873505816	0.394732422922052	0.3947357006703601	0.394739683339539	0.39474538105914053	0.592088132895435	0.5920943598236706	0.5920991460434549	0.5921036669910217	0.59210905996909	0.59211652210208	0.7894532167316526	0.7894604548743764	0.7894661689681822	0.7894716322964359	0.7894780132310806	0.7894865731084374	0.9868191626508679	0.9868269423831724	0.9868333958472877	0.9868396340907433	0.9868467544299523	0.9868558629208284
0.0	0.20269473955320685	0.4053871030771887	0.6080775565245695	0.8107659236092136	1.013451331646108	0.046237542623063406	0.2489323110738415	0.4516247329195656	0.6543153298502444	0.8570040915253837	1.0596905339717135	0.09247342712860382	0.2951677093888756	0.4978599965075242	0.7005507263661451	0.9032400371755035	1.105927810253274	0.1387078267696497	0.3414014340352045	0.5440934613587757	0.7467843056470558	0.9494741908805165	1.1521632148463838	0.1849410095571527	0.38763394647062266	0.5903257549875158	0.7930166874352592	0.9957070012373516	1.198397016879684	0.23117297217354627	0.4338656440210756	0.6365574440776766	0.8392484414513675	1.0419389134636825	1.2446293326174362	0.0	0.0	0.0	0.0	0.0	0.0	0.19734056761742624	0.19734314582349186	0.19734500460133036	0.19734676081165417	0.19734891519737538	0.19735214788516833	0.39468211787938084	0.39468682486716994	0.3946903520068594	0.39469366168611486	0.39469768546101414	0.3947034448953918	0.5920249298322066	0.592031216014989	0.5920360472574835	0.5920406119336264	0.5920460600175604	0.5920536020417065	0.7893689716257923	0.7893762787894669	0.7893820464006722	0.7893875621205724	0.789394007616553	0.7894026584159826	0.9867138846730837	0.9867217386104968	0.9867282523658724	0.9867345500461949	0.9867417416469585	0.9867509462416362
0.0	0.20271647935631157	0.4054305599114595	0.6081427116163537	0.8108527552111603	1.0135598069335237	0.04642238990808567	0.2491388984372562	0.45185303708097024	0.6545653330867957	0.8572757757392978	1.0599838755887376	0.09284310422617541	0.29555912190832173	0.4982731240449201	0.7009855539110034	0.9036965517040737	1.1064059980428522	0.1392623187933964	0.34197765489620074	0.5446913943288816	0.7474039395526754	0.9501155179206454	1.1528262292094837	0.18568030490780058	0.3883949638606229	0.591108482002793	0.7938211160812432	0.9965331274998386	1.1992448411650947	0.23209705910622866	0.4348114503191949	0.6375249598383697	0.8402376591720352	1.0429498300663884	1.2456619512955378	0.0	0.0	0.0	0.0	0.0	0.0	0.19731939900251677	0.1973220014378494	0.1973238776659813	0.1973256510340194	0.19732782779438954	0.19733109586393593	0.39463979191835774	0.39464454330782894	0.394648103550676	0.39465144532892005	0.39465551045879993	0.39466133201529296	0.5919614600762474	0.5919678057752373	0.5919726822452559	0.5919772908758766	0.5919827943917405	0.5919904168184449	0.7892843710980602	0.7892917475919631	0.789297568962059	0.7893031373385928	0.7893096477693942	0.7893183900612204	0.9866081626023154	0.9866160910797263	0.9866226653982724	0.9866290228115934	0.9866362860754933	0.9866455873673766
0.0	0.2027383153374204	0.40547420899469633	0.6082081549259187	0.8109399708606612	1.013668761861688	0.04660729753481542	0.24934564230752343	0.4520815937946764	0.6548156848310372	0.8575479043184857	1.0602777572937232	0.09321290188520999	0.2959507511254958	0.49868656430193004	0.7014207901240901	0.9041535707956322	1.1068847862436257	0.1398169915086057	0.3425541525482491	0.5452897000872787	0.7480240421934959	0.950757409628052	1.1534899041865916	0.18641984102090187	0.3891563180720722	0.5918916418160335	0.7946260734706808	0.9973598784634603	1.2000933861661998	0.23302144681349432	0.43575765343434403	0.6384929683877717	0.8412274656207344	1.0439614313541126	1.2466953506932499	0.0	0.0	0.0	0.0	0.0	0.0	0.1972981413195817	0.19730076808531843	0.1973026618429933	0.1973044524605477	0.1973066517344144	0.19730995542711025	0.394597287907773	0.39460208388889073	0.394605677385023	0.3946090514303153	0.3946131581648084	0.39461904225158034	0.5918977233768566	0.5919041288527743	0.5919090507546835	0.5919137035656693	0.5919192628399307	0.591926966181418	0.7891994148145194	0.7892068609469264	0.7892127363168786	0.789218357614973	0.7892249333544665	0.7892337677097814	0.9865019960214838	0.9865099993727674	0.986516634525837	0.9865230519681907	0.9865303872971262	0.9865397858803153
0.0	0.20276024764427122	0.40551805062261437	0.6082738868968873	0.8110275711488942	1.013778197168492	0.04679226579368589	0.2495525431223586	0.45231040364586494	0.6550663858156917	0.8578204781431924	1.0605721801143706	0.09358282068599483	0.2963425977678072	0.49910031815313594	0.7018564360272898	0.9046110956195859	1.1073641761729378	0.14037184578516806	0.343130928008303	0.5458883797979271	0.7486446148806492	0.9513998674614023	1.1541542413845394	0.1871596190559347	0.3899180104114389	0.592675235880592	0.7954315612040087	0.9981872558761802	1.200942653779199	0.23394613674445677	0.43670425496257753	0.6394614714687363	0.8422178626872631	1.0449737193640516	1.2477295329959424	0.0	0.0	0.0	0.0	0.0	0.0	0.19727679448433943	0.19727944568112987	0.19728135704742278	0.19728316500632817	0.19728538693279057	0.197288726490639	0.394554605679417	0.39455944644134566	0.3945630733405536	0.39456647982097026	0.3945706284100787	0.39457657543611224	0.5918337194820453	0.5918401849946623	0.5918451525323771	0.5918498497495985	0.5918554651091243	0.5918632498784343	0.7891141024395135	0.7891216185176896	0.789127548127934	0.7891332226124531	0.7891398640348927	0.7891487910255465	0.9863953845113579	0.9864034630693658	0.98641015932775	0.9864166370950709	0.9864240448912543	0.9864335413605347
0.0	0.20278227642540997	0.40556208509254776	0.6083399079753128	0.8111155566702795	1.0138881135958802	0.04697729497584966	0.24975960132099878	0.45253946722204524	0.6553174367766185	0.8580934980976095	1.0608671450831395	0.09395286121025478	0.2967346625649036	0.4995143864761624	0.7022924926463361	0.9050691273499996	1.1078441691536023	0.1409268824951307	0.3437079822962732	0.5464874346285477	0.7492656589298332	0.9520428928847371	1.1548192424163448	0.18789964017524508	0.3906800421888602	0.5934592656542955	0.7962375808869414	0.999015261492047	1.201792645907186	0.23487113035180987	0.4376512565043307	0.6404304708293014	0.8432088522674083	1.0459866961401982	1.2487645003965893	0.0	0.0	0.0	0.0	0.0	0.0	0.19725535841207797	0.1972580341400799	0.19725996319388983	0.19726178858601248	0.19726403330442002	0.19726740897002898	0.39451174506421977	0.39451663079531657	0.3945202912470502	0.3945237303306816	0.39452792102477446	0.39453393139986626	0.5917694481385324	0.5917759739466628	0.5917809873236429	0.591785729172951	0.5917914009450043	0.5917992676559831	0.7890284336356611	0.7890360199658513	0.7890420040562893	0.7890477319920319	0.7890544394720497	0.7890634596706413	0.9862883276505481	0.9862964817470993	0.9863032393810229	0.9863097777691431	0.9863172584350953	0.9863268533859275
0.0	0.202804401830195	0.4056063127034582	0.6084062186096917	0.8112039280224957	1.0139985118898702	0.047162385373181584	0.24996681734420997	0.45276878511306623	0.6555688384528293	0.8583669650698952	1.0611626532372729	0.0943230240411509	0.29712694624867386	0.4999287701516837	0.7027289610108233	0.9055276671656114	1.1083247665139229	0.14148210251268933	0.34428531643502386	0.5470868657506224	0.749887175661318	0.9526864873674803	1.1554849089012236	0.1886399055440471	0.3914424147181464	0.5942437325994515	0.7970441341304838	0.9998438970712112	1.2026433644601697	0.23579642909183476	0.4385986596644311	0.6413999682227038	0.8442004362629655	1.0470003637333642	1.249800255095796	0.0	0.0	0.0	0.0	0.0	0.0	0.19723383301765257	0.1972365333765276	0.19723848019657592	0.19724032311381262	0.19724259076376366	0.19724600278034385	0.3944687058922458	0.3944736367800539	0.39447733093341947	0.39448080278836867	0.3944850358381792	0.39449110997293474	0.5917049090917376	0.5917114954532299	0.5917165548724752	0.5917213415796994	0.5917270700919353	0.5917350192592281	0.7889424080638463	0.7889500649512663	0.7889561037612614	0.788961885412958	0.78896865932556	0.7889777733054272	0.9861808250154941	0.9861890549813659	0.9861958742604834	0.9862024735651296	0.9862100275036757	0.9862197215321847
0.0	0.2028266240088	0.4056507337559409	0.6084728192509727	0.8112926858064928	1.0141093928005689	0.04734753727828938	0.2501741916343006	0.4529983579111331	0.6558205915865079	0.8586408799521968	1.0614587056188225	0.09469330976331142	0.29751944955328197	0.5003434700634607	0.7031658421542463	0.9059867162498763	1.1088059695877386	0.14203750671423512	0.3448629314504224	0.5476866743394475	0.7505091664000002	0.9533306523844981	1.1561512424646507	0.1893804163304731	0.392205129316834	0.5950286381829045	0.7978512225509903	1.0006731643799875	1.2034948113551391	0.2367220344244531	0.43954646605215497	0.6423699654074392	0.8451926165818008	1.0480147242012463	1.250836799301868	0.0	0.0	0.0	0.0	0.0	0.0	0.19721221821548443	0.19721494330439385	0.19721690796922253	0.19721876850349965	0.19722105922484023	0.19722450783620293	0.3944254879926919	0.39443046422393324	0.3944341922276901	0.39443769702207065	0.3944419726786937	0.39444811098452215	0.5916401020857774	0.5916467492575059	0.591651854921553	0.591656686712498	0.5916624722929602	0.591670504432003	0.7888560253832134	0.7888637531320412	0.7888698469004135	0.7888756825327241	0.7888825232532864	0.7888917315884958	0.986072876180459	0.9860811823453777	0.9860880635387685	0.9860947240555598	0.9861023516698247	0.9861121453727896
0.0	0.2028489431122151	0.4056953485522265	0.6085397103525598	0.8113818306264952	1.0142207570821768	0.04753275098449492	0.25038172463510394	0.4532281862107904	0.656072696922994	0.858915243640636	1.0617553032746352	0.09506371896278579	0.2979121732151221	0.500758487098297	0.7036031371139574	0.906446275790923	1.1092877797143834	0.1425930959782928	0.3454408283712788	0.5482868615740737	0.7511316324753451	0.9539753894160411	1.1568182447383049	0.19012117370550644	0.39296818730611965	0.5958139838759708	0.7986588477701011	1.001503065190792	1.2043469885160014	0.23764794781316267	0.4404946772811632	0.6433404641471991	0.8461853951377901	1.0490297796083656	1.2518741352307512	0.0	0.0	0.0	0.0	0.0	0.0	0.1971905139195615	0.197193263837162	0.19719524642513223	0.1971971246684046	0.19719943860122707	0.1972029240517819	0.39438209119388845	0.3943871129544569	0.39439087495701464	0.3943944128589487	0.3943987313738379	0.39440493426294676	0.5915750268634676	0.5915817351013243	0.5915868872122423	0.5915917643126863	0.5915976072898033	0.5916057229168149	0.7887692852511701	0.7887770841645365	0.7887832331295599	0.7887891230070709	0.7887960309113355	0.7888053341766731	0.9859644807175325	0.9859728634101647	0.9859798067863297	0.9859865288107745	0.9859942305041788	0.9860041244790221
0.0	0.20287135929225367	0.40574015739619496	0.6086068923703324	0.8114713630900297	1.0143326054930222	0.0477180267858708	0.25058941679202146	0.45345827060897287	0.6563251552108409	0.8591900570353725	1.0620524472564228	0.09543425222712205	0.2983051179729028	0.50117382214613	0.7040408469312645	0.90690634698166	1.1097701982387973	0.1431488711856283	0.34601900822945997	0.548887428637427	0.7517545752215141	0.9546206999478788	1.157485917360209	0.19086217884310938	0.39373159001099484	0.5965997711545801	0.7994670114148901	1.0023336012822959	1.2051998978737435	0.23857417072517267	0.4414432949696441	0.644311466211021	0.8471787738509743	1.05004553202623	1.2529122651062012	0.0	0.0	0.0	0.0	0.0	0.0	0.19716872004343353	0.19717149488787294	0.19717349547716345	0.1971753915214135	0.19717772880605514	0.197181251340808	0.3943385153232897	0.394343582798244	0.3943473789476592	0.3943509501252758	0.39435531175024074	0.3943615796356308	0.591509683166308	0.5915164527251944	0.5915216514845811	0.5915265741202732	0.5915324748228543	0.5915406744548287	0.7886821873233677	0.7886900577033481	0.7886962621027451	0.7887022064899674	0.7887091819540376	0.788718580724999	0.9858556381966065	0.9858640977445501	0.9858711035714068	0.9858778873989011	0.9858856635751562	0.9858956584199337
0.0	0.20289387270155324	0.4057851605933771	0.6086743657626486	0.8115612838079287	1.0144449387955656	0.04790336497722551	0.2507972685520088	0.4536886117049916	0.656577967201803	0.8594653210405931	1.0623501386207532	0.09580491014533585	0.298698284567617	0.5015894761000018	0.7044789726514026	0.9073669310197472	1.1102532265115002	0.14370483321920394	0.34659747205984565	0.5494883767162663	0.7523779959773232	0.9552665854712591	1.158154261974691	0.1916034329201741	0.39449533876019777	0.5973860014992278	0.8002757151178187	1.0031647744393823	1.2060535413663884	0.23950070463135698	0.44239232074026724	0.6452829733732417	0.8481727546475155	1.0510619835332917	1.253951191159742	0.0	0.0	0.0	0.0	0.0	0.0	0.1971468365002129	0.19714963636912614	0.19715165503773166	0.1971535689749683	0.1971559297520101	0.19715948961656085	0.39429476020747517	0.3942998735810324	0.39430370402500564	0.3943073086464386	0.3943117136336424	0.3943180469291025	0.5914440707344857	0.5914509018683045	0.5914561474772827	0.5914611158739401	0.5914670746311723	0.5914753587858702	0.7885947312537043	0.7886026734013097	0.7886089334722479	0.7886149326336138	0.7886219760339507	0.7886314708867312	0.9857463481853791	0.9857548849151548	0.9857619534600338	0.9857687993858578	0.9857766504489619	0.9857867467623521
0.0	0.20291648349357885	0.4058303584509616	0.6087421309903545	0.8116515933943437	1.0145577577564167	0.04808876585410611	0.251005280363582	0.45391921010054403	0.6568311336508481	0.8597410365645276	1.0626483784290686	0.09617569330791628	0.299091673742551	0.5020054498560715	0.7049175153235496	0.9078280291076155	1.1107368658886134	0.14426098296419412	0.34717622090034783	0.5500897070012051	0.7530018960862686	0.9559130474829369	1.1588232802324148	0.19234493711653813	0.3952594348862321	0.598172676394998	0.8010849605167618	1.0039965864531737	1.2069079209390265	0.24042755100627447	0.4433417562202073	0.6462549874135262	0.8491673394597278	1.0520791362149802	1.254990915630702	0.0	0.0	0.0	0.0	0.0	0.0	0.1971248632025731	0.197127688193078	0.19712972501880782	0.19713165694106546	0.19713404135133075	0.19713763879187116	0.3942508256721471	0.3942559851276757	0.39425985001354846	0.3942634882469346	0.3942679368488911	0.3942743359689929	0.5913781893068696	0.5913850822685172	0.5913903749277306	0.5913953893110365	0.5914014064524806	0.5914097756484218	0.7885069166943192	0.7885149309094878	0.7885212468885754	0.7885273010884367	0.7885344128018544	0.7885440043133396	0.9856366102493473	0.9856452244863898	0.9856523560160304	0.9856592643353466	0.9856671906895805	0.9856773890708742
0.0	0.20293919182262932	0.40587575127780706	0.6088101885168034	0.8117422924667699	1.014671063146365	0.04827422971281985	0.25121345267684514	0.45415006639974753	0.6570846553161985	0.8600172045194947	1.0629471677477382	0.09654660230686934	0.2994852862433345	0.5024217443136711	0.7053564760008886	0.9082896424525346	1.1112211177319353	0.14481732130803832	0.34775525579196953	0.5506914206867772	0.7536262768965974	0.9565600874852518	1.1594929737904653	0.19308669261505573	0.39602387972544456	0.5989597973316465	0.8018947492550969	1.0048290391211279	1.2077630385439182	0.24135471132824546	0.4442916030412265	0.6472275101169548	0.8501625302261714	1.0530969921638043	1.2560314407663216	0.0	0.0	0.0	0.0	0.0	0.0	0.19710280006274464	0.19710565027143775	0.19710770533191416	0.19710965533125172	0.19711206351580476	0.1971156987791162	0.39420671154212156	0.3942119172621345	0.3942158167368865	0.3942194887503636	0.3942239812199347	0.3942304465800275	0.5913120386209987	0.5913189936623565	0.5913243335719663	0.5913293941675677	0.5913354700231545	0.5913439247796096	0.7884187432955753	0.7884268298771638	0.7884332020004463	0.7884393115030713	0.7884464919067335	0.788456180654489	0.985526423951786	0.9855351160204352	0.9855423108009818	0.9855492818088321	0.985557283858755	0.9855675849078446
0.0	0.20296199784383526	0.40592133938443853	0.6088785388078499	0.811833381646039	1.01478485574037	0.04845975685041112	0.2514217859434656	0.454381181209113	0.6573385329593017	0.8602938258218723	1.063246507648026	0.09691763773567132	0.29987912281789153	0.5028383603752555	0.7057958557405553	0.9087517722665596	1.1117059834088847	0.14537384914038404	0.3483345777787464	0.5512935189713767	0.7542511397612467	0.9572077069860637	1.160163344312282	0.19382870060152735	0.39678867461795264	0.5997473658035272	0.8027050829816286	1.005662134246961	1.208618896140414	0.24228218707928292	0.44524186283960415	0.6482005432739523	0.8511583288915794	1.0541155534792752	1.2570727688216756	0.0	0.0	0.0	0.0	0.0	0.0	0.1970806469925183	0.197083522515471	0.19708559588812774	0.1970875640566276	0.1970899961567724	0.19709366949022364	0.39416241764133564	0.3941676698074841	0.3941716040177299	0.39417530997943523	0.3941798465698278	0.3941863785860332	0.5912456184130919	0.591252635785019	0.5912580231447001	0.5912631301782049	0.5912692650782314	0.5912778059152144	0.7883302107060738	0.7883383699518492	0.7883447984548048	0.7883509635243762	0.7883582129957917	0.7883679995580536	0.9854157888537649	0.9854245590772576	0.9854318173742554	0.9854388513655591	0.985446929516004	0.9854573338333734
0.0	0.20298490171316672	0.40596712308306243	0.6089471823318726	0.8119248615563488	1.0148991363176	0.04864534756469101	0.25163028061671083	0.45461255513758914	0.6575927673448825	0.8605709013921565	1.0635463992061576	0.09728880018932727	0.3002731842165071	0.5032552989464752	0.7062356556037194	0.9092144197666188	1.1121914642925967	0.14593056735316606	0.34891418790783274	0.5518960030573508	0.7548764860379438	0.9578559074988625	1.1608343934677752	0.19457096226479711	0.39755382090774943	0.600535383309704	0.8035159633507089	1.0064958736407743	1.2094754956950902	0.2432099797451977	0.44619253725624924	0.6491740886804068	0.852154737406985	1.0551348222680426	1.2581149020598161	0.0	0.0	0.0	0.0	0.0	0.0	0.1970584039032399	0.19706130483599427	0.19706339659807512	0.1970653830278422	0.19706783918512108	0.19707155083666625	0.3941179437928365	0.394123242585903	0.39412721167788944	0.3941309517559576	0.3941355327207213	0.39414213180992824	0.5911789284180318	0.591186008370357	0.5911914433792942	0.5911965970762693	0.5912027913513955	0.591211418789655	0.7882413185726318	0.788249550779263	0.788256035896799	0.7882622567974115	0.7882695757144302	0.7882794606700955	0.9853047045141216	0.9853135532145831	0.985320875292975	0.9853279725625259	0.9853361272185958	0.9853466354053098
0.0	0.20300790358743653	0.40601310268757335	0.6090161195597836	0.812016732825277	1.0150139056614478	0.04883100215423364	0.2518389371514484	0.4548441887965657	0.6578473592409495	0.8608484321549714	1.0638468435033337	0.09766009026436635	0.30066747119182546	0.5036725609361794	0.7066758766555898	0.9096775861745228	1.112677561761935	0.14648747684060198	0.34949408722950126	0.5524988741510031	0.7555023170892123	0.9585046905427764	1.161506122933338	0.19531347879675065	0.398319319942705	0.6013238513539559	0.8043273920222441	1.007330259119066	1.2103328391817618	0.24413809081560095	0.44714362793670637	0.65014814813768	0.853151757729734	1.05615480064391	1.2591578427517909	0.0	0.0	0.0	0.0	0.0	0.0	0.19703607070580872	0.1970389971433735	0.19704110737193078	0.19704311215509163	0.19704559251128387	0.19704934272946	0.3940732898187785	0.39407863541867033	0.3940826395382736	0.39408641390083465	0.39409103949385915	0.3940977060737183	0.5911119683693604	0.5911191111508743	0.5911245940077589	0.5911297945937276	0.5911360485749728	0.5911447631359846	0.7881520665402768	0.7881603720033261	0.7881669139697755	0.7881731909654329	0.7881805797062419	0.7881905636348583	0.9851931704894539	0.98520209798789	0.9852094841120118	0.9852166449544766	0.9852248765215396	0.9852354891792335
0.0	0.20303100362430157	0.4060592785135563	0.609085350965033	0.8121089960837857	1.0151291645595362	0.0490167209183779	0.2520477560041488	0.4550760827998773	0.6581023094188007	0.8611264190390758	1.0641478416257375	0.09803150855884123	0.3010619844988508	0.5040901472564169	0.7071165199654176	0.9101412727169687	1.1131642772014976	0.14704457849918934	0.35007427679714076	0.5531021334625928	0.7561286342823734	0.9591540576425739	1.162178534391851	0.1960562513923095	0.3990851730745617	0.6021127714447734	0.8051393706616938	1.00816529250473	1.2111909285814846	0.2450665217838972	0.4480951365311499	0.6511227234526016	0.8541493918234815	1.0571754907278328	1.2602015931766433	0.0	0.0	0.0	0.0	0.0	0.0	0.19701364731067816	0.1970165993475248	0.19701872811941795	0.19702075134811958	0.19702325604524012	0.19702704507916508	0.3940284555404242	0.39403384812616726	0.3940378874188898	0.39404169623406765	0.3940463667095796	0.39405310119849835	0.5910447379992808	0.5910519438577286	0.5910574747607543	0.5910627224611945	0.5910690364799331	0.5910778386858919	0.7880624542522489	0.7880708332661642	0.788077432315281	0.7880837656698949	0.788091224613014	0.7881013080947706	0.9850811863341237	0.985090192950412	0.9850976433839895	0.9851048680939046	0.9851131769775905	0.9851238947084597
0.0	0.20305420198226734	0.4061056508782963	0.6091548770236223	0.8122016519662403	1.015244913803743	0.049202504157227545	0.25225673763289014	0.45530823776381363	0.6583576186530371	0.861404862977382	1.064449394664558	0.098403055672331	0.30145672489495495	0.504508058822449	0.707557586606513	0.9106054806255617	1.113651612001642	0.14760187322771487	0.3506547576672704	0.5537057822063537	0.7567554389895684	0.9598040103286923	1.1628516295327125	0.19679928124944995	0.39985138165895817	0.602902145095387	0.8059519009401036	1.0090009756270932	1.2120497658825968	0.2459952741473153	0.44904706469441974	0.6520978164375109	0.8551476416582375	1.0581968946479678	1.2612461556214662	0.0	0.0	0.0	0.0	0.0	0.0	0.19699113362785298	0.1969941113579117	0.19699625874980584	0.19699830051621486	0.197000829696513	0.1970046577958833	0.3939834407781391	0.3939888805278711	0.3939929551388391	0.3939967985747495	0.39400151418731016	0.39400831700444733	0.5909772370386489	0.5909845062207226	0.5909900853675827	0.590995380407924	0.5910017547958822	0.5910106451696937	0.7879724813499895	0.7879809342080963	0.7879875905730527	0.7879939805504393	0.7880015100747173	0.7880116936904347	0.984968751600242	0.9849778376531241	0.9849853526592691	0.9849926415310392	0.9850010281372347	0.9850118515440242
0.0	0.20307749882069148	0.406152220100785	0.6092246982141144	0.8122947011104227	1.015361154190216	0.04938835217167023	0.2524658824973808	0.4555406543071443	0.6586132877215926	0.8616837649069876	1.064751503716026	0.0987747322059798	0.3018516931399194	0.5049262965527945	0.7079990776562944	0.911070211136867	1.114139567558542	0.14815936192730764	0.3512355308995961	0.5543098216005534	0.7573827325878226	0.9604545501373042	1.163525410051911	0.19754256956926503	0.4006179470554942	0.6036919738238358	0.8067649845341769	1.0098373103219922	1.2129093530807977	0.246924349406971	0.4499994140860871	0.6530734289103249	0.856146509210439	1.0592190145397502	1.2622915323814818	0.0	0.0	0.0	0.0	0.0	0.0	0.19696852956688785	0.1969715330835438	0.19697369917190824	0.19697575956820992	0.19697831337416788	0.19698218078925628	0.3939382453513888	0.3939437324423531	0.3939478425163134	0.39395172074106233	0.39395648174556475	0.39396335331082527	0.5909094652169695	0.5909167979683001	0.5909224255561835	0.5909277681618054	0.5909342032510576	0.5909431823163306	0.7878821474731367	0.7878906744676298	0.7878973883810119	0.7879038352448899	0.7879114357295007	0.7879217200606208	0.9848558658376628	0.9848650316447362	0.9848726114859431	0.984879964813838	0.9848884295486829	0.9848993592346769
0.0	0.20310089429978767	0.40619898650172875	0.6092948150176465	0.8123881441575477	1.015477886519395	0.04957426526336605	0.2526751910589516	0.45577333305111606	0.6588693174057335	0.8619631257691817	1.065054169881423	0.09914653876247216	0.3022468899959144	0.5053448613692134	0.7084409941962754	0.9115354654924017	1.1146281452741822	0.14871704550140505	0.35181659755698064	0.5549142528674679	0.758010516459023	0.9611056786102989	1.1641998776520097	0.19828611755592507	0.4013848706276958	0.6044822591529363	0.8075786231262478	1.0106742984317487	1.2137696921791288	0.24785374906783084	0.4509521863704227	0.6540495626945116	0.857145996462926	1.0602418525458723	1.2633377257600256	0.0	0.0	0.0	0.0	0.0	0.0	0.19694583503688534	0.1969488644329746	0.19695104929408158	0.19695312841247875	0.19695570698681036	0.19695961396846381	0.39389286907873466	0.39389840368727386	0.3939025493685914	0.3939064625502732	0.3939112692019394	0.39391820993596904	0.5908414222623894	0.5908488188275401	0.5908544950531279	0.5908598854493572	0.5908663815723225	0.5908754498533605	0.7877914522595156	0.7878000536814516	0.7878068253752559	0.7878133293892446	0.7878210012136828	0.7878313868422594	0.9847425285939725	0.9847517744716825	0.9847594194098244	0.9847668374879777	0.9847753807578606	0.9847864173268719
0.0	0.20312438858062754	0.40624595040355216	0.6093652279179343	0.8124819817522697	1.0155951115960185	0.049760243734764995	0.25288466378057545	0.4560062746194737	0.6591257084900825	0.8622429465094674	1.0653573942671075	0.09951847594606753	0.3026423162275358	0.5057637541967448	0.7088833373121046	0.9120012449386758	1.115117346556402	0.14927492485580124	0.3523979587054938	0.5555190772334333	0.7586387919899719	0.9617573972953389	1.1648750340422043	0.19902992641673814	0.40215215374307695	0.6052730026103463	0.8083928184043471	1.0115119418052383	1.2146307851880427	0.24878347463878295	0.4519053832164691	0.6550262196191631	0.8581461054050183	1.0612654108163628	1.2643847380686257	0.0	0.0	0.0	0.0	0.0	0.0	0.19692304994649604	0.19692610531430185	0.19692830902422506	0.19693040695693725	0.19693301044258668	0.19693695724222396	0.3938473117778341	0.3938528940793839	0.39385707551203897	0.3938610238187344	0.39386587637311293	0.3938728866972932	0.5907731079016987	0.5907805685241571	0.5907862935836193	0.590791731995728	0.5907982894851662	0.5908074475069598	0.7877003953451399	0.7877090714844289	0.7877159011900593	0.7877224626176758	0.7877302061617528	0.7877406936704419	0.9846287394144899	0.9846380656781223	0.9846457759744476	0.984653259096854	0.9846618813084083	0.9846730253647682
0.0	0.20314798182514734	0.4062931121304114	0.6094359374012929	0.8125762145427099	1.0157128302291583	0.04994628788910687	0.2530943011268738	0.456239479638473	0.6593824617626376	0.8625232280775901	1.0656611779845473	0.09989054436260271	0.3030379726018134	0.5061829759637225	0.7093261080935888	0.9124675507272216	1.1156071728189303	0.14983300089865426	0.3529796154144261	0.5561242959288667	0.7592675605724146	0.962409707745893	1.1655508809383628	0.19977399736216134	0.4029197977731579	0.6060642057285894	0.8092075720622329	1.012350242297927	1.2154926341254475	0.24971352763264412	0.45285900629805453	0.6560034015190165	0.8591468380325422	1.0622896915086195	1.2654325716270436	0.0	0.0	0.0	0.0	0.0	0.0	0.19690017420391395	0.1969032556351629	0.19690547826977603	0.19690759510903855	0.19691022364917882	0.19691421051878827	0.39380157326543175	0.39380720343451464	0.3938114207621	0.39381540436187473	0.39382030307483773	0.39382738341128026	0.5907045218603161	0.5907120467824869	0.5907178208714793	0.5907233075246824	0.5907299267136906	0.5907391750019091	0.787608976364193	0.7876177275095915	0.7876246154578548	0.787631234562512	0.7876390502063524	0.7876496401784021	0.9845144978422444	0.9845239048059171	0.9845316807210464	0.9845392291815594	0.984547930741659	0.9845591828902068
0.0	0.20317167419614784	0.4063404720081944	0.6095069439566362	0.8126708431804553	1.0158310432322195	0.050132398030416164	0.25330410356411137	0.45647294873687605	0.6596395780147676	0.8628039714275311	1.065965522150315	0.10026274461947914	0.303433859888199	0.5066025276017627	0.7097693076346789	0.9129343841145809	1.1160976254813737	0.15039127454046702	0.35356156875626993	0.5567299101882467	0.7598968236030204	0.9630626115212174	1.1662274200630074	0.20051833160578192	0.4036878040934462	0.6068558700450365	0.8100228857993729	1.0131892017718533	1.2163552410166887	0.2506439095661515	0.4538130572937846	0.656981110234446	0.860148196347822	1.0633146967874014	1.266481228763266	0.0	0.0	0.0	0.0	0.0	0.0	0.1968772077168784	0.19688031530273656	0.19688255693771214	0.19688469277577494	0.19688734651380665	0.19689137370594406	0.3937556533573627	0.39376133156758186	0.3937655849333002	0.3937696039942029	0.39377454912194354	0.39378169989348505	0.590635663862295	0.5906432533254933	0.5906490766391536	0.590654611758607	0.590661292980616	0.5906706320615995	0.7875171949490356	0.7875260213881382	0.7875329678092416	0.7875396448542464	0.7875475329782832	0.7875582259975242	0.9843998034179843	0.9844092913946401	0.9844171331885624	0.9844247472808928	0.984433528596648	0.9844448894427204
0.0	0.20319546585730092	0.40638803036453336	0.6095782480754965	0.8127658683205857	1.015949751422972	0.05031857446352932	0.25351407156023004	0.45670668254599106	0.6598970580412583	0.8630851775175614	1.066270427886148	0.10063507732571737	0.3038299788586268	0.5070224100458312	0.7102129370335452	0.9134017463623855	1.116588705969303	0.1509497466941644	0.3541438198068031	0.5573359212502036	0.7605265824834778	0.9637161101864589	1.1669046531454232	0.20126293036440465	0.40445617408353046	0.6076479971020056	0.8108387613210497	1.0140288220957416	1.2172186078946683	0.25157462196005687	0.454767537887143	0.6579593476115698	0.861150182359794	1.0643404288249494	1.267530711813631	0.0	0.0	0.0	0.0	0.0	0.0	0.19685415039266957	0.19685728422373888	0.19685954493454677	0.1968616998636737	0.19686437894322362	0.19686844671100978	0.3937095518685441	0.39371527829257735	0.39371956783923867	0.3937236225292993	0.3937286143283289	0.3937358359585258	0.5905665336303108	0.5905741878747541	0.590580060607699	0.5905856444184973	0.5905923880072678	0.5906018184080194	0.7874250507301884	0.7874339527494209	0.787440957872968	0.7874476931215185	0.7874556541064898	0.7874664507573255	0.9842846556801554	0.9842942249815543	0.984302132913624	0.9843098129313371	0.9843186744100908	0.9843301445595116
0.0	0.20321935697315074	0.40643578752880766	0.6096498502520283	0.8128612906216776	1.0160689556235574	0.05050481749407223	0.2537242055848276	0.4569406816996526	0.6601549026402941	0.8633668473102241	1.0665758963189307	0.10100754309191468	0.30422633028747254	0.507442624234203	0.7106569973925377	0.9138696387373192	1.1170804157142167	0.1515084182750356	0.35472636964503235	0.5579423303574643	0.7611568386204427	0.9643702053126021	1.1675825819216072	0.20200779485799242	0.40522490912702236	0.6084405884467052	0.8116552003383065	1.0148691051449474	1.2180827367997915	0.25250566633906424	0.45572244976643056	0.6589381155021901	0.862152798083948	1.0653668898009283	1.2685810231227723	0.0	0.0	0.0	0.0	0.0	0.0	0.19683100213810942	0.19683416230442383	0.19683644216632995	0.19683861627879765	0.19684132084371744	0.19684542944083597	0.39366326861297657	0.39366904342257025	0.39367336929258906	0.3936774597798172	0.3936824985069627	0.39368979142008576	0.5904971308856618	0.5905048501504642	0.5905107724967859	0.59051640522396	0.5905232115135791	0.5905327337617565	0.7873325433363346	0.787341521220946	0.7873485852759337	0.7873553789911174	0.787363413218062	0.7873743140854585	0.9841690541649047	0.9841787051016164	0.9841866794305498	0.9841944256670638	0.9842033677163871	0.9842149477754568
0.0	0.20324334770912048	0.4064837438321569	0.6097217509830279	0.812957110745831	1.0161886566605212	0.050691127428490336	0.2539345061091944	0.45717494683426474	0.6604131126135077	0.8636489817723902	1.0668819285807594	0.10138014253030293	0.3046229149516179	0.5078631711085347	0.7111014898182646	0.9143380625112028	1.1175727561536324	0.15206729020081525	0.3553092193532811	0.5585491387569468	0.7617875934256374	0.9650248984765766	1.1682612081343817	0.20275292630975827	0.4059940106116552	0.6092336456313401	0.8124722045680585	1.0157100528015754	1.218947629780092	0.2534370442319321	0.45667779462487373	0.6599174157639086	0.8631560455424493	1.0663940819025557	1.2696321650437545	0.0	0.0	0.0	0.0	0.0	0.0	0.19680776285955698	0.1968109494505788	0.19681324853864382	0.19681544192674089	0.19681817212110567	0.1968223218018007	0.3936168034037349	0.393622626769698	0.393626989105091	0.393631115557474	0.39363620146987516	0.3936435660909042	0.590427455348257	0.5904352398714211	0.5904412120246842	0.5904468938931996	0.5904537632180773	0.5904633778419848	0.7872396723943019	0.7872487264283576	0.7872558496431724	0.7872627020879643	0.7872708099382182	0.7872818156076947	0.9840529984060576	0.9840627312874541	0.9840707722713262	0.98407858501991	0.9840876080475982	0.9840992986230837
0.0	0.20326743823151247	0.4065318996074815	0.6097939507679344	0.8130533293586709	1.016308855364815	0.05087750457403406	0.25414497360629895	0.4574094785887872	0.6606716887659663	0.8639315818752463	1.0671885258089278	0.10175287625471913	0.3050197336304214	0.5082840516138342	0.7115464154215628	0.9148070189609653	1.1180657287310578	0.15262636339164534	0.35589237001715174	0.559156347699722	0.7624188483158146	0.9656801912612206	1.1689405335333585	0.20349832594612988	0.4067634799292485	0.6100271702130752	0.8132897757330577	1.0165516669544457	1.219813288891198	0.2543687571714422	0.45763357416059414	0.6608972502600965	0.8641599267641081	1.067422007324572	1.270684139938043	0.0	0.0	0.0	0.0	0.0	0.0	0.1967844324629101	0.19678764556752645	0.19678996395660447	0.19679217671263044	0.1967949326807374	0.19679912369981134	0.3935701560529718	0.39357602814517006	0.39358042708755325	0.39358458967305454	0.3935897230281613	0.39359715978277987	0.5903575067366204	0.5903653567550311	0.5903713789082696	0.5903771101430239	0.5903840428378891	0.5903937503664693	0.7871464375290698	0.7871555679954438	0.787162750597859	0.7871696620351191	0.7871778438903109	0.7871889549479301	0.9839364879351264	0.9839463030693748	0.9839544109656163	0.9839622905193872	0.9839713949334563	0.98398319663258
0.0	0.20329162870751433	0.4065802551894544	0.6098664501088472	0.8131499471293704	1.0164295525718254	0.051063949238773367	0.25435560855080885	0.45764427760476173	0.660930631906204	0.8642146485943316	1.0674956891459715	0.10212574488063657	0.30541678710575526	0.5087052666985042	0.7119917753175476	0.9152765093686989	1.1185593348960525	0.15318563877011626	0.3564758227255725	0.5597639584410677	0.7630506047128156	0.9663360852553454	1.1696205598750087	0.2042439949967917	0.40753331847575647	0.6108211637540906	0.8141079155619537	1.0173939494991595	1.220679716196404	0.25530080669444444	0.45858979007665884	0.6618776208599502	0.8651644437844428	1.0684506682693087	1.271736950175579	0.0	0.0	0.0	0.0	0.0	0.0	0.19676101085360176	0.19676425056012076	0.1967665883248581	0.1967688205411225	0.19677160242748956	0.19677583504030075	0.39352332637191006	0.39352924735926	0.39353368304984643	0.3935378819364039	0.3935430629919736	0.3935505723065636	0.5902872847678796	0.5902952005172971	0.590301272863011	0.590307053688832	0.5903140500887294	0.5903238510515557	0.7870528383637536	0.7870620455441217	0.7870692877612939	0.7870762584537653	0.7870845146958128	0.7870957317281704	0.9838195222812913	0.9838294199753466	0.9838375950407405	0.9838455416926629	0.9838547279013449	0.9838666413317749
0.0	0.20331591930520232	0.40662881091452857	0.6099392495105372	0.8132469647306649	1.0165507491213923	0.051250461731600486	0.2545664114190965	0.45787934452632184	0.6611899428462357	0.8644981829095559	1.0678034197396886	0.1024987490251684	0.3058140761620128	0.5091268173143536	0.7124375706256267	0.9157465350216767	1.1190535761042488	0.15374511726127674	0.3570595785708111	0.560371972240485	0.7636828640435914	0.9669925820537596	1.1703012889226914	0.20498993469470628	0.40830352765129274	0.6116156278216097	0.8149266257893256	1.0182369023381355	1.2215469137667092	0.25623319434188413	0.4595464440811118	0.6628585294385266	0.8661695986457174	1.0694800669467313	1.2727905981348244	0.0	0.0	0.0	0.0	0.0	0.0	0.19673749793659834	0.1967407643327457	0.19674312154757956	0.196745373316401	0.19674818126576546	0.19675245572822586	0.3934763141708396	0.39348228422130277	0.39348675680089995	0.3934909921564241	0.39349622117051886	0.39350380347215524	0.590216789157762	0.5902247708728148	0.5902308936029671	0.5902367242446105	0.5902437846848967	0.5902536796121648	0.7869588745195989	0.7869681586944314	0.7869754607528975	0.7869824909632043	0.7869908219743101	0.7870021455685259	0.9837021009713928	0.9837120815309907	0.9837203240216695	0.9837283380645524	0.9837376064762916	0.983749632246131
0.0	0.20334031019354418	0.4066775671209418	0.6100123494804541	0.813344382838863	1.0166724458578211	0.05143704236223321	0.25477738268924555	0.45811468000020145	0.6614496224015671	0.8647821858052126	1.068111718743156	0.10287188930707553	0.3062116015861189	0.5095487044166095	0.7128838024695158	0.9162170972123711	1.1195484538173723	0.1543047997926398	0.3576436386484832	0.5609803903617092	0.7643156277402162	0.9676496832572854	1.1709827224466716	0.205736146276118	0.40907410886013645	0.6124105639879083	0.8157459081556928	1.019080527380622	1.2224148836808353	0.2571659216588113	0.4605035378869852	0.6638399778767576	0.8671753933969591	1.070510205574457	1.2738450862027841	0.0	0.0	0.0	0.0	0.0	0.0	0.19671389361639938	0.19671718678931469	0.19671956352847192	0.1967218349421772	0.19672466909949432	0.1967289856680673	0.39342911925911644	0.3934351385396938	0.393439648148701	0.39344392014107343	0.3934491973720574	0.39345685308850276	0.590146019620592	0.5901540675347706	0.5901602408407844	0.5901661215229321	0.5901732463392718	0.5901832357617918	0.7868645456159793	0.7868739070645339	0.7868812691902077	0.7868883591808533	0.7868967653435014	0.7869081960872086	0.9835842235299289	0.9835942872595789	0.9836025974310216	0.983610679157517	0.9836200301809661	0.9836321688987425
0.0	0.2033648015424037	0.4067265241487265	0.6100857505287408	0.8134422021338652	1.0167946436299078	0.051623691441225326	0.25498852284106566	0.4583502846757549	0.6617096713912205	0.8650666582700085	1.0684205873147634	0.10324516634678649	0.3066093641675545	0.5099709289639475	0.7133304719772727	0.9166881972384929	1.1200439695032867	0.15486468729422162	0.358228004057596	0.5615892140727591	0.7649488972399406	0.9683073904728167	1.1716648622241836	0.206482630980607	0.40984506351079136	0.6132059738303778	0.8165657644075845	1.0199248265427725	1.2232836280253037	0.2580989901944378	0.461461073212362	0.6648219680615162	0.8681818300940298	1.0715410863778332	1.2749004167750873	0.0	0.0	0.0	0.0	0.0	0.0	0.1966901977970347	0.196693517833268	0.19669591417076387	0.196698205321687	0.19670106583212862	0.19670542476382652	0.3933817414451574	0.39338781012188345	0.39339235690028956	0.39339666569736126	0.39340199140389787	0.393409720963597	0.5900749758692841	0.5900830902149344	0.5900893142876897	0.5900952452349474	0.5901024347633103	0.5901125192124982	0.7867698512703857	0.7867792902707008	0.7867867126888703	0.7867938627222351	0.7868023444191864	0.7868138829005225	0.9834658894790426	0.9834760366820209	0.9834844147890498	0.9834925644916506	0.9835019985356667	0.9835142508103218
0.0	0.2033893935225453	0.40677568233971845	0.6101594531682467	0.8135404232991813	1.0169173432909593	0.051810409279960466	0.255199832356091	0.4585861592049593	0.6619700906377413	0.8653516012970751	1.0687300266182294	0.10361858076638619	0.30700736469835	0.5103934919184885	0.7137775802812998	0.9171598364029971	1.1205401246360025	0.15542478069851423	0.35881267590052546	0.5621984446459176	0.7655826739851777	0.9689657053133091	1.1723477100394253	0.2072293900510503	0.410616393015951	0.6140018589314953	0.8173861962975129	1.0207698017476226	1.2241531488944184	0.2590324015021032	0.4624190517803454	0.6658045018855914	0.8691889107996047	1.0725727115899188	1.2759565922559746	0.0	0.0	0.0	0.0	0.0	0.0	0.1966664103820624	0.19666975736757059	0.19667217337720755	0.1966744843576888	0.196677371366642	0.19668177291902394	0.39333418053643565	0.39334029877437293	0.3933448828617539	0.3933492286313434	0.3933546030723926	0.39336240690446744	0.590003657615336	0.5900118386236526	0.5900181136534833	0.5900240950903786	0.5900313496670353	0.5900415296749055	0.7866747910984178	0.7866843079273056	0.7866917908626297	0.7866990012009689	0.7867075588152579	0.7867192056228544	0.9833470983385098	0.9833573293168528	0.9833657756136307	0.983373993584669	0.9833835110583095	0.9833958774991892
0.0	0.203414086305635	0.4068250420375588	0.6102334579145311	0.813639047021935	1.0170405456988003	0.05199719619066671	0.25541131171759596	0.4588223042424319	0.6622308809672159	0.8656370158839876	1.0690400378226212	0.10399213318964394	0.30740560397311406	0.5108163942458298	0.7142251285183746	0.9176320160141159	1.1210369206957127	0.1559850809405377	0.3593976552830697	0.5628080833577869	0.7662169594235582	0.9696246293978369	1.173031267683616	0.20797642473369643	0.41138809879257476	0.6147982208789007	0.8182072055840518	1.0216154549251695	1.225023448390347	0.2599661571393564	0.4633774753191424	0.6667875812477726	0.8701966375832579	1.0736050834515722	1.2770136150583864	0.0	0.0	0.0	0.0	0.0	0.0	0.19664253127456952	0.19664590529471296	0.19664834105007947	0.19665067195246452	0.19665358560553017	0.19665803003669954	0.39328643633948246	0.393292604302716	0.39329722583823246	0.3933016087481244	0.39330703218294005	0.39331491071718383	0.5899320645688307	0.5899403124698506	0.5899466386465418	0.5899526707975222	0.5899599907590412	0.5899702668581979	0.7865793647137872	0.7865889596468267	0.7865965033233324	0.7866037742287747	0.7866124081437049	0.7866241638666777	0.9832278496257445	0.9832381646802418	0.9832466794202692	0.9832549659519145	0.9832645672644332	0.9832770484812766
0.0	0.20343888006424912	0.4068746035877115	0.6103077652858881	0.8137380739928981	1.0171642517158144	0.05218405248642651	0.2556229614106135	0.45905872044545626	0.6624920432093073	0.8659229030328086	1.0693506221024072	0.10436582424203351	0.30780408278906246	0.5112396369150812	0.7146731178296959	0.9181047373854122	1.1215343591688538	0.15654558895785872	0.3599829433144757	0.5634181314893232	0.7668517550079748	0.9702841643516453	1.1737155369550576	0.20872373627818025	0.4121601822619109	0.6155950612654278	0.8190287940318767	1.022461788012421	1.2258945286231766	0.2609002586679748	0.4643363455620909	0.6677712080528851	0.8712050125215066	1.0746382042115032	1.2780714876040233	0.0	0.0	0.0	0.0	0.0	0.0	0.19661856037716613	0.19662196151670525	0.1966244170911745	0.19662676800781345	0.19662970845080477	0.19663419601940701	0.3932385086598751	0.39324472651150677	0.39324938563390166	0.3932538058518451	0.39325927853997217	0.39326723220684434	0.5898601964384192	0.5898685114610152	0.5898748889738002	0.5898809720632311	0.5898883577464745	0.5898987304701038	0.7864835717282936	0.7864932450398242	0.7865008496809035	0.7865081814154488	0.7865168920145893	0.7865287572425286	0.9831081428557682	0.9831185422859559	0.9831271257220683	0.9831354811063254	0.9831451666671689	0.983157763270098
0.0	0.20346377497187274	0.4069243673374602	0.6103823758033434	0.8138375049064844	1.0172884622089386	0.05237097848116068	0.2558347819219179	0.45929540847396433	0.662753578197235	0.8662092637500673	1.0696617806374342	0.10473965455070283	0.3082028019459863	0.511663220898833	0.7151215493608493	0.9185780018357443	1.1220324415480696	0.1571063056905588	0.36056854110740655	0.5640285903258031	0.7674870621965465	0.9709443118061137	1.1744005196590956	0.20947132593749473	0.41293264484946746	0.6163923816890746	0.8198509634117329	1.0233088029533624	1.2267663917108804	0.26183470765393857	0.4652956642476329	0.6687553842117624	0.8722140376977819	1.075672076126243	1.2791302123233148	0.0	0.0	0.0	0.0	0.0	0.0	0.1965944975919885	0.19659792593508024	0.1966004014018091	0.19660277242505558	0.19660573980399695	0.19661027076921722	0.3931903973022433	0.39319666520438645	0.39320136205198264	0.3932058197456893	0.3932113419469612	0.39321937117758193	0.5897880529313295	0.589796435303204	0.5898028643407615	0.5898089985929241	0.5898164503350447	0.5898269202169062	0.786387411751837	0.7863971637149516	0.7864048295433588	0.7864122223688763	0.7864210100360577	0.7864329853590185	0.9829879775412255	0.9829984616453796	0.9830071140297446	0.9830155385584524	0.9830253087772557	0.9830380213767651
0.0	0.20348877120290682	0.40697433363592234	0.6104572899906745	0.8139373404607783	1.0174131780496976	0.05255797448965305	0.2560467737400562	0.4595323689905745	0.6630154867678205	0.8664960990468114	1.0699735146129872	0.10511362474451984	0.308601762246305	0.5120871471732149	0.7155704242618739	0.9190518106893398	1.1225311693322915	0.15766723208128922	0.36115444977800315	0.5646394611568922	0.7681228824526941	0.9716050733988381	1.1750862176082095	0.2102191949680503	0.4137054879850779	0.6171901837530754	0.8206737155005155	1.0241565016990428	1.2276390397794108	0.26276950566749635	0.4662554331193871	0.669740111641325	0.8732237152025153	1.0767067014602367	1.2801897916555192	0.0	0.0	0.0	0.0	0.0	0.0	0.19657034282069452	0.19657379845088913	0.19657629388281683	0.19657868510502713	0.19658167956615247	0.19658625418771325	0.39314210207025996	0.393148420184034	0.39315315489473207	0.3931576502318748	0.3931632222064107	0.39317132743255545	0.5897156337533527	0.5897240837010319	0.5897305644514828	0.5897367500905724	0.5897442682290095	0.5897548358034286	0.7862908843923999	0.7863007152789386	0.7863084425167872	0.7863158966950138	0.7863247618143243	0.7863368478228163	0.9828673531923618	0.982877922267492	0.9828866438516066	0.9828951378164357	0.9829049931030189	0.9829178223099655
0.0	0.20351386893267176	0.40702450283405656	0.610532508374422	0.8140375813575486	1.0175384001142211	0.0527450408275489	0.2562589373553505	0.4597696026605976	0.6632777697614968	0.86678340993862	1.0702858252198049	0.10548773545407424	0.3090009644950714	0.5125114167179057	0.716019743687275	0.9195261652758112	1.1230305440267578	0.15822836907528584	0.3617406704459029	0.565250745276667	0.7687592172451665	0.9722664507736601	1.175772632622045	0.21096734462970568	0.41447871310293616	0.6179884690659397	0.8214970520813111	1.0250048862076213	1.2285124749627487	0.2637046542832028	0.46721565392619024	0.6707253922646261	0.8742340471331868	1.0777420824858968	1.2812502280487794	0.0	0.0	0.0	0.0	0.0	0.0	0.19654609596446226	0.19654957896469982	0.19655209443454694	0.19655450594807897	0.1965575276378304	0.19656214617598916	0.3930936227666383	0.3930999912521634	0.3931047639634392	0.39310929711165044	0.3931149191198523	0.39312310077394635	0.5896429386088391	0.5896514563576662	0.5896579890085714	0.5896642262586952	0.5896718111311714	0.5896824769330309	0.786193989256041	0.7862038993365849	0.786211688205345	0.7862192039978829	0.7862281469536646	0.7862403442386426	0.9827462693170158	0.9827569236588588	0.9827657146935469	0.9827742783859983	0.9827842191503623	0.9827971655759545
0.0	0.20353906833741223	0.40707487528467184	0.6106080314839032	0.814138228302268	1.0176641292832689	0.05293217781135877	0.2564712732599064	0.46000711015204987	0.6635404280223258	0.8670711974456269	1.070598713654108	0.10586198731167967	0.30940040949997905	0.5129360305161446	0.7164695087960402	0.9200010669301775	1.123530567143041	0.1587897176203636	0.36232720423423864	0.5658624439836188	0.7693960680480484	0.9729284455806816	1.1764597665274328	0.21171577618575052	0.4152523216415839	0.6187872392414441	0.8223209749433948	1.025853958444368	1.2293866994029101	0.26464015507990357	0.4681763284220866	0.6717112280108457	0.8752450355943245	1.0787782214836055	1.2823115239601324	0.0	0.0	0.0	0.0	0.0	0.0	0.19652175692398743	0.19652526737659465	0.19652780295686187	0.19653023485407445	0.19653328391910097	0.19653794663464766	0.3930449591931269	0.39305137820951863	0.3930561890584212	0.3930607601852912	0.3930664324878414	0.3930746910029545	0.5895699672006905	0.5895785529748203	0.5895851377131776	0.5895914267983527	0.5895990787428703	0.5896098433076021	0.7860967259468856	0.7861067154907501	0.7861145662112459	0.7861221438795613	0.786131165056406	0.7861434742092598	0.9826247254206069	0.9826354653236201	0.9826443260590298	0.9826529597704333	0.9826629864227561	0.982676050678544
0.0	0.20356436959429838	0.4071254513424305	0.6106838598512169	0.814239282004118	1.017790366442236	0.05311938575846363	0.2566837819476195	0.4602448921356613	0.6638034623980084	0.8673594625925305	1.070912181117611	0.10623638095138802	0.3098000980713775	0.5133609895547482	0.7169197207516583	0.9204765169928836	1.1240312401990669	0.15935127866694068	0.3629140522696644	0.5664745585806812	0.7700334363407898	0.973591059476293	1.177147621158419	0.21246449090294967	0.4160263150439559	0.6195864958986791	0.8231454858822789	1.026703720381714	1.2302617152499968	0.26557600964078726	0.46913745836638143	0.6726976208153452	0.876256682697561	1.079815120741774	1.2833736818555666	0.0	0.0	0.0	0.0	0.0	0.0	0.19649732559948432	0.19650086358617116	0.19650341934913823	0.19650587172239	0.19650894830954596	0.19651365546380087	0.3929961111505113	0.3930025808558755	0.3930074299790248	0.39301203925210004	0.3930177621099584	0.3930260979197993	0.5894967192303627	0.5895053732527551	0.5895120102649967	0.5895183514091485	0.5895260707639857	0.589536934627563	0.785999094067129	0.7860091633423575	0.7860170761347641	0.7860247159401853	0.7860338157229311	0.7860462373354757	0.9825027210061392	0.9825135467634949	0.982522477449096	0.9825311814706083	0.9825412944212409	0.9825544771191056
0.0	0.2035897728814317	0.40717623136385944	0.6107599940112599	0.8143407431760118	1.0179171124811826	0.05330666498712521	0.2568964639141914	0.46048294928489686	0.664066873739911	0.867648206408627	1.071226228817561	0.10661091700900856	0.3102000310222974	0.5137862948241413	0.7173703807221551	0.9209525168098425	1.124532564719164	0.15991305316807056	0.36350121568239296	0.5670870903752726	0.7706713236082541	0.9742542941232287	1.1778361983563261	0.21321349005157167	0.4168006947574146	0.6203862406620895	0.8239705866997578	1.0275541739993028	1.2311375246622533	0.2665122195534172	0.4700990455236785	0.6736845726197108	0.8772689905616815	1.0808527825568959	1.284436704210083	0.0	0.0	0.0	0.0	0.0	0.0	0.19647280189068228	0.19647636749253877	0.19647894351026338	0.19648141645191197	0.1964845207082557	0.19648927256306692	0.39294707843860727	0.3929535989900348	0.3929584865236194	0.3929631341104011	0.39296890778480237	0.3929773213237133	0.5894231943978554	0.5894319168902696	0.5894386063622592	0.5894449997892195	0.5894527868929268	0.5894637505918555	0.7859010932170223	0.7859112424903802	0.7859192175742215	0.785926919777937	0.7859360985516639	0.7859486332161297	0.982380255574185	0.9823911674777637	0.9824001683623453	0.9824089429849483	0.9824191426444117	0.9824324443965545
0.0	0.20361527837784976	0.4072272157073596	0.6108364345017416	0.8144426125346134	1.0180443682948561	0.053494015816480694	0.25710931965712946	0.46072128227596104	0.6643306629030755	0.8679374299278249	1.0715408579667554	0.10698559612209713	0.31060020916844433	0.5142119473183555	0.717821489880097	0.9214290677324434	1.125034542234075	0.1604750420794197	0.3640886956061786	0.5677000406792846	0.7713097313407107	0.9749181511905639	1.1785254999697539	0.21396277490536916	0.41757546223373504	0.6211864751614636	0.8247962792039031	1.0284053212839894	1.2320141298060712	0.2674487864097151	0.47106109166386834	0.6746720853717465	0.8782819613126224	1.0818912092335495	1.2855005935077028	0.0	0.0	0.0	0.0	0.0	0.0	0.1964481856968233	0.19645177899431632	0.196454375338633	0.19645686894103415	0.19646000101382655	0.19646479783156762	0.3928978608562558	0.39290443240981743	0.3929093584895925	0.3929140445575351	0.39291986930998585	0.39292836101293716	0.5893493924017044	0.5893581835846933	0.5893649257017237	0.5893713716352283	0.5893792268266255	0.5893902908979364	0.785802722994863	0.7858129525318319	0.7858209901259773	0.7858287549890343	0.7858380131390607	0.7858506614480836	0.9822573286228719	0.9822683269632566	0.9822773982949246	0.9822862438094242	0.9822965305884045	0.9823099520073374
0.0	0.2036408862635298	0.4072784047332136	0.6109131818631949	0.814544890800352	1.018172134782711	0.05368143856655777	0.25732234967576506	0.4609598917878202	0.6645948307462444	0.8682271341886733	1.0718560697835766	0.10736041892998756	0.311000633328234	0.5146379480350677	0.7182730494026335	0.9219061711175975	1.1255371742810079	0.1610372463593216	0.3646764931783746	0.5683134108091423	0.7719486610338998	0.9755826323537832	1.1792155278546523	0.21471234674165143	0.4183506189291812	0.621987201032014	0.8256225652091475	1.0292571642299282	1.2328915328560803	0.2683857118060442	0.4720235985622154	0.6756601610255649	0.8792955970835653	1.0829304030844977	1.286565352241569	0.0	0.0	0.0	0.0	0.0	0.0	0.19642347691666065	0.19642709798963076	0.19642971473214976	0.19643222908765637	0.1964353891243595	0.196440231167927	0.39284845820132036	0.39285508091206167	0.3928600456733468	0.39286477038985607	0.3928706464821323	0.39287921678471693	0.5892753129389777	0.5892841730318819	0.5892909679786725	0.58929746664236	0.5893053902605317	0.5893165552417722	0.7857039829969894	0.7857142930617605	0.7857223933844231	0.7857302211677252	0.7857395590796041	0.7857523216262157	0.9821339396478763	0.9821450247143465	0.982154166740521	0.9821630834375453	0.9821734577468907	0.9821869994454251
0.0	0.20366659671939116	0.40732979880358994	0.6109902366389827	0.8146475786974317	1.01830041284892	0.053868933558278764	0.2575355544712604	0.4611987785022112	0.6648593781318721	0.8685173202343764	1.0721718654920063	0.10773538607379847	0.31140130432280133	0.515064297975612	0.7187250604715107	0.9223838283277548	1.1260404624036524	0.1615996669687786	0.36526460953993733	0.5689272020858115	0.7725881141890413	0.9762477392947913	1.1799062838743346	0.21546220684127945	0.41912616630450317	0.6227884199143765	0.826449446536286	1.0301097048385763	1.2337697359951545	0.2693229973432054	0.472986567999356	0.6766488015415878	0.8803099000149402	1.0839703664306912	1.287630982913953	0.0	0.0	0.0	0.0	0.0	0.0	0.19639867544845888	0.19640232437611713	0.19640496158822338	0.1964074967891847	0.1964106849374603	0.19641557247027144	0.39279887027068683	0.3928055442926233	0.39281054787030023	0.3928153114027321	0.3928212390968765	0.3928298884353043	0.589200955705276	0.5892098849262178	0.589216732886912	0.5892232845043213	0.5892312768886142	0.5892425433178398	0.7856048728177805	0.7856152636732489	0.7856234269419825	0.7856313179062887	0.7856407359658036	0.785653613343421	0.982010088142423	0.9820212602229487	0.982030473190362	0.9820394613603597	0.9820499236110763	0.982063586202313
0.0	0.2036924099273016	0.4073813982825561	0.6110675993753176	0.8147506769538561	1.0184292034024045	0.05405650111345548	0.2577489345466097	0.4614379431036491	0.6651243059261394	0.8688079891128137	1.0724882463216525	0.10811049819642342	0.31180222297599686	0.5154909981449822	0.7191775242730811	0.9228620407309185	1.1265444081522042	0.1621623048714547	0.3658530458354257	0.5695414158348038	0.7732280923128466	0.976913473701932	1.1805977698995016	0.21621235648865872	0.41990210582493676	0.6235901334546163	0.827276925012489	1.030962945118713	1.2346487414144371	0.27026064462643296	0.473950001761301	0.6776380088865547	0.8813248722544406	1.0850111016012913	1.2886974880362834	0.0	0.0	0.0	0.0	0.0	0.0	0.19637378118998972	0.19637745805091456	0.19638011580376663	0.1963826719425273	0.1963858883502354	0.1963908216362256	0.39274909686025555	0.39275582234636763	0.39276086487487827	0.39276566739053703	0.392771646948856	0.3927803757599486	0.5891263203947192	0.5891353189605978	0.5891422201187602	0.5891488249133292	0.5891568864033482	0.5891682548191147	0.7855053920496394	0.7855158639573985	0.7855240903890955	0.7855320447950181	0.7855415433881794	0.7855545361905959	0.9818857735972649	0.981897032978501	0.9819063171331952	0.9819153770664343	0.9819259276696827	0.9819397117670016
0.0	0.2037183260700801	0.407433203536084	0.6111452706212702	0.8148541863014406	1.0185585073568506	0.054244141554809326	0.25796249040666186	0.461677386279453	0.6653896149989814	0.8690991418765704	1.0728052135077848	0.10848575594257118	0.31220339011443005	0.5159180495518781	0.7196304419983518	0.923340809700698	1.1270490130834179	0.16272516103373438	0.3664418032130626	0.5701560533862415	0.7738685969175861	0.9775798372700579	1.1812899878083156	0.21696279697182433	0.42067843896029106	0.6243923433043186	0.8281050024713947	1.0318168870865356	1.23552855131344	0.2711986552654912	0.474913901639535	0.6786277850336253	0.882340515957128	1.0860526109337774	1.289764870129257	0.0	0.0	0.0	0.0	0.0	0.0	0.19634879403853162	0.19635249891066578	0.19635517727519491	0.19635775444409403	0.19636099925929154	0.19636597856291196	0.39269913776494	0.3927059148671681	0.3927109964805125	0.3927158381466494	0.39272186983171053	0.3927306785528956	0.5890514066999464	0.5890604748264315	0.5890674293650457	0.5890740875601094	0.5890822184957136	0.5890936894370691	0.7854055402829921	0.7854160935033275	0.7854243833142163	0.7854324014222194	0.7854419809352603	0.785455089756635	0.981760995500681	0.9817723424679613	0.9817816980552861	0.9817908300418522	0.9818014694089434	0.9818153756259929
0.0	0.20374434533150326	0.40748521493206236	0.6112232509287874	0.8149581074758363	1.0186883256307386	0.05443185520596598	0.2581762225581217	0.46191710871975283	0.6656553062241012	0.8693907795829583	1.0731227682913584	0.10886115995875596	0.31260480656746564	0.5163454532087078	0.7200838148429933	0.9238201366163227	1.127554278760628	0.16328823642470391	0.3670308828247224	0.570771116074851	0.7745096295210891	0.9782468317005365	1.1819829394864116	0.21771352958240825	0.42145516718492204	0.6251950511205677	0.828933680753096	1.0326715327656515	1.2364091679000417	0.27213703087464414	0.47587826943099226	0.6796181319623615	0.8833568332854211	1.0870948967739409	1.2908331317228385	0.0	0.0	0.0	0.0	0.0	0.0	0.19632371389086603	0.19632744685151352	0.19633014589842246	0.19633274418979282	0.19633601756073196	0.1963410431469472	0.3926489927786597	0.3926558216478995	0.3926609424796338	0.3926658234634453	0.3926719075380745	0.3926807966073803	0.5889762143121035	0.5889853522136306	0.5889923603150968	0.5889990721338849	0.5890072728551848	0.5890188468616606	0.7853053171062719	0.785315951898156	0.7853243053037984	0.7853323873741962	0.7853420481935692	0.7853552736284172	0.981635753338457	0.981647188175789	0.9816566154403995	0.9816658197701944	0.9816765483125862	0.9816905772632729
0.0	0.20377046789630648	0.4075374328402999	0.611301540852697	0.8150624412165361	1.0188186591473511	0.0546196423914647	0.2583901315095606	0.4621571111175021	0.6659213804789832	0.8696829032940298	1.073440911919032	0.1092367108933136	0.31300647316724123	0.516773210131607	0.7205376440073606	0.9243000228626648	1.1280602067537735	0.16385153201617925	0.3676202858259606	0.5713866052399938	0.775151191646776	0.9789144587012842	1.1826766268269333	0.21846455561568012	0.4222322919777749	0.625998258565992	0.8297629617041853	1.0335268841871248	1.2372905933905356	0.27307577307269787	0.47684310693810045	0.6806090516587727	0.8843738264091422	1.088137961475935	1.291902275356311	0.0	0.0	0.0	0.0	0.0	0.0	0.1962985406432782	0.1963023017691012	0.19630502156886329	0.19630764107503038	0.19631094315015743	0.196316015284443	0.39259866169434166	0.3926055424804391	0.39261070266367354	0.39261562313230003	0.3926217598595788	0.39263072971562857	0.5889007429208463	0.5889099508106106	0.5889170126567432	0.5889237783223792	0.5889320491697326	0.5889437267813358	0.7852047221059226	0.7852154387270087	0.7852238559422982	0.7852320022352532	0.7852417447476263	0.785255087390809	0.9815100465938899	0.981521569583949	0.9815310687698034	0.9815403457325437	0.9815511638618372	0.9815653161603155
0.0	0.20379669395018846	0.40758985763253347	0.6113801409507204	0.815167188266892	1.0189495088347937	0.05480750343676091	0.25860421777142323	0.46239739416848835	0.6661878386449089	0.8699755140765978	1.0737596456431904	0.10961240939641032	0.31340839074868043	0.5172013213404563	0.7209919306965146	0.9247804698302645	1.1285667986394268	0.16441504878271845	0.36821001337603027	0.5720025222256876	0.7757932848236835	0.9795827199867956	1.183371051730566	0.21921587637056203	0.423009814822403	0.6268019673087859	0.8305928471777817	1.0343829433895086	1.2381728300096657	0.27401488348302705	0.47780841596881163	0.6816005461153509	0.8853914975055562	1.089181807402317	1.292972303578323	0.0	0.0	0.0	0.0	0.0	0.0	0.19627327419155524	0.19627706355857125	0.19627980418142937	0.19628244499471056	0.19628577592266425	0.19629089487100407	0.3925481443039165	0.39255507715566335	0.39256027682306016	0.3925652369435843	0.39257142658684707	0.3925804776688535	0.5888249922143347	0.5888342703042861	0.5888413860763112	0.5888482058118101	0.5888565471258187	0.5888683288830235	0.7851037548663915	0.7851145535730086	0.7851230348121674	0.7851312455876894	0.7851410701799418	0.7851545306266569	0.9813838747477782	0.9813954861719023	0.9814050575222603	0.9814144074074759	0.9814253155354115	0.9814395917960732
0.0	0.20382302367982016	0.40764248968244643	0.6114590517834998	0.8152723493741509	1.0190808756260405	0.054995438668241865	0.2588184818560525	0.4626379585713675	0.6664546816069995	0.8702686130022881	1.0740789707220064	0.10998825612007064	0.3138105601495298	0.517629787858927	0.7214466761202766	0.9252614789153949	1.1290740560008676	0.16497878770166274	0.36880006663793213	0.5726188683806649	0.7764359105865329	0.9802516172782205	1.1840662161056237	0.21996749314968217	0.4237877372070307	0.6276061790227826	0.8314233390336127	1.0352397124189348	1.239055879990726	0.2749543637336297	0.47877419833666585	0.6825926173311436	0.8864098487594533	1.0902264369241395	1.2940432189469897	0.0	0.0	0.0	0.0	0.0	0.0	0.19624791443097978	0.19625173211455846	0.19625449363052413	0.19625715584322775	0.19626051577283787	0.19626568180172188	0.3924974403983057	0.39250442546343467	0.3925096647472062	0.39251466468665147	0.3925209075094827	0.39253004025724253	0.5887489618792131	0.5887583103800509	0.5887654802586042	0.5887723542868707	0.5887807664083766	0.5887926528521165	0.785002414970103	0.7850132960172503	0.7850218414938276	0.7850301170117714	0.7850400240709902	0.7850536029167616	0.9812572372783899	0.981268937416574	0.981278581173994	0.9812880042710271	0.9812990028094809	0.981313403646945
0.0	0.2038494572728428	0.40769532936566444	0.6115382739145919	0.8153779252894462	1.0192127604589234	0.05518344841321224	0.2590329242776729	0.4628788050276451	0.6667219102541951	0.8705622011475156	1.0743988884194158	0.11036425171815081	0.31421298221033006	0.5180586107144509	0.7219018814931962	0.9257430515200262	1.1295819804280458	0.1655427497530978	0.3693904467783739	0.573235645058331	0.7770790704756853	0.9809211523033176	1.1847621218679993	0.22071940725932904	0.42456606062450547	0.628410895387404	0.8322544391379616	1.036097193329059	1.2399397455755046	0.27589421545708664	0.479740455860749	0.6835852673117094	0.8874288823631019	1.0912718524209026	1.2951150240298412	0.0	0.0	0.0	0.0	0.0	0.0	0.19622246125633416	0.1962263073311946	0.19622908981004694	0.19623177351447146	0.1962351625947574	0.19624037597117908	0.39244654976743015	0.3924535871926104	0.3924588662245173	0.3924639061498464	0.39247020241607794	0.39247941726996627	0.5886726516006237	0.5886820707217912	0.5886892948869156	0.5886962234307427	0.5887047067008246	0.5887166983724835	0.7849007019974761	0.7849116656388174	0.784920275565687	0.7849286160857514	0.7849386059992277	0.7849523038398961	0.9811301336614837	0.9811419227923748	0.9811516391987127	0.9811611357967162	0.9811722251576962	0.9811867511867979
0.0	0.20387599491787503	0.40774837705977	0.6116178079104897	0.8154839167678273	1.019345164276169	0.05537153299991534	0.25924754555241913	0.4631199342417121	0.6669895254792982	0.8708562795935361	1.074719400005175	0.11074039684638012	0.3146156577744651	0.5184877909382759	0.7223575480346145	0.9262251890518971	1.130090573517659	0.16610693591991663	0.3699811549678407	0.573852853616841	0.7777227660372262	0.981591326796546	1.185458770941265	0.22147162000953094	0.42534478657238456	0.6292161180877546	0.8330861493637692	1.0369553881811715	1.2408244290143986	0.27683444029064935	0.4807071903657874	0.6845784980692201	0.8884486005163587	1.0923180562806702	1.2961877214039477	0.0	0.0	0.0	0.0	0.0	0.0	0.19619691456189575	0.1962007891021034	0.19620359261338824	0.1962062979018213	0.19620971628199063	0.19621497727344453	0.3923954722002005	0.39240256213103303	0.39240788104238217	0.3924129611204956	0.39241931109420397	0.39242860849516864	0.5885960610621914	0.5886055510118715	0.5886128296430146	0.5886198129250817	0.5886283676850517	0.5886404651264562	0.784798615526905	0.7848096620147638	0.784818336604122	0.7848267423858479	0.7848368155410731	0.7848506329727855	0.9810025633702851	0.9810144417711768	0.9810242310675836	0.9810338014555195	0.9810449820511624	0.9810596338869434
0.0	0.2039026368045187	0.40780163314431367	0.6116976543406394	0.8155903245682815	1.019478088025426	0.05555969275754028	0.25946234619834885	0.463361346920863	0.6672575281789974	0.8711508494264741	1.0750405067548952	0.11111669216237555	0.31501858768818175	0.5189173295654914	0.7228136769686949	0.9267078929245507	1.1305998368731947	0.1666713471878369	0.37057219238061734	0.5744704954191281	0.7783669988229998	0.982262142499105	1.1861561652567159	0.2222241327140777	0.42612391655296245	0.6300218488146543	0.8339184715906721	1.0378142990442385	1.2417099325664647	0.2777750398762637	0.48167440368217757	0.6855723116224957	0.8894690054267085	1.093365050900116	1.2972613136559699	0.0	0.0	0.0	0.0	0.0	0.0	0.19617127424143388	0.19617517732039783	0.19617800193342663	0.19618072889814428	0.1961841767275912	0.19618948560207042	0.39234420748451126	0.39235135006552446	0.3923567089871671	0.3923618293849017	0.3923682333304051	0.39237761371996127	0.5885191899460158	0.588528750931125	0.5885360842071377	0.5885431224500085	0.5885517490414082	0.588563952794819	0.7846961551347474	0.7847072847201013	0.7847160241834652	0.7847244954862344	0.7847346522708959	0.7847485898900959	0.9808745258754719	0.9808864938222993	0.9808963562492194	0.980906000715858	0.9809172729584249	0.9809320512161226
0.0	0.203929383123361	0.4078550980008184	0.6117778137774468	0.8156971494537433	1.019611532659276	0.05574792801621092	0.2596773267354338	0.4636030437752898	0.6675259192538626	0.8714459117373222	1.0753622099500437	0.1114931383256193	0.31542177280057	0.5193472276350114	0.7232702695244079	0.9271911645573223	1.1311097721049201	0.1672359845453727	0.3711635601947631	0.5750885718328805	0.7790117703905871	0.9829336011589153	1.1868543067533543	0.22297694669048615	0.4269034520732386	0.6308280892646088	0.8347514077049752	1.0386739279948791	1.2425962584993955	0.27871601586054334	0.4826420976459616	0.6865667099969825	0.8904900993092455	1.0944128386845065	1.298335803382145	0.0	0.0	0.0	0.0	0.0	0.0	0.19614554018820995	0.19614947187868004	0.19615231766252914	0.19615506639579486	0.19615854382409878	0.19616390085009255	0.39229275540724096	0.3922999507818862	0.3923053498442162	0.39231051072834366	0.39231696891019946	0.39232643273042395	0.5884420379326707	0.5884516701588547	0.5884590582579882	0.5884661516841098	0.5884748504487068	0.5884871610568109	0.7845933203953247	0.7846045333278008	0.7846133378760054	0.7846218749590388	0.7846321157610171	0.784646174164435	0.9807460206451737	0.9807580784125087	0.9807680142096781	0.9807777330435963	0.9807890973454697	0.9808040026405069
0.0	0.20395623406597943	0.4079087720127895	0.6118582867962924	0.8158043921911138	1.0197454991352597	0.05593623910701171	0.25989248768559065	0.46384502551811735	0.6677946996083867	0.8717414676219857	1.075684510877994	0.11186973599751243	0.3158252139636212	0.5197774861896369	0.7237273269355993	0.9276750053754115	1.1316203808299596	0.16780084898391323	0.37175525959219496	0.5757070842306294	0.7796570823034001	0.9836057045307162	1.1875531973779927	0.22373006326010264	0.427683394645025	0.6316348411399217	0.8355849595997689	1.0395342771174862	1.243483409089647	0.27965736989487816	0.48361027409894075	0.6875616952248716	0.8915118843867955	1.0954614220478287	1.2994111931884191	0.0	0.0	0.0	0.0	0.0	0.0	0.19611971229497516	0.19612367266903913	0.19612653969254873	0.19612931028661265	0.19613281746353672	0.1961382229100278	0.3922411157542474	0.3922483640648945	0.39225380339784655	0.39225900493507193	0.39226551761807377	0.3922750653115993	0.5883646047011972	0.588374308372826	0.5883817514727301	0.5883889003044306	0.5883976715842154	0.588410089590117	0.7844901108809127	0.7845014074087822	0.784510277251979	0.7845188803743355	0.7845292055816997	0.7845433853663428	0.980617047144961	0.9806291950060071	0.9806392044124513	0.9806489979020319	0.9806604546757115	0.9806754876236862
0.0	0.20398318982494845	0.4079626555657283	0.6119390739755513	0.8159120535512875	1.0198799884159078	0.056124626361977945	0.260107829572678	0.4640872928654068	0.6680638701509947	0.8720375181812998	1.076007410832049	0.1122464858413516	0.31622891203221165	0.5202081062760467	0.7241848504409872	0.9281594168098865	1.1321316646723047	0.1683659414976843	0.3723472917586556	0.5763260339897243	0.7803029361306627	0.9842784543760553	1.1882528390852483	0.22448348374805174	0.4284637457849012	0.6324421061486571	0.8364191291748978	1.0403953485042021	1.2443713866224202	0.2805991036353836	0.4845789348886314	0.6885572693450613	0.8925343628898862	1.0965108034127669	1.3004874856904303	0.0	0.0	0.0	0.0	0.0	0.0	0.19609379045396624	0.19609777958304703	0.19610066791482034	0.19610346046191832	0.19610699753740796	0.1961124516738702	0.39218928831035954	0.3921965896982925	0.3922020694313402	0.3922073117883005	0.3922138792374756	0.3922235112474854	0.5882868899290918	0.5882966652492547	0.5883041635269756	0.5883113679864629	0.5883202121236446	0.5883327380708575	0.7843865261617248	0.7843979065318981	0.7844068418795532	0.7844155113001281	0.7844259213011324	0.7844402230642747	0.9804876048378245	0.9804998430644118	0.9805099263184446	0.9805197947518745	0.980531344409974	0.9805465056266487
0.0	0.20401025059384034	0.40801674904713314	0.6120201758965954	0.8160201343091553	1.0200150014687472	0.05631309011410893	0.2603233529225101	0.4643298465361709	0.6683334317940602	0.8723340645210462	1.0763309111114587	0.11262338852235929	0.3166328678641338	0.5206390889448291	0.7246428412841944	0.9286444002977171	1.132643625262849	0.16893126308380152	0.3729396578837679	0.5769454224923873	0.7809493334474666	0.9849518524633442	1.1889532338376008	0.22523720948331233	0.42924450701429173	0.6332498860047163	0.8372539183370394	1.0412571442549985	1.2452601933917415	0.28154121874299054	0.48554808186835563	0.6895534344032486	0.8935575370568389	1.0975609852107953	1.301564683513602	0.0	0.0	0.0	0.0	0.0	0.0	0.19606777455690733	0.19607179251176027	0.19607470222016257	0.19607751681251537	0.19608108393669674	0.19608658703309256	0.39213727285938066	0.3921446274647935	0.3921501477269476	0.3921554310702102	0.3921620535508165	0.3921717703210386	0.5882088932923109	0.5882187404628116	0.5882262940947899	0.5882335544041497	0.5882424717411531	0.5882551061735922	0.7842825658059189	0.784294030263941	0.784303031324833	0.7843117673023563	0.7843222624854364	0.7843366868246087	0.9803576931841826	0.9803700220467636	0.9803801793859847	0.9803901230512541	0.9804017660064975	0.9804170561077888
0.0	0.2040374165672323	0.40807105284651385	0.6121015931438148	0.8161286352436332	1.0201505392663348	0.056501630697371595	0.2605390582628679	0.46457268725239126	0.6686033854539297	0.8726311077519847	1.0766550130214585	0.11300044470768934	0.3170370823201086	0.5210704352505013	0.7251013007137752	0.9291299572818088	1.1331562642394275	0.16949681474226874	0.3735323591610401	0.5775652511257264	0.781596275834791	0.9856259005678849	1.1896543836054252	0.22599124179870844	0.4300256798594635	0.6340581824278438	0.8380893289997162	1.0421196664776944	1.2461498317004887	0.2824837168834337	0.48651771689723683	0.6905501924519318	0.8945814091337789	1.0986119698821946	1.3026427892931678	0.0	0.0	0.0	0.0	0.0	0.0	0.19604166449500532	0.1960457113457155	0.19604864249887333	0.1960514792286857	0.1960550765518642	0.196060628878642	0.39208506918407954	0.392092477146072	0.39209803806587873	0.3921033625619401	0.3921100403394635	0.3921198423141651	0.5881306144652572	0.5881405336866096	0.5881481428486782	0.5881554592298727	0.5881644501093343	0.5881771935713072	0.78417822937958	0.7841897781696252	0.7841988451518433	0.7842076479448788	0.7842182286986478	0.7842327762116279	0.9802273116418604	0.9802397314095046	0.9802499630707986	0.9802599822556997	0.9802717189209178	0.9802871385228862
0.0	0.20406468794070906	0.4081255673553973	0.6121833263046262	0.8162375571376727	1.020286602786272	0.05669024844670071	0.2607549461235018	0.4648158157390245	0.6688737320509314	0.8729286489898644	1.0769797178732838	0.11337765506642618	0.31744155626378756	0.5215021462515146	0.7255602299832231	0.9296160892110128	1.1336695832468322	0.17006259747598665	0.37412539678787726	0.5781855212817492	0.7822437648795194	0.9863006004718903	1.1903562903670153	0.22674558203092351	0.43080726585154333	0.6348669971436468	0.8389253630833181	1.042982917287983	1.2470403038604194	0.28342659972727546	0.48748784184022653	0.6915475455504405	0.895605981374667	1.0996637598760877	1.3037218056742084	0.0	0.0	0.0	0.0	0.0	0.0	0.19601546015894972	0.19601953597492924	0.19602248864072952	0.19602534760018941	0.19602897527284824	0.19603457710093994	0.39203267706619	0.39204013852276326	0.39204574022830263	0.3920511060435868	0.39205783938373845	0.3920677270077202	0.5880520531207797	0.5880620445922028	0.5880697094595851	0.5880770821344511	0.5880861468992157	0.5880989999354145	0.7840735164467181	0.7840851498115858	0.7840942829225283	0.7841031527894718	0.7841138195027166	0.7841284907875193	0.9800964596660872	0.9801089706064771	0.9801192768260116	0.9801293718181373	0.9801412026062639	0.9801567523251035
0.0	0.2040920649108705	0.4081802929673421	0.6122653759694946	0.8163469007782902	1.0204231930112413	0.0568789436980174	0.2609710170361576	0.4650592327240351	0.6691444725094153	0.8732266893554719	1.077305026984225	0.11375502026962414	0.3178462905617997	0.5219342230103082	0.7260196303510321	0.9301027975401949	1.134183583936886	0.1706286122908037	0.37471877196563963	0.5788062343574283	0.7828918021745128	0.9869759539645637	1.1910589561086709	0.2275002315205701	0.43158926652659463	0.6356763318836793	0.8397620225151944	1.0438468988095297	1.2479316121922777	0.28436986894998123	0.48845845856818665	0.6925454957650249	0.896631256041397	1.100716357650544	1.3048017353117638	0.0	0.0	0.0	0.0	0.0	0.0	0.19598916143890807	0.19599326628889344	0.19599624053498257	0.1959991218162602	0.19600277998905888	0.19600843158987732	0.39198009628640157	0.39198761137445437	0.39199325399333834	0.3919986612941954	0.39200545046290897	0.3920154241814994	0.5879732089301594	0.5879832728495731	0.5879909935968809	0.5879984227871282	0.5880075617802454	0.5880205249357383	0.7839684265692508	0.7839801447503608	0.7839893441967326	0.7839982813958111	0.7840090344574888	0.784023830112356	0.9799651367094743	0.9799777390889004	0.9799881201021248	0.9799982911888678	0.9800102165129363	0.980025896964964
0.0	0.20411954767533338	0.40823523007794216	0.6123477427319389	0.8164566669565755	1.0205603109290151	0.057067716788223005	0.26118727153457233	0.4653029389383934	0.6694156077577534	0.8735252299746322	1.0776309416776306	0.11413254099029366	0.31825128608373926	0.5223666665932992	0.7264795030806884	0.9305900837302292	1.1346982679684383	0.17119486019550093	0.3753124858996293	0.5794273917546907	0.7835403893185999	0.9876519628420919	1.1917623828246915	0.22825519161216637	0.43237168342559607	0.6364861883854231	0.8405993092296359	1.0447116131739569	1.248823759025779	0.28531352623190087	0.4894295689578732	0.6935440451688415	0.8976572354037837	1.101769765672569	1.3058825808708248	0.0	0.0	0.0	0.0	0.0	0.0	0.19596276822452643	0.19596690217657597	0.19596989807035908	0.1959728017656061	0.1959764905893789	0.19598219223481536	0.39192732662436075	0.3919348954796852	0.3919405791390561	0.39194602809176105	0.39195287335518963	0.3919629336142395	0.587894081563111	0.5879042181271313	0.5879119949283631	0.5879194808555731	0.5879286944202937	0.5879417682405166	0.783862959307005	0.7838747625443928	0.7838840285322045	0.7838930333214741	0.7839038731207083	0.7839187937440988	0.9798333422220176	0.9798460363053743	0.9798564923470177	0.9798667398155696	0.9798787600887093	0.979894571890355
0.0	0.2041471364327367	0.4082903790848378	0.6124304271885487	0.8165668564677119	1.0206979575324835	0.05725656805520821	0.26140371015448854	0.4655469351160954	0.6696871387283646	0.8738242719782402	1.0779574632829432	0.11451021790342047	0.31865654370219065	0.5227994780709128	0.7269398494407062	0.9310779492480389	1.1352136370074128	0.1717613422018177	0.3759065397991214	0.5800489948804537	0.7841895279166196	0.9883286289076921	1.1924665725174304	0.22901046365417385	0.4331545180944846	0.6372965683923358	0.8414372251679291	1.0455770625209029	1.2497167466996761	0.28625757325831264	0.4904011748919856	0.6945431958420077	0.8986839217396223	1.1028239864181686	1.3069643450264035	0.0	0.0	0.0	0.0	0.0	0.0	0.19593628040492678	0.195940443526418	0.1959434611350581	0.1959463873364068	0.19595010696216125	0.19595585892458275	0.3918743678586655	0.3918819906159431	0.39188771544247214	0.3918932062132231	0.3919001078377368	0.3919102550836134	0.5878146706877749	0.58782488009171	0.5878327131202487	0.5878402560058728	0.5878495444856453	0.5878627295163935	0.7837571142177066	0.7837690027500188	0.7837783354845845	0.7837874081219298	0.7837983350480067	0.7838133812385865	0.9797010756510839	0.979713861701865	0.9797243930059352	0.9797347171432852	0.9797468327787181	0.9797627765465137
0.0	0.20417483138274758	0.40834574038772686	0.6125134299390004	0.816677470111	1.0208361338196825	0.0574454978378632	0.2616203334336706	0.4657912219941842	0.6699590663577418	0.8741238165022929	1.078284593135739	0.11488805168598597	0.31906206429275424	0.5232326585176138	0.7274006707046649	0.9315663955666396	1.1357296927268552	0.17232805932448478	0.3765009348774029	0.5806710451466697	0.7848392195794706	0.9890059539716681	1.1931715271973549	0.22976604899903824	0.43393777208420203	0.6381074736539033	0.842275772278414	1.0464432489980857	1.2506105775618281	0.2872020117194696	0.4913732782592186	0.69554294987166	0.8997113173347523	1.1038790223724204	1.3080470304636083	0.0	0.0	0.0	0.0	0.0	0.0	0.19590969786870396	0.19591389022633107	0.19591692961674814	0.19591987841631053	0.19592362899522603	0.19592943154747292	0.3918212197668593	0.391828896559657	0.39183466267954253	0.3918401954344597	0.39184715368664275	0.391857388366224	0.5877349759707083	0.5877452584085536	0.5877531478371653	0.587760747902523	0.58777011164099	0.5877834084284101	0.7836508908569676	0.7836628649214581	0.783672264607394	0.7836814053505263	0.783692419792891	0.7837075921495231	0.9795683364413961	0.9795812147216907	0.9795918215214726	0.9796022226144064	0.9796144340254435	0.9796305103760127
0.0	0.2042026327260657	0.4084013143883741	0.6125967515860719	0.8167885086898757	1.0209748407938162	0.05763450647608093	0.26183714191191204	0.46603580031276254	0.6702313915864695	0.8744238646879111	1.0786123325777526	0.11526604301697115	0.3194678487340551	0.5236662090119198	0.7278619681512265	0.9320554241651609	1.1362464368069598	0.17289501258122394	0.37709567235177666	0.5812935439703348	0.7854894659241248	0.989683939851428	1.1938772488830691	0.23052194900318881	0.43472144695069903	0.6389189059256484	0.8431149525164969	1.047310174761321	1.2515052539692222	0.2881468433106045	0.4923458809542721	0.6965433093519675	0.9007394244830759	1.1049348760294952	1.3091306398776716	0.0	0.0	0.0	0.0	0.0	0.0	0.19588302050392384	0.19588724216369513	0.19589030340256555	0.1958932748924325	0.19589705657585854	0.19590290999124174	0.3917678821254275	0.39177561308619385	0.39178142062515964	0.3917869955302836	0.3917940106769314	0.39180433323760055	0.5876549970768794	0.5876653527413138	0.5876732987421452	0.5876809562084232	0.5876903955494179	0.587703804639999	0.7835442887782798	0.7835563486108048	0.7835658154520276	0.7835750245584839	0.7835861269067367	0.7836014260284715	0.9794351240350239	0.979448094805512	0.9794587773335665	0.9794692556686654	0.9794815632687028	0.9794977728187511
0.0	0.20423054066442534	0.40845710149061487	0.6126803927356477	0.8168999730119177	1.0211140794632672	0.057823594310753824	0.2620541361310347	0.4662806708149935	0.6705041153592257	0.8747244176813443	1.0789406829568844	0.11564419257735449	0.31987389790774273	0.5241001306364034	0.7283237430641402	0.9325450365288532	1.1367638709350778	0.173462202992757	0.3776907534435728	0.5819164927735021	0.7861402685736432	0.990362588371501	1.1945837396013337	0.23127816502705723	0.435505544254956	0.6397308669691532	0.843954767844676	1.0481778419745482	1.2524007782880027	0.2890920697319529	0.493318984877876	0.6975442763841595	0.9017682454865874	1.1059915498926893	1.3102151759739835	0.0	0.0	0.0	0.0	0.0	0.0	0.19585624819812383	0.19586049922535928	0.19586358237911486	0.1958665766513553	0.19587038959081024	0.19587629414310884	0.3917143547097983	0.39172213996985955	0.3917279890531534	0.39173360627444404	0.39174067858256045	0.3917510894722	0.587574733669669	0.5875851627520505	0.5875931654966281	0.587600880584878	0.5876103958724206	0.5876239178129862	0.783437307533016	0.7834494533680302	0.7834589875677554	0.7834682652948971	0.7834794559387898	0.7834948824248547	0.9793014378713862	0.9793145013913348	0.9793252598794971	0.979335815743137	0.9793482199456534	0.979364563311957
0.0	0.2042585554006039	0.4085131021003724	0.612764353996745	0.817011863888882	1.0212538508416389	0.058012761683792075	0.26227131663491515	0.4665258342471359	0.6707772386248263	0.875025476634023	1.0792696456272615	0.11602250105014549	0.32028021269853324	0.524534424477742	0.7287859967323007	0.9330352341491549	1.1372819968057932	0.17402963158284357	0.3782861793781945	0.5825398929833363	0.786791629157238	0.99104190136361	1.195291001387145	0.23203469843511945	0.43629006556303335	0.6405433585521189	0.8447952202326086	1.0490462528099078	1.253297152893556	0.29003769268880575	0.4942925919368513	0.6985458530765951	0.9027977826554516	1.1070490464745104	1.3113006414681865	0.0	0.0	0.0	0.0	0.0	0.0	0.19582938083830734	0.19583366129763613	0.19583676643246342	0.19583978357912346	0.1958436279262928	0.19584958388975138	0.3916606372943315	0.39166847698388785	0.39167436773628006	0.3916800274396149	0.39168715717640956	0.3916976568433958	0.5874941854108536	0.5875046881012155	0.5875127477604432	0.5875205206915805	0.5875301122698746	0.5875437476075741	0.7833299466704081	0.7833421787409605	0.7833517805017008	0.7833611271067125	0.7833724064361447	0.7833879608859342	0.9791672773872238	0.9791804339144825	0.9791912685938613	0.9792019022722116	0.9792144034907637	0.9792308812901599
0.0	0.2042866771384252	0.40856931662566415	0.6128486359815233	0.8171241821367148	1.0213941559477722	0.05820200893813126	0.262488683969496	0.4667712913585582	0.6710507623362423	0.8753270427025787	1.079599221949261	0.1164009691203996	0.3206867939942275	0.5249690916267403	0.7292487304497736	0.9335260185237197	1.137800816120954	0.17459729937830706	0.37888195138514774	0.5831637460321462	0.7874435493103091	0.9917218806667097	1.195999036283778	0.23279155059593004	0.4370750124461092	0.641356382448406	0.8456363116571544	1.0499154094477874	1.2541943801705602	0.29098371389154254	0.4952667040441468	0.6995480415448027	0.9038280383080464	1.1081073682967244	1.3123870390862251	0.0	0.0	0.0	0.0	0.0	0.0	0.19580241831094317	0.19580672826630124	0.19580985544814078	0.1958128955612429	0.19581677146797785	0.19582277911730378	0.39160672965231735	0.3916146239004394	0.3916205564462212	0.3916262587973942	0.3916334462302795	0.39164403512347673	0.5874133519606045	0.5874239284476505	0.5874320451918081	0.5874398761866106	0.5874495444000399	0.5874632936823404	0.7832222057375446	0.7832345242752742	0.7832441937988386	0.7832536095387266	0.7832649779437422	0.783280660956808	0.9790326420165952	0.9790458918075929	0.9790568029085688	0.9790675146875918	0.9790801133358117	0.9790967261851878
0.0	0.20431490608276442	0.40862574547661196	0.6129332393052991	0.8172369285755722	1.0215349958057698	0.058391336417723226	0.2627062386827815	0.46701704290173973	0.6713246874506057	0.8756291170488556	1.0799294132895263	0.11677959747520249	0.32109364268570045	0.5254041331783238	0.7297119455157941	0.934017391156422	1.1383203305896819	0.1751652074090187	0.3794780706980301	0.5837880533573788	0.7880960306744432	0.9924025281269913	1.1967078463427956	0.2335487228821122	0.4378603864804745	0.6421699404380344	0.846478044102382	1.0507853140768326	1.2550924625130013	0.2919301350556358	0.49624132311884833	0.7005508439114946	0.9048590147709824	1.10916651789038	1.3134743715643753	0.0	0.0	0.0	0.0	0.0	0.0	0.19577536050196323	0.19577970001659092	0.19578284931113643	0.19578591248267863	0.1957898201009945	0.19579587971135545	0.3915526315559722	0.391560580490597	0.3915665549535791	0.39157230011829924	0.3915795455148878	0.39159022408364236	0.5873322329774798	0.5873428834485808	0.5873510574473225	0.5873589467264286	0.5873686919195531	0.5873825556942308	0.7831140842793615	0.7831264895144935	0.7831362270019852	0.7831457121335768	0.78315717000436	0.7831729821804013	0.9788975311908669	0.9789108745006072	0.9789218622528316	0.9789326524182813	0.9789453489098725	0.978962097426156
0.0	0.2043432424395517	0.4086823890654489	0.6130181645865568	0.8173501040298347	1.0216763714450143	0.058580744467553916	0.26292398132485895	0.4672630896322953	0.671599014929238	0.8759317008399424	1.0802602210210028	0.11715838680370408	0.3215007596669387	0.5258395502315801	0.7301756432348122	0.9345093535574043	1.1388405419284229	0.17573335670793766	0.38007453855457446	0.5844128164016671	0.7887490748974644	0.9930838455979366	1.1974174336241057	0.23430621667039617	0.43864618924757476	0.6429840343072295	0.8473204195596171	1.0516559688939995	1.255991402324229	0.2928769579016869	0.4972164510862182	0.7015542623066103	0.9058907143791499	1.1102264977958582	1.3145626416492986	0.0	0.0	0.0	0.0	0.0	0.0	0.1957482072967618	0.1957525764332015	0.19575574790589925	0.19575883422785414	0.1957627737099289	0.19576888555695018	0.39149834277643675	0.39150634652436433	0.3915123630278755	0.3915181511717654	0.39152545479986695	0.39153622349400174	0.5872508281184227	0.5872615527596127	0.5872697841819654	0.5872777319658729	0.5872875544834253	0.5873015332985572	0.7830055818386391	0.7830180739999812	0.7830278796517964	0.7830374344317386	0.7830489821586103	0.7830649240974631	0.978761944338708	0.978775381420766	0.9787864460531601	0.9787973148905815	0.9788101096393158	0.9788269944394635
0.0	0.2043716864157795	0.40873924780653415	0.6131034124469704	0.817463709328136	1.0218182839002041	0.05877023343365182	0.26314191244791457	0.46750943230899844	0.6718737457376803	0.8762347952482095	1.080591646522982	0.11753733779713454	0.3219081458350637	0.5262753438897899	0.7306398249165302	0.9350019072431225	1.1393614518610007	0.17630174831114084	0.38067135619668613	0.5850380366128732	0.7894026836334855	0.9937658349403768	1.1981278001960278	0.23506403334166945	0.4394324223340678	0.6437986658484861	0.8481634400275149	1.0525273761046339	1.2568912020170422	0.29382418415548833	0.4981920898777651	0.7025582988673932	0.9069231394758026	1.1112873105629648	1.31565185209814	0.0	0.0	0.0	0.0	0.0	0.0	0.19572095858019115	0.1957253574002849	0.19572855111633294	0.19573166068064698	0.1957356321788196	0.1957417965385815	0.3914438630837674	0.39145192177065724	0.3914579804375428	0.3914638117261374	0.3914711738537561	0.3914820331235647	0.5871691370387482	0.5871799360347205	0.5871882250490821	0.5871962315581464	0.5872061317450289	0.5872202261489843	0.782896697955985	0.7829092772709233	0.78291915128675	0.7829287759715079	0.7829404139449221	0.7829564862465499	0.9786258808860693	0.9786394119925876	0.9786505537333413	0.9786615015280694	0.9786743949477833	0.9786914166487711
0.0	0.20440023821950545	0.4087963221163588	0.613188983511413	0.8175777453033752	1.0219607342113695	0.05895980366307978	0.26336003260622837	0.46775607169377936	0.6721488808456947	0.8765384014513132	1.080923691181109	0.1179164511487901	0.3223158020903209	0.5267115152604184	0.7311044918758979	0.9354950537363443	1.1398830621186176	0.17687038325780127	0.38126852487042434	0.5856637154440743	0.7900568585428966	0.9944484980224837	1.1988389481352872	0.23582217428094693	0.44021908733179715	0.6446138368605457	0.8490071075120392	1.0533995379224537	1.2577918640136765	0.2947718155479968	0.49916824143121985	0.7035629557383695	0.9079562924125402	1.1123489587509146	1.3167420056785173	0.0	0.0	0.0	0.0	0.0	0.0	0.19569361423656118	0.19569804280144845	0.1957012588257959	0.19570439172438855	0.1957083953911575	0.1957146125401927	0.3913891922469353	0.3913973059973028	0.39140340694992337	0.3914092815486686	0.3914167024440004	0.39142765274024116	0.587087159392142	0.5870980329262454	0.5871063797003833	0.5871144451548165	0.5871244233560969	0.5871386338975291	0.7827874321698317	0.7828000988643269	0.7828100414431437	0.782819736289	0.78283146489954	0.7828476681640233	0.978489340256181	0.9785029656378662	0.978514184714437	0.9785252117515959	0.9785382042561872	0.9785553634749998
0.0	0.20442889805985862	0.4088536124135581	0.6132748784079742	0.8176922127927414	1.0221037234239014	0.05914945550395427	0.26357834235619926	0.46800300855175614	0.6724244212273012	0.8768425206322396	1.0812563563874327	0.11829572755406992	0.32272372933612237	0.5271480654551645	0.7315696454331675	0.9359887945662099	1.1404053744399214	0.17743926259024245	0.3818660458260626	0.5862898543536279	0.7907116012924367	0.9951318367198473	1.1995508795270984	0.23658064087743683	0.44100618583786333	0.6454295491484737	0.8498514240265467	1.0542724565696389	1.2586933907458984	0.295719853815406	0.5001449076906144	0.7045682350714334	0.908990175549399	1.1134114449284294	1.3178331051686234	0.0	0.0	0.0	0.0	0.0	0.0	0.19566617414963627	0.19567063251975172	0.1956738709170981	0.19567702724186095	0.19568106322988266	0.19568733344517347	0.39133433003382057	0.3913424989710337	0.3913486423312635	0.391354560405515	0.3913620403369445	0.391373082110835	0.5870048948306515	0.5870158430848866	0.5870242477859363	0.5870323724058052	0.5870424289667135	0.5870567561945512	0.7826777840164253	0.7826905383150091	0.7827005496550838	0.7827103149181373	0.7827221345565121	0.7827384693840385	0.9783523218695374	0.9783660417756564	0.9783773384147685	0.9783884449792709	0.9784015369826954	0.9784188343363159
0.0	0.20445766614704414	0.4089111191189208	0.6133610977679748	0.8178071126377314	1.0222472525885762	0.0593391893054508	0.2637968422563554	0.4682502436512496	0.6727003678607975	0.8771471539793276	1.0815896435404326	0.11867516771048768	0.32313192847906325	0.527584995589982	0.7320352869139191	0.9364831312682621	1.1409283905710401	0.17800838735395638	0.38246392031811144	0.5869164548052003	0.7913669135552257	0.9958158529155134	1.200263596465207	0.23733943452457346	0.441793719454662	0.6462458045237022	0.8506963915918339	1.055146134276884	1.2595957846550625	0.296668300699187	0.5011220906063267	0.7055741390258972	0.9100247912549069	1.1144747716737968	1.3189251533572905	0.0	0.0	0.0	0.0	0.0	0.0	0.19563863820263358	0.1956431264377047	0.19564638727249925	0.19564956711529521	0.19565363557738252	0.19565995913635836	0.3912792762112083	0.39128750045748395	0.3912936863467098	0.3912996480617314	0.39130718729782926	0.3913183210010404	0.5869223430046802	0.5869333661596955	0.586941828954159	0.5869500129593839	0.586960148225309	0.5869745926887481	0.7825677530298174	0.782580595155589	0.7825906754544772	0.7826005113906417	0.7826124224476824	0.7826288894385367	0.9782148251438876	0.9782286398222645	0.9782400142499076	0.9782512006264538	0.9782643925427217	0.9782818286481212
0.0	0.2044865426923481	0.40896884265539896	0.6134476422259809	0.8179224456841706	1.0223913227615793	0.0595290054177988	0.264015532867354	0.4684977777637881	0.6729767217287685	0.8774523026862848	1.0819235540450407	0.11905477231766182	0.3235404004289169	0.5280223067850792	0.7325014176490663	0.9369780653844572	1.1414521122655978	0.1785777585975881	0.38306214960530793	0.5875435182677602	0.792022797010765	0.9965005484999879	1.2009771010518997	0.23809855661998824	0.4425816897898598	0.6470626048040103	0.8515420122361229	1.0560205732833878	1.2604990481921077	0.29761715794606186	0.50209979213506	0.7065806697684742	0.9110601419060718	1.1155389415748638	1.3200181530439892	0.0	0.0	0.0	0.0	0.0	0.0	0.19561100627822084	0.19561552443726585	0.19561880777370688	0.19562201122636935	0.19562611231548993	0.19563248949602446	0.39122403054478433	0.3912323102211853	0.3912385387603051	0.3912445442812677	0.39125214309078776	0.39126336917543797	0.5868395035629805	0.5868506017980694	0.5868591228518141	0.5868673664621673	0.5868775807786529	0.586892143027148	0.7824573387418566	0.7824702689164791	0.7824804183710234	0.782490325236027	0.782502328102683	0.7825189278572373	0.9780768494942251	0.9780907591912373	0.9781022116326663	0.9781134781057433	0.978126770348916	0.9781443458230431
0.0	0.20451552790814287	0.40902678344811866	0.6135345124198207	0.8180382127822332	1.0225359350045322	0.059718904192299846	0.2642344147520048	0.4687456116641364	0.6732534838181209	0.8777579679522262	1.0822580893126843	0.11943454207735085	0.32394914609867564	0.5284600001649657	0.732968038974907	0.9374735984632203	1.1419765412847753	0.17914737737298994	0.3836607349506752	0.5881710462156443	0.7926792533450062	0.9971859253713117	1.2016913953980841	0.2388580085655886	0.44337009845647835	0.6478799518136146	0.8523882879951565	1.0568957758369544	1.2614031838176611	0.29856642730809396	0.5030780142399375	0.7075878294733805	0.9120962298884877	1.1166039572291484	1.3211121070389438	0.0	0.0	0.0	0.0	0.0	0.0	0.19558327825851407	0.1955878263998397	0.19559113230187392	0.19559435945620593	0.19559849332548068	0.19560492440588936	0.3911685927991308	0.39117692802556236	0.39118319933498386	0.391189248826964	0.39119690747884034	0.3912082263974896	0.5867563761526482	0.5867675496457448	0.5867761291240019	0.5867844325591066	0.5867947262718481	0.5868094068551037	0.7823465406821798	0.7823595591258767	0.7823697779322055	0.7823797559815892	0.7823918510489246	0.7824085841676278	0.9779383943327761	0.9779523992933513	0.9779639299730848	0.977975276826966	0.9779886698111526	0.9780063852709231
0.0	0.20454462200789167	0.4090849419243888	0.6136217089905973	0.8181544147864606	1.0226810903845147	0.05990888598133162	0.2644534884752785	0.46899374613030864	0.6735306551200999	0.878064150981696	1.0825932507613139	0.11981447769346115	0.32435816640456294	0.5288980768584683	0.7334351522331449	0.9379697320594722	1.1425016793973408	0.17971724473523165	0.38425967762153723	0.5887990401285756	0.793336284250376	0.997871985435089	1.2024064816233218	0.23961779176756778	0.44415894707290876	0.6486978473831869	0.8532352209122213	1.05777174419402	1.2623081940020722	0.29951611054269683	0.5040567588905166	0.708595620322352	0.9131330575963574	1.1176698212438663	1.322207018163165	0.0	0.0	0.0	0.0	0.0	0.0	0.1955554540250759	0.19556003220627535	0.19556336073759722	0.19556661168537062	0.1955707784880722	0.19557726374710946	0.39111296273772284	0.39112135363292944	0.39112766783256897	0.39113376146054757	0.3911414802238919	0.39115289242953605	0.5866729604191164	0.586684209346793	0.5866928474141558	0.5867012108934844	0.5867115843483253	0.5867263838162877	0.7822353583782053	0.7822484653097573	0.7822587536632835	0.7822688031524001	0.7822809908115902	0.7822978578949584	0.9777994590689912	0.9778135595366044	0.9778251686784243	0.9778365961971682	0.9778500903365225	0.9778679463988089
0.0	0.20457382520615472	0.4091433185137138	0.6137092325827074	0.8182710525557862	1.022826789974096	0.06009895113834355	0.26467275460430867	0.4692421819435763	0.6738082366303042	0.8783708529846889	1.0829290398154283	0.12019457987204042	0.3247674622660331	0.5293365379987374	0.7339027587709014	0.9384664677346473	1.1430275283796751	0.18028736174259202	0.38485897888951653	0.5894275014916687	0.7939938914257855	0.9985587306045047	1.2031223618558506	0.24037790763639766	0.44494823726291066	0.6495162933498605	0.854082813038159	1.058648480619672	1.263214081225435	0.3004662094126394	0.5050360280627998	0.7096040445046629	0.9141706274325164	1.1187365362359616	1.3233028892484862	0.0	0.0	0.0	0.0	0.0	0.0	0.19552753345891252	0.19553214173686323	0.19553549296091438	0.19553876779386897	0.19554296768342008	0.1955495074002766	0.391057140122922	0.3910655868044842	0.3910719440137654	0.3910780819426265	0.3910858610867251	0.39109736703279	0.5865892560061466	0.5866005805436095	0.5866092773640327	0.5866177011069056	0.5866281546498338	0.5866430735526827	0.7821237913551201	0.7821369869918616	0.7821473450872816	0.7821574662712951	0.7821697469136226	0.7821867485622289	0.9776600431095297	0.9776742393261997	0.9776859271531502	0.9776974356206002	0.9777110313293168	0.9777290286109382
0.0	0.20460313771859426	0.4092019136478033	0.6137970838438559	0.8183881269535551	1.0229730348513586	0.06028910001788513	0.26489221370842503	0.46949091988850655	0.6740862293487284	0.8786780751766969	1.0832654579061292	0.12057484932133135	0.32517703460582986	0.5297753847233103	0.7343708599407841	0.9389638070567662	1.1435540900158487	0.18085772945663806	0.38545864003061825	0.5900564317955171	0.7946520765767248	0.9992461628004217	1.2038390382326891	0.24113835758692692	0.44573797065571524	0.6503352915573374	0.8549310664314799	1.0595259873877658	1.2641208479777122	0.30141672568615163	0.5060158237393455	0.7106131042172404	0.9152089418085528	1.1198041048322314	1.3243997231376927	0.0	0.0	0.0	0.0	0.0	0.0	0.19549951644047156	0.1955041548713332	0.1955075288513018	0.1955108276611446	0.1955150607911165	0.1955216552454165	0.3910011247159726	0.39100962730030403	0.3910160276381565	0.39102221003268595	0.39103004982699696	0.39104164996733265	0.5865052625558227	0.5865166628769094	0.5865254186137072	0.5865339028392913	0.5865444368164356	0.5865594757045756	0.782011839135872	0.782025123693688	0.782035551724981	0.7820457448588654	0.7820581188757165	0.7820752556901809	0.9775201458582499	0.9775344380645362	0.9775462047989233	0.9775577944987067	0.9775714921910182	0.9775896313087298
0.0	0.20463255976197936	0.4092607277605817	0.6138852634250713	0.8185056388475431	1.023119826099924	0.06047933297558511	0.26511186635913764	0.4697399607529511	0.6743646342797578	0.8789858187787094	1.0836025064711234	0.12095528675173267	0.32558688434995253	0.5302146181740824	0.7348394571008631	0.9394617516004179	1.1440813660976084	0.1814283489421672	0.38605866232517744	0.5906858325361473	0.7953108414152199	0.9999342839513442	1.2045565128996025	0.24189914303831125	0.44652814888596043	0.651154843855829	0.8557799831583077	1.0604042667808748	1.265028496758689	0.30236766113685076	0.5069961479091992	0.711622801664602	0.9162480031447495	1.120872529669273	1.325497522684474	0.0	0.0	0.0	0.0	0.0	0.0	0.19547140284964026	0.19547607148885274	0.19547946828767282	0.19548279116607717	0.19548705769018804	0.19549370716198675	0.3909449162769976	0.3909534748793417	0.3909599184642001	0.3909661454890842	0.3909740462032348	0.3909857409921096	0.5864209797085448	0.5864324559857205	0.5864412708015659	0.5864498157288734	0.5864604304865004	0.5864755899105518	0.7818995012411617	0.7819128749344848	0.7819233730949116	0.7819336384334497	0.7819461062163111	0.7819633787972906	0.9773797667161986	0.9773941551511989	0.9774060010145895	0.9774176722301172	0.9774314723202906	0.9774497538907729
0.0	0.20466209155419035	0.4093197612881974	0.6139737719807179	0.8186235891099751	1.0232671648089735	0.06066965036817972	0.26533171313016934	0.4699893053280833	0.6746434524322087	0.8792940850172578	1.0839401869547742	0.12133589287585399	0.325997012427715	0.5306542394973707	0.7353085516147381	0.9399603029468308	1.1446093584244532	0.18199922126729268	0.3866590470579489	0.5913157052151112	0.7959701876599309	1.0006230959935198	1.2052747880112105	0.24266026541412358	0.4473187735938056	0.6519749521021749	0.8566295652925026	1.061283321090419	1.2659370300781054	0.3033190175438722	0.5079770025680288	0.712633139058994	0.9172878138702271	1.1219418133936307	1.3265962907535758	0.0	0.0	0.0	0.0	0.0	0.0	0.19544319256574413	0.1954478914680254	0.19545131114837644	0.19545465818698116	0.1954589582590946	0.19546566302887527	0.3908885145649962	0.3908971292994232	0.3909036162492258	0.39090988806905025	0.39091784997283363	0.3909296398649283	0.5863364071030255	0.5863479595073803	0.5863568335643036	0.5863654394121905	0.5863761352967003	0.5863914158074918	0.781786777189438	0.781800240231245	0.781810808713347	0.7818211465111298	0.7818337084515845	0.781851117399763	0.9772389050816056	0.9772533899829522	0.9772653151961738	0.9772770682106393	0.9772909711129726	0.9773093957528217
0.0	0.20469173331422597	0.4093790146690369	0.614062610168518	0.8187419786175532	1.0234150520732845	0.06086005255350584	0.2655517545974562	0.4702389544084058	0.674922684819344	0.8796028751244382	1.0842785008081293	0.12171666840850265	0.32640741977174	0.5310942498439147	0.7357781448515476	0.9404594626838891	1.1451380688036574	0.1825703475034149	0.3872597955180854	0.5919460513394732	0.7966301170361454	1.00131260087094	1.205993865730994	0.2434217261423191	0.4481098464249037	0.6527956181598222	0.8574798149156483	1.0621631526166575	1.2668464504556585	0.3042707966918285	0.5089583897180907	0.7136441186203654	0.9183283764229253	1.1230119586617855	1.3276960302207947	0.0	0.0	0.0	0.0	0.0	0.0	0.19541488546754274	0.19541961468688704	0.1954230573111932	0.19542642860160178	0.19543076237572507	0.1954375227243964	0.3908319193378351	0.3908405903172395	0.39084712074942707	0.39085343752867535	0.390861460892048	0.39087334634244975	0.5862515443762775	0.586263173077523	0.5862721065369105	0.5862807735240758	0.5862915508819988	0.5863069530305578	0.7816736664968804	0.7816872190986895	0.7816978580942882	0.7817082686057137	0.7817209250954378	0.7817384710115158	0.977097560349862	0.9771121419537194	0.9771241467368591	0.9771359818332384	0.9771499879620574	0.9771685562877743
0.0	0.204721485262208	0.4094384883437337	0.6141517786495652	0.8188608082514746	1.0235634889932528	0.06105053989051724	0.26577199133916835	0.47048890879177546	0.6752023324589028	0.8799121903379451	1.08461744948896	0.1220976140667157	0.3268181073179954	0.5315346503689181	0.7362482381860141	0.9409592324061826	1.1456674990503255	0.1831417287252811	0.38786090899920234	0.592576872421878	0.7972906312758513	1.0020028005354178	1.2067137482313788	0.24418352665531082	0.4489013690304812	0.6536168438989104	0.8583307341171412	1.0630437636687837	1.2677567604210982	0.3052230003708988	0.5099403113683236	0.7146557425764668	0.919369693249706	1.124082968140261	1.3287967439730917	0.0	0.0	0.0	0.0	0.0	0.0	0.19538648143322837	0.19539124102290414	0.19539470665333383	0.1953981022871137	0.19540246991739627	0.19540928612628958	0.3907751303522463	0.3907838576883434	0.3907904317198582	0.3907967936229107	0.39080487871598957	0.39081686018018624	0.5861663911636092	0.5861780963300757	0.5861870893526689	0.5861958176976525	0.5862066768756461	0.5862222012131912	0.7815601686773941	0.7815738110492623	0.7815845207494578	0.7815950042287306	0.7816077556594891	0.7816254391441742	0.9769557319135134	0.9769704104545758	0.9769824950269801	0.9769944124880303	0.9770085222576859	0.9770272348856658
0.0	0.20475134761938632	0.409498182755179	0.6142412780883395	0.8189800788974527	1.0237124766749188	0.061241112739283655	0.2659924239357141	0.4707391692794133	0.6754823963731146	0.8802220319010916	1.084957034461787	0.1224787305697602	0.3272290760057999	0.531975442232059	0.7367188329984602	0.9414596137150277	1.1461976509874177	0.18371336601097835	0.38846238879937556	0.5932081699805543	0.7979517321177461	1.0026936969466014	1.2074344376937522	0.24494566838995913	0.44969334306733344	0.6544386311962711	0.8591823249941953	1.0639251565649348	1.2686679625142452	0.30617563037682266	0.5109227695343482	0.715668013162854	0.9204117668063619	1.1251548445056396	1.3298984349086103	0.0	0.0	0.0	0.0	0.0	0.0	0.19535798034042393	0.19536277035297195	0.19536625905143717	0.1953696791201188	0.1953740807608506	0.19538095311171716	0.39071814736382227	0.3907269311671457	0.39073354891443035	0.3907399561055627	0.39074810319862235	0.3907601811324965	0.5860809470986186	0.5860927288972518	0.5861017816431461	0.586110571564328	0.5861215129091728	0.5861371599871048	0.7814462832426012	0.7814600155931208	0.7814707961882921	0.7814813528894217	0.7814941996530654	0.7815120213070615	0.9768134191622496	0.9768281948737376	0.9768403594540117	0.9768523595622715	0.9768665733871351	0.9768854309336577
0.0	0.20478132060814425	0.40955809834853185	0.6143311091527237	0.8190997914457379	1.023862016229993	0.06143177146099795	0.2662130529697525	0.4709897366759217	0.6757628775887224	0.8805324010628371	1.0852972571979118	0.12286001863914345	0.32764032677783844	0.5324166265975103	0.7371899306748338	0.9419606082184985	1.1467285264457867	0.18428526044194726	0.3890642362211605	0.5938399455393392	0.7986134213072652	1.003385292072009	1.2081559363085048	0.24570815278759853	0.45048577019785574	0.6552609819354654	0.8600345896518848	1.064807333632239	1.2695800592850417	0.3071286885109324	0.5119057662385039	0.7166809326229312	0.9214545995576658	1.1262275904446144	1.3310011059367357	0.0	0.0	0.0	0.0	0.0	0.0	0.19532938206618072	0.19533420255341222	0.1953377143815681	0.19534115897664414	0.19534559478225408	0.1953525235572622	0.39066097012701206	0.39066981050691085	0.39067647208590717	0.3906829247292894	0.390691134092759	0.390703308952582	0.5859952118131864	0.5860070704095452	0.5860161830381886	0.5860250347537878	0.5860360586123841	0.5860518289822773	0.7813320097018325	0.7813458322381288	0.7813566839179318	0.7813673140947324	0.7813802565831942	0.7813982170071923	0.9766706214828937	0.9766854945965521	0.9766977394025596	0.9767098224403478	0.9767241407348095	0.9767431438160279
0.0	0.20481140445200433	0.4096182355712308	0.6144212725140205	0.8192199467911405	1.0240121087758856	0.06162251641798574	0.2664338790262088	0.471240611789306	0.6760437771370104	0.880843299077821	1.0856381191754574	0.12324147899863729	0.32805186058019226	0.5328582046339768	0.7376615326067513	0.9424622175314744	1.147260127264231	0.18485741310302684	0.3896664525716428	0.5944722006277346	0.7992757005966453	1.004077587887097	1.2088782462751035	0.24647098129408976	0.45127865209010215	0.6560838980068479	0.8608875302032137	1.065690297206892	1.2704930532936347	0.30808217658021436	0.5128893035099168	0.717694503208024	0.9224981939774487	1.127301208654075	1.3321047599781863	0.0	0.0	0.0	0.0	0.0	0.0	0.19530068648697593	0.19530553749997068	0.195309072519215	0.19531254173213952	0.1953170118571938	0.1953239973389262	0.3906035983951158	0.3906124954597517	0.3906192009858997	0.39062569924559476	0.39063397115005544	0.3906462433924814	0.5859091849374684	0.5859211204957216	0.5859302931659139	0.5859392068939866	0.5859503136133509	0.585966207826945	0.7812173475621161	0.7812312604898449	0.7812421834432125	0.7812528873493018	0.781265925954593	0.7812840257492603	0.9765273382593886	0.9765423090054838	0.9765546342543462	0.9765668005037619	0.9765812236822263	0.9766003729141572
0.0	0.2048415993756348	0.4096785948730072	0.6145117688469716	0.8193405458330569	1.0241627554357384	0.06181334797371636	0.26665490269229175	0.47149179543099834	0.6763250960538333	0.8811547272063983	1.0859796218794104	0.12362311237429478	0.32846367836236223	0.5333001775147239	0.7381336401915323	0.9429644432756832	1.1477924552895442	0.185429825082471	0.39026903916246153	0.5951049367809368	0.7999385717449602	1.004770586375302	1.209601369802141	0.24723415535983953	0.4520719904178113	0.6569073813075987	0.8617411487691552	1.0665740496342024	1.2714069471104266	0.3090360963973307	0.5138733833845273	0.718708727177414	0.923542552548641	1.1283757018411549	1.3332093999650663	0.0	0.0	0.0	0.0	0.0	0.0	0.19527189347870919	0.1952767750678137	0.1952803333392863	0.19528382726147397	0.19528833186067449	0.19529537433212546	0.3905460319202782	0.39055498577662295	0.3905617353648599	0.39056827940482247	0.3905766141210043	0.3905889842030643	0.5858228660998857	0.5858348787828093	0.5858441116527013	0.58585308761114	0.5858642775384015	0.5858802961475928	0.7811022963281652	0.7811162998515097	0.781127294266651	0.7811380721554494	0.781151207269656	0.7811694470356264	0.976383568872781	0.9763986374800984	0.9764110433881948	0.9764232931311166	0.9764378216080001	0.9764571176065131
0.0	0.20487190560485283	0.40973917670589105	0.6146025988297679	0.8194615894754824	1.0243139573384412	0.06200426649279589	0.26687612455749	0.471743288415857	0.6766068353796197	0.8814666867146467	1.0863217668016307	0.124004919494442	0.32887578107726373	0.5337425464175759	0.7386062548322018	0.943467287079705	1.1483255123765221	0.18600249747194053	0.3908719973098041	0.5957381555398344	0.8006020365181218	1.0054642895280466	1.2103253091073432	0.2479976764398002	0.4528657868604094	0.6577314337417307	0.8625954474786608	1.0674585932686036	1.2723217433160914	0.3099904497806321	0.5148580079051063	0.7197236067983583	0.9245876777632955	1.1294510727232565	1.3343150288408951	0.0	0.0	0.0	0.0	0.0	0.0	0.19524300291670257	0.19524791513152845	0.19525149671611067	0.19525501543893597	0.1952595546671186	0.19526665441169125	0.39048827045348833	0.39049728120732113	0.39050407497208034	0.3905106649561557	0.3905190627549349	0.390531531134031	0.5857362549271241	0.5857483448960987	0.5857576381231909	0.5857666765297231	0.5857779500121203	0.5857940935689531	0.780986855502377	0.7810009498240454	0.781012015888445	0.7810228680131751	0.7810361000284546	0.7810544803663182	0.9762393127012204	0.9762544793970624	0.9762669661800293	0.9762792996981149	0.9762939338878418	0.9763133772686492
0.0	0.2049023233666321	0.40979998152422675	0.6146937631440716	0.819583078627041	1.0244657156186692	0.062195272340983515	0.2670975452135961	0.47199509156219815	0.6768889961594111	0.8817791788744122	1.086664555440905	0.12438690108970545	0.3292881696812618	0.534185312524959	0.7390793779375402	0.9439707505790301	1.1488593003880287	0.18657543136654559	0.39147532833445653	0.5963718584510669	0.801266096688946	1.006158699344811	1.2110500664176496	0.24876154599351777	0.4536600431030658	0.6585560572201516	0.8634504284687312	1.0683439304737332	1.273237444501661	0.31094523855420486	0.5158431791213102	0.7207391443461515	0.9256335721226568	1.13052732402813	1.3354216495606934	0.0	0.0	0.0	0.0	0.0	0.0	0.1952140146756963	0.19521895756511828	0.19522256252343262	0.195226106138229	0.19523068015036216	0.19523783745186551	0.39043031374457104	0.39043938150047586	0.390446219555686	0.3904528556476087	0.3904613168000047	0.39047388393390386	0.5856493510441215	0.5856615184591297	0.5856708722002714	0.5856799732724587	0.5856913306573353	0.5857075997139936	0.780871024584816	0.7808852099060394	0.7808963478064568	0.780907274420142	0.7809206037287193	0.7809391252390127	0.9760945691199382	0.9761098341301216	0.9761224020028523	0.976134819577538	0.9761495598945381	0.9761691512731845
0.0	0.20493285288910784	0.40986100978468265	0.6147852624750321	0.8197050142010063	1.0246180314169084	0.062386365885203035	0.26731916525472277	0.47224720569181716	0.6771715794428884	0.8820922049633415	1.0870079893029838	0.124769057893038	0.3297008451342019	0.5346284770239373	0.7395530109221246	0.9444748354161057	1.1493938211950474	0.1871486278648785	0.39207903356184115	0.5970060470670665	0.8019307540372005	1.0068538178331872	1.2117756439692717	0.24952576548517758	0.45445476083674374	0.6593812536607206	0.8643060938844773	1.069230063622498	1.2741540532685955	0.3119004645479327	0.516828899089747	0.7217553421041977	0.9266802381372385	1.131604458493954	1.3365292650910683	0.0	0.0	0.0	0.0	0.0	0.0	0.19518492862984693	0.19518990224200128	0.1951935306344108	0.19519709923246983	0.19520170818365265	0.19520892332629894	0.39037216154218335	0.3903812864035464	0.39038816886263034	0.39039485122602297	0.39040337600319563	0.390416042350024	0.5855621540740622	0.5855743990936862	0.5855838135050745	0.5855929774603108	0.5856044190951127	0.5856208142039114	0.7807548030732064	0.7807690795937358	0.7807802895162049	0.7807912908716693	0.7808047178658334	0.7808233811490293	0.9759493375012381	0.975964701050092	0.9759773502267366	0.9759898521392371	0.976004698997942	0.9760244389897936
0.0	0.2049634944015819	0.40992226194626147	0.6148770975112999	0.8198273971153207	1.024770905879481	0.06257754749353657	0.2675409852773021	0.47249963162999276	0.6774545862843807	0.882405766264896	1.087352069900601	0.12515139063970565	0.33011380839940213	0.5350720411062092	0.7400271552063301	0.9449795432403421	1.149929076676692	0.18772208806899984	0.39268311432200803	0.5976407229460555	0.8025960103496059	1.007549647008884	1.2125020440077046	0.25029033638358833	0.4552499417581895	0.660207024988242	0.8651624458791193	1.0701169950970788	1.2750715722287933	0.31285612959747666	0.5178151698739624	0.7227722023640006	0.9277276783268185	1.1326824788693364	1.3376378784102203	0.0	0.0	0.0	0.0	0.0	0.0	0.1951557446527255	0.19516074903500824	0.19516440092161622	0.19516799459418677	0.19517263863964757	0.19517991190804937	0.3903138135938107	0.39032299566281814	0.390329922638692	0.39033665143706414	0.3903452401103107	0.3903580061285472	0.5854746636383715	0.5854869864197905	0.5854964616569698	0.5855056887124804	0.5855172149447521	0.5855337366581285	0.7806381904629247	0.7806525583810291	0.7806638405108579	0.7806749168607251	0.7806884419328254	0.7807072475893228	0.9758036172144873	0.9758190795248508	0.9758318102188159	0.9758443967501237	0.9758593505649638	0.9758792397851987
0.0	0.20499424813452968	0.40998373847031405	0.6149692689450488	0.8199502282926242	1.024924340158579	0.06276881753523784	0.2677630058801054	0.472752370205514	0.6777380177428998	0.8827198640683919	1.0876967987535207	0.12553390006731557	0.3305270604436879	0.53551600596815	0.7405018122163798	0.945484875708169	1.1504650687202709	0.18829581308447976	0.393287571949683	0.5982758876521008	0.8032618674198984	1.0082461888957979	1.2132292687878021	0.2510552601622322	0.4560455875699894	0.6610333731345297	0.8660194866140576	1.0710047272890084	1.2759900040046752	0.31381223554434046	0.5188019935445108	0.7237897274252432	0.9287758952205248	1.1337613879134083	1.338747492508043	0.0	0.0	0.0	0.0	0.0	0.0	0.19512646261731395	0.19513149781637926	0.1951351732570286	0.19513879209531615	0.1951434713904107	0.19515080306957808	0.39025526964575963	0.3902645090233951	0.3902714806284675	0.39027825602521443	0.39028690886596673	0.3902997750144376	0.5853868793567047	0.5853992800556924	0.5854088162735533	0.585418106646394	0.5854297178237748	0.5854463666942802	0.7805211862469855	0.7805356457594498	0.7805470002812195	0.7805581518779119	0.7805717754203548	0.7805907240504687	0.9756574076260979	0.9756729689193184	0.9756857813432672	0.9756984527741522	0.9757135139595534	0.9757335530231507
0.0	0.2050251143196048	0.4100454398205487	0.6150617774719886	0.8200735086602718	1.025078335412289	0.06296017638074859	0.26798522766426447	0.47300542225070613	0.6780218748821699	0.8830344996690359	1.0880421773885778	0.12591658691584487	0.3309406022374254	0.5359603728108494	0.7409769833843861	0.9459908344830827	1.1510017992213377	0.18886980402043785	0.3938924077843123	0.598911542755163	0.8039283270488826	1.0089434455260693	1.2139573205738405	0.2518205382993247	0.4568416999806346	0.661860300038476	0.866877218258947	1.0718932625992497	1.2769093512292677	0.314768784235936	0.5197893721790269	0.7248079195958617	0.9298248913569157	1.1348411883959066	1.3398581103862106	0.0	0.0	0.0	0.0	0.0	0.0	0.19509708239600376	0.19510214845776233	0.1951058475120352	0.19510949160720092	0.19511420630741083	0.1951215966827486	0.3901965294431556	0.3902058262291977	0.39021284257536887	0.39021966473377023	0.390228382013592	0.3902413487514642	0.5852988008469437	0.5853112796178661	0.5853208769706447	0.5853302308777001	0.585341927347921	0.5853587039282115	0.7804037899160362	0.7804183412181587	0.7804297683157236	0.7804409954114618	0.7804547178167072	0.7804738100206584	0.9755107080995209	0.9755263685954519	0.9755392629613038	0.9755520195723131	0.9755671885426938	0.9755873780644232
0.0	0.20505609318964518	0.4101073664630433	0.6151546237913842	0.820197239150359	1.025232892804621	0.06315162440168115	0.26820765123326035	0.4732587886014252	0.6783061587706294	0.8833496743679324	1.0883882073396904	0.12629945192761077	0.3313544347544981	0.5364051428400947	0.7414526701483407	0.9464974212356408	1.1515392700836928	0.18944406198950253	0.39449762317002807	0.5995476898310687	0.8045953910444106	1.0096414189400684	1.2146862016395084	0.2525861722777547	0.4576382807044668	0.6626878076460041	0.8677356429916546	1.0727826034381602	1.2778296165461738	0.3157257775255248	0.5207773078621717	0.725826781192	0.9308746692839389	1.1359218830971414	1.340969735058152	0.0	0.0	0.0	0.0	0.0	0.0	0.1950676038605931	0.19507270083021055	0.19507642355742794	0.19508009300058798	0.19508484326151906	0.1950922926188238	0.3901375927299367	0.3901469470229569	0.39015400822161767	0.3901608773048366	0.39016965929542025	0.3901827270821959	0.5852104277251878	0.585222984721001	0.5852326433622779	0.5852420610202604	0.5852538431311403	0.5852707479739692	0.7802860009583454	0.7803006442439359	0.7803121441004229	0.780323446947225	0.7803372686077822	0.7803565049856876	0.9753635179952318	0.9753792779122309	0.9753922544311615	0.9754050965026191	0.9754203736723868	0.9754407142667987
0.0	0.20508718497867812	0.4101695188662553	0.6152478086060701	0.8203214206997407	1.0253880135055347	0.06334316197084924	0.268430277192959	0.4735124700970989	0.6785908704814758	0.8836653894721338	1.088734890147916	0.12668249584732924	0.3317685589723702	0.5368503172664383	0.7419288739521871	0.9470046376435409	1.152077483219467	0.19001858810789565	0.395103219455738	0.6001843304616042	0.8052630612214805	1.010340111186499	1.215415914268016	0.2533521635852025	0.4584353314618018	0.6635158979101964	0.8685947629983936	1.073672752225631	1.2787508026097159	0.31668321727234855	0.5217658026857698	0.7268463145381503	0.9319252315590779	1.1370034748081457	1.3420823695492052	0.0	0.0	0.0	0.0	0.0	0.0	0.19503802688228541	0.19504315480418066	0.195046901263402	0.1950505961456265	0.1950553821230071	0.19506289074846442	0.3900784592488508	0.390087871146211	0.39009497730824216	0.39010189347932395	0.39011074045248784	0.3901239097479981	0.585121759605749	0.5851343949779968	0.5851441150606967	0.5851535966861459	0.5851654647855877	0.5851824984437961	0.7801678188597966	0.7801825543211742	0.7801941271189826	0.7802055059686634	0.7802194272770882	0.7802388084289504	0.9752158366707223	0.9752316962256493	0.9752447551080906	0.975257682920097	0.9752730687036455	0.9752935609850603
0.0	0.20511838992192905	0.41023189750103956	0.615341332622477	0.8204460542500671	1.0255436986909823	0.06353478946227006	0.2686531061516223	0.4737664675807468	0.6788760110926948	0.8839816462946779	1.089082227361497	0.12706571942211964	0.3321829758721003	0.5372958973052214	0.7424055962458522	0.9475124853916601	1.152616440549169	0.1905933834954404	0.39570919799514215	0.6008214662345425	0.8059313394022716	1.0110395243224413	1.216146460752148	0.25411851371414107	0.45923285397893915	0.6643445727913128	0.8694545804737502	1.0745637113911224	1.2796729120849812	0.3176411053416374	0.5227548587488251	0.7278665219671788	0.9329765807493864	1.13808596633072	1.34319601689667	0.0	0.0	0.0	0.0	0.0	0.0	0.1950083513316838	0.19501351024952757	0.19501728049955025	0.19502100091186278	0.19502582276154212	0.1950333909417237	0.3900191287414448	0.3900285983392954	0.3900357495750667	0.39004271299693755	0.3900516252246231	0.3900648964890221	0.585032796101136	0.5850455099999481	0.5850552916763391	0.5850648374856197	0.5850767919216078	0.5850939549481162	0.7800492431038667	0.7800640709318583	0.7800757168526593	0.7800871719568299	0.7801011933057204	0.7801207198314177	0.9750676634804738	0.9750836228886893	0.9750967643443295	0.9751097781767614	0.9751252729884674	0.9751459175709651
0.0	0.20514970825582426	0.4102945028406536	0.6154351965506404	0.8205711407477946	1.0256999495429233	0.06372650725116165	0.26887613871990806	0.4740207818989824	0.6791615816870659	0.8842984461545964	1.0894302205358732	0.12744912340149958	0.3325976864383387	0.5377418841765732	0.7428828384852498	0.9480209661720614	1.1531561440016962	0.1911684492755545	0.39631556014672864	0.6014590987436401	0.8066002274161452	1.0117396604133568	1.2168778433942686	0.2548852241618377	0.4600308499881668	0.6651738342567985	0.8703150976206944	1.0754554833736765	1.2805959476478372	0.3185994436046149	0.5237444781575291	0.7288874058203362	0.9340287194315012	1.139169360477447	1.3443106801498264	0.0	0.0	0.0	0.0	0.0	0.0	0.1949785770787917	0.19498376703550507	0.19498756113486412	0.1949913071682407	0.19499616504618716	0.1950037930680479	0.38995960094806564	0.3899691283413431	0.3899763247607127	0.38998333559617876	0.3899923133504476	0.39000568704420624	0.5849435368220565	0.5849563293961461	0.5849661728178385	0.5849757830271402	0.5849878241477358	0.5850051170955357	0.7799302731716287	0.7799451935555665	0.7799569127803031	0.7799684443903698	0.7799825661723635	0.7800022386716398	0.9749189977759601	0.9749350572513237	0.9749482814891072	0.9749613816216174	0.9749769858758375	0.9749977833732476
0.0	0.20518114021799727	0.41035733536076996	0.6155294011042182	0.82069668114421	1.0258567672493546	0.06391831571395389	0.2690993755108875	0.4742754139020371	0.6794475833521914	0.8846157903769506	1.0897788712337217	0.12783270853740664	0.33301269165935576	0.5381882791054455	0.74336060213232	0.9485300816840398	1.153696595514385	0.19174378657528207	0.3969223072738121	0.6020972295886832	0.8072697270996957	1.0124405215331447	1.2176100645063865	0.25565229643039245	0.460829321227806	0.6660036842813349	0.8711763166506366	1.0763480706219812	1.2815199119850011	0.31955823393854654	0.5247346630253159	0.7299089684473186	0.9350816501917104	1.1402536600717668	1.3454263623700147	0.0	0.0	0.0	0.0	0.0	0.0	0.1949487039930103	0.19495392503076311	0.19495774303773075	0.19496151478309914	0.19496640884539862	0.1949740969962738	0.38989987560785494	0.38990946089028	0.3899167026025935	0.3899237610143395	0.38993280456737045	0.3899462811512705	0.5848539813774078	0.5848668527740698	0.5848767580920161	0.5848864329173518	0.5848985610706902	0.5849159844928352	0.7798109085417398	0.77982592166946	0.7798377143783468	0.7798493227455111	0.7798635453532808	0.7798833644257352	0.974769838905634	0.9747859986605022	0.97479930588863	0.9748124926006472	0.9748282067117146	0.9748491577376056
0.0	0.20521268604729614	0.4104203955394916	0.6156239470005143	0.8208226763954616	1.026014153004349	0.06411021522829925	0.26932281714006323	0.47453036444378605	0.6797340171805308	0.8849336802928724	1.0901281810250074	0.12821647558422186	0.3334279925270727	0.5386350833216517	0.7438388886550763	0.9490398336341764	1.1542377970330737	0.19231939652533142	0.39752944074457885	0.6027358603755393	0.8079398402968107	1.01314210976421	1.2183431264102298	0.2564197320267868	0.4616282694422671	0.6668341248469029	0.8720382397834989	1.0772414755944493	1.2824448077941262	0.3205174782267924	0.525725415472922	0.7309312122063358	0.936135375626028	1.141338867948058	1.3465430666307263	0.0	0.0	0.0	0.0	0.0	0.0	0.19491873194313414	0.19492398410334366	0.19492782607592904	0.19493162362416788	0.19493655402702212	0.19494430259462442	0.38983995245874076	0.3898495957228161	0.38985688283690595	0.38986398898749425	0.3898730986115804	0.3898866785467085	0.5847641293742656	0.5847770797393743	0.5847870471038684	0.5847967867610734	0.58480900229536	0.5848265567449574	0.7796911486904262	0.7797062547482669	0.77971812112079	0.7797298064960472	0.779744130322298	0.7797640965673751	0.9746201862149059	0.9746364464601314	0.974649836886061	0.9746631104567893	0.974678934839011	0.9747000400066802
0.0	0.20524434598378885	0.41048368385736184	0.6157188349604934	0.8209491274625788	1.0261721080080795	0.06430220617307912	0.26954646422538103	0.47478563438176463	0.680020884269422	0.8852521172395914	1.0904781514870137	0.1286004252987801	0.33384359003707725	0.5390822980598867	0.7443176995276309	0.9495502237363692	1.1547797505121382	0.1928952802600852	0.3981369619321022	0.6033749927161784	0.8086105688586969	1.013844427197494	1.219077031437281	0.25718753246289816	0.46242769638206943	0.667665157942808	0.8729008692477458	1.0781357007592525	1.2833706377838419	0.3214771783588333	0.5267167376284179	0.7319541394641476	0.937189898340236	1.1424249869516863	1.347660796017655	0.0	0.0	0.0	0.0	0.0	0.0	0.1948886607973498	0.19489394412067926	0.194897810116628	0.19490163355856605	0.19490660045829086	0.19491440973070756	0.3897798312374343	0.38978953257444277	0.3897968651986276	0.38980401925049696	0.389813195218043	0.3898268789657843	0.5846739804178782	0.5846870098958863	0.5846970394565627	0.5847068441612936	0.5847191474248008	0.5847368334550028	0.7795709930914755	0.7795861922642756	0.779598132479192	0.7796098951133313	0.7796243205507964	0.7796444345677763	0.9744700390461372	0.9744863999910667	0.9744998738215125	0.9745132345299314	0.9745291695975852	0.9745504295200479
0.0	0.20527612026877087	0.41054720079738	0.6158140657088047	0.8210760353115034	1.0263306334668594	0.06449428892841522	0.26977031738724877	0.47504122457719533	0.6803081857211157	0.8855711025604767	1.0908287842043929	0.12898455844039247	0.33425948518865367	0.5395299245597656	0.7447970362302406	0.9500612537118863	1.1553224579145527	0.1934714389176369	0.3987448722143867	0.6040146282287248	0.8092819146439396	1.0145474759325424	1.2198117819288528	0.2579556992555477	0.4632276038038968	0.6684967855657438	0.8737642072804541	1.0790307485944008	1.284297404673841	0.32243733623032284	0.5277086316272676	0.7329777525961306	0.9382452209499591	1.1435120199390856	1.3487795536287874	0.0	0.0	0.0	0.0	0.0	0.0	0.19485849042323156	0.1948638049495888	0.19486769502638268	0.19487154445279797	0.1948765480058217	0.19488441827151168	0.38971951167942176	0.3897292711794244	0.38973664942150815	0.3897438515369725	0.3897530941204915	0.38976688214252386	0.584583534111655	0.5845966428455909	0.5846067347514246	0.5846166047191581	0.5846289960602212	0.5846468142242164	0.7794504412162209	0.779465733687318	0.779477747922656	0.7794895880662598	0.7795041155076975	0.7795243778956851	0.9743193967386181	0.9743358585910914	0.9743494160320247	0.974362864156889	0.97437891032422	0.9744003256141995
0.0	0.20530800914476718	0.4106109468450051	0.6159096399737868	0.8212034009130973	1.0264897305931506	0.064686463875658	0.269994377248527	0.47529713589498007	0.6805959226427699	0.8858906376050332	1.0911800807691643	0.12936887577082543	0.3346756789847639	0.5399779640658059	0.7452769002492913	0.9505729252893528	1.1558659212118783	0.1940478736397634	0.3993531729743427	0.604654768537433	0.809953879518481	1.0152512580774846	1.2205473802360707	0.258724233926469	0.46402799347056833	0.6693290097197644	0.8746282561272885	1.0799266215877197	1.2852251111948567	0.323397953743064	0.5287010996123074	0.7340020539862601	0.9393013460806481	1.1445999697777443	1.3498993425743904	0.0	0.0	0.0	0.0	0.0	0.0	0.19482822068774294	0.19483356645627906	0.1948374806711357	0.19484135617275483	0.19484639653561647	0.19485432808340736	0.38965899351896705	0.3896688112708013	0.3896762352380727	0.3896834855793202	0.3896927950514308	0.38970668780971857	0.58449279005717	0.5845059781886365	0.584516132587942	0.5845260680339742	0.5845385478009884	0.584556498651993	0.7793294925335466	0.7793448784847755	0.7793569669178346	0.7793688848212775	0.7793835146594676	0.779403926017383	0.9741682586285757	0.9741848215949241	0.9741984628515736	0.9742119986714131	0.9742281563526308	0.9742497276225484
0.0	0.20534001285554254	0.41067492248817666	0.6160055584874995	0.8213312252431835	1.0266494006056164	0.06487873139741927	0.2702186444345716	0.4755533692037535	0.6808840961465135	0.8862107237289758	1.0915320427807982	0.1297533780543652	0.33509217243212236	0.5404264178275134	0.745757293077394	0.9510852402048564	1.1564101423843796	0.19462458557201515	0.39996186559988683	0.6052954152727998	0.8106264653557419	1.015955775749166	1.2212838287200138	0.25949313800242196	0.46482886715116256	0.670161832416419	0.875493018042646	1.080823322237004	1.2861537600888298	0.32435903280512973	0.529694143733877	0.73502704602725	0.9403582763677306	1.145688839346366	1.3510201659771823	0.0	0.0	0.0	0.0	0.0	0.0	0.19479785145723008	0.19480322850633808	0.19480716691621064	0.1948110685837079	0.19481614591305557	0.1948241390321407	0.3895982764890987	0.38960815258037634	0.38961562237960834	0.38962292110870017	0.38963229774212377	0.3896462956989116	0.5844017478541426	0.584415015523315	0.5844252325637463	0.5844352337031914	0.5844478022446079	0.5844658863358573	0.7792081465098614	0.779223626121553	0.7792357889289038	0.7792477848423525	0.7792625174700926	0.7792830783966604	0.9740166240491408	0.9740332883341859	0.9740470136110378	0.9740606374041572	0.9740769070134327	0.9740986348753966
0.0	0.20537213164610638	0.4107391282173242	0.6161018219857377	0.8214595092825654	1.026809644729144	0.06507109187756062	0.2704431195732274	0.4758099253758812	0.681172707349449	0.8865313622942368	1.0918846718462285	0.13013806605779413	0.335508966541177	0.5408752870993678	0.7462382162133752	0.9515982002019435	1.1569551234210247	0.19520157586368417	0.40057095148391497	0.6059365700715407	0.8112996740366034	1.016661031073135	1.222021129751708	0.26026241301515096	0.46563022662098025	0.6709952556747197	0.8763584952896286	1.0817208530499967	1.2870833541088895	0.32532057533082837	0.5306877661497894	0.7360527311205292	0.9414160144565918	1.1467786315348552	1.3521420269723234	0.0	0.0	0.0	0.0	0.0	0.0	0.19476738259742046	0.19477279096473404	0.19477675362631083	0.1947806815503074	0.19478579600289653	0.19479385098283208	0.3895373603216073	0.389547294838713	0.3895548105761619	0.3895621578550311	0.38957160192258894	0.38958570554039584	0.5843104071004331	0.584323754446058	0.5843340342746082	0.5843441013223971	0.58435675898672	0.5843749768714599	0.7790864026090936	0.7791019760600736	0.7791142134175574	0.7791262875909702	0.7791411234010722	0.7791618344948124	0.9738644923303411	0.9738812581373938	0.9738950676381924	0.9739087796826714	0.9739251616341342	0.9739470466999297
0.0	0.2054043657627184	0.41080356452537864	0.6161984312080487	0.8215882540170495	1.0269704641948738	0.06526354570121386	0.2706678032948542	0.4760668052874911	0.6814617573736905	0.8868525546690091	1.0922379695799018	0.13052294055043098	0.33592606232615563	0.5413245731408742	0.7467196711623344	0.952111807031682	1.1575008663195545	0.19577884566786244	0.4011804320243661	0.6065782345766603	0.8119735074494833	1.0173670261837242	1.222759285712212	0.2610320605014665	0.46643207366163203	0.6718292815212348	0.8772246901401423	1.0826192165444921	1.2880138960194645	0.3262825832407948	0.5316819690254281	0.7370791116763432	0.9424745630026823	1.1478693492444303	1.3532649287075351	0.0	0.0	0.0	0.0	0.0	0.0	0.19473681397342085	0.19474225369581313	0.1947462406655174	0.1947501949365806	0.19475534666927227	0.19476346379997436	0.38947624474704123	0.38948623777513064	0.3894937995565359	0.3895011955469864	0.38951070732159654	0.3895249170632096	0.5842187673920377	0.5842321945514309	0.5842425373144312	0.5842526704853115	0.5842654176210939	0.5842837698525716	0.7789642602926831	0.7789799277602701	0.7789922398429998	0.779004392526126	0.7790193319114127	0.7790401937706294	0.9737118627990916	0.9737287303299508	0.9737426242576989	0.9737564248313918	0.9737729195391267	0.9737949624202059
0.0	0.20543671545289685	0.41086823190778876	0.6162953868977565	0.8217174604374786	1.0271318602402408	0.0654560932547856	0.2708926962323392	0.47632400981849515	0.6817512473463921	0.8871743022277838	1.0925919376038227	0.1309080023041417	0.3363434608050845	0.5417742772165908	0.7472016594356796	0.9526260624527043	1.1580473730865335	0.19635639614146153	0.4017903086242503	0.6072204104374884	0.8126479674903794	1.018073763224103	1.223498298992678	0.26180208200326405	0.46723441006106536	0.6726639119901235	0.87809160487494	1.0835184152483885	1.288945388596342	0.3272450584620166	0.5326767545337808	0.7381061901137971	0.9435339246715689	1.1489609953876836	1.3543888743431667	0.0	0.0	0.0	0.0	0.0	0.0	0.19470614544971288	0.1947116165632951	0.19471562789728475	0.19471960860592727	0.19472479777568644	0.1947329773474281	0.389414929494698	0.38942498111769613	0.3894325890482795	0.38944003391198495	0.38944961366665926	0.3894639299951275	0.5841268283230734	0.5841403354321191	0.5841507412752389	0.584160940783773	0.5841737777396135	0.5841922648710696	0.7788417190195631	0.7788574806795681	0.7788698676619276	0.7788820991043066	0.7788971424576082	0.7789181556803803	0.9735587347791719	0.9735757042341234	0.9735896827910824	0.9736035721716185	0.9736201800496626	0.9736423813571338
0.0	0.2054691809654209	0.41093313086252575	0.6163926898019693	0.8218471295397402	1.0272938341089852	0.06564873492594467	0.27111779902108735	0.4765815398525808	0.6820411783997431	0.8874966063513465	1.0929465775475526	0.13129325209331494	0.33676116299976633	0.5422244005961085	0.7476841825511098	0.9531409682311932	1.158594645737338	0.19693422844517533	0.402400582691614	0.6078630993096475	0.8133230560628403	1.0187812443462496	1.2242381719943263	0.2625724790674888	0.4680372376135318	0.6734991491231066	0.8789592417835944	1.0844184516996622	1.289877834626645	0.3282080029278008	0.5336721248554097	0.739133968860827	0.9445941021389088	1.1500535728885573	1.355513867052175	0.0	0.0	0.0	0.0	0.0	0.0	0.19467537689015407	0.19468087943027457	0.19468491518444175	0.1946889224211208	0.19469414918501468	0.19470239148842286	0.38935341429262627	0.3893635245932259	0.38937117877769095	0.3893786726761936	0.38938832068403506	0.38940274406266356	0.5840345894857829	0.5840481766789316	0.5840586457471784	0.5840689118077429	0.5840818389322824	0.5841004615169416	0.7787187782461646	0.7787346342728892	0.778747096328534	0.7787594067794957	0.7787745544936462	0.7787957196778169	0.9734051075912316	0.9734221791690476	0.973436242556738	0.9734502210215212	0.9734669424838609	0.9734893028284785
0.0	0.20550176255034097	0.4109982618901041	0.6164903406716097	0.8219772623248087	1.0274563870512046	0.06584147110366094	0.2713431122990703	0.47683939627727095	0.6823315516710374	0.8878194684268582	1.093301891048301	0.1316786906949361	0.33717916993586494	0.5426749445541467	0.7481672420327201	0.9536565261409969	1.159142686296281	0.19751234374358592	0.40301125563965595	0.6085063028551793	0.8139987750781016	1.0194894717110983	1.2249789071286037	0.2633432532462607	0.468840558119722	0.6743349949696105	0.8798276031646532	1.0853193284465334	1.2908112369090088	0.32917141857791227	0.5346680821785993	0.7401624503543597	0.9456550980906193	1.1511470846825227	1.3566399100203141	0.0	0.0	0.0	0.0	0.0	0.0	0.19464450815797155	0.19465004215921447	0.19465410238918548	0.194658136244302	0.19466340075949826	0.19467170608555093	0.38929169886761306	0.38930186792727317	0.3893095684698049	0.3893171115645145	0.3893268280987141	0.3893413589910575	0.5839420504705145	0.5839557178807822	0.5839662503185006	0.5839765831452853	0.5839896007872032	0.5840083593782661	0.778595437426391	0.7786113879926269	0.7786239252944839	0.7786363150031476	0.7786515674709813	0.7786728852141481	0.9732509805527584	0.9732681544506963	0.9732823028698987	0.9732963706961076	0.9733132061566758	0.9733357261488297
0.0	0.20553446045898446	0.4110636254935929	0.616588340261433	0.8221078597987682	1.0276195203233827	0.06603430217820218	0.271568636706829	0.47709757998393226	0.6826223683026882	0.8881428898478747	1.0936578797509506	0.13206431888858364	0.3375974826429072	0.54312591037056	0.7486508394110156	0.9541727379636485	1.1596914967966385	0.1980907432051634	0.40362232888673305	0.6091500227425557	0.8146751264551036	1.0201984474885626	1.2257205068172108	0.26411440609687825	0.46964437338677595	0.6751714515867844	0.8806966913256609	1.0862210480474945	1.2917455982536137	0.33013530735858626	0.5356646286993749	0.7411916370403359	0.9467169152229068	1.1522415337166174	1.3577670064461766	0.0	0.0	0.0	0.0	0.0	0.0	0.19461353911575985	0.19461910461194407	0.19462318937307904	0.19462724993697697	0.19463255236074198	0.1946409210007651	0.3892297829451796	0.38924001084412396	0.38924775784838817	0.38925535030058095	0.3892651356344149	0.3892797745042713	0.5838492108657161	0.5838629586246826	0.5838735545755548	0.5838839543825618	0.5838970628905724	0.5839159580412067	0.7784716960116097	0.7784877412886372	0.7785003540089052	0.7785128232241793	0.7785281808385276	0.7785496517380323	0.973096352978068	0.9731136293918693	0.9731278630426249	0.9731420205072128	0.9731589703798857	0.9731816506295913
0.0	0.20556727494396082	0.411129222178626	0.6166866893300416	0.8222389229728323	1.0277832351884142	0.06622722854112509	0.27179437288746977	0.4773560918677762	0.6829136294422334	0.888466872014358	1.0940145453080736	0.13245013745641188	0.3380161021542707	0.5435772993303318	0.749134976222909	0.9546896054883687	1.1602410792806561	0.19866942800223955	0.40423380385633895	0.6097942606466633	0.8153521121204799	1.0209081738575287	1.2264629734921018	0.2648859391817941	0.47044868522826305	0.6760085210394849	0.8815665085831489	1.0871236130713042	1.2926809214821855	0.33109967122250605	0.5366617666214859	0.7422215313736987	0.9477795562422608	1.1533369229494415	1.3588951595411967	0.0	0.0	0.0	0.0	0.0	0.0	0.1945824696254797	0.19458806664965772	0.19459217599705037	0.19459626336001581	0.19460160384971298	0.19461003609537753	0.38916766624957877	0.3891779530667943	0.3891857466359372	0.3891933886067549	0.3892032430135814	0.3892179903249864	0.5837560702579311	0.5837698984957392	0.5837805581027843	0.5837910251038269	0.5838042248266762	0.5838232570900076	0.7783475534506463	0.7783636936082339	0.7783763819183838	0.7783889308889654	0.778404394042653	0.7784260186955713	0.972941224178297	0.9729586033021871	0.9729729223837977	0.9729871697634925	0.9730042344620871	0.9730270755789747
0.0	0.2056002062591687	0.4111950524534163	0.6167853886399061	0.8223704528633725	1.0279475329156411	0.0664202505853016	0.27202032148669786	0.4776149328278997	0.6832053362423839	0.8887914163327308	1.0943718893799936	0.1328361471832026	0.3384350295072428	0.5440291127236403	0.7496196540117936	0.955207130512146	1.1607914357996372	0.19924839931108265	0.40484568197718607	0.6104390182488922	0.8160297340086532	1.0216186530059594	1.2272063095955943	0.2656578540687008	0.47125349546427525	0.6768462054003764	0.8824370572627432	1.0880270260971032	1.2936172094281175	0.332064512128897	0.537659498156506	0.7432521358185017	0.9488430238655687	1.1544332553512813	1.3600243725297796	0.0	0.0	0.0	0.0	0.0	0.0	0.19455129954845468	0.19455692813291156	0.19456106212138902	0.19456517637364945	0.19457055508673746	0.19457905123005637	0.38910534850378825	0.3891156943170239	0.38912353455367166	0.38913122620412033	0.38914114995737703	0.3891560061745972	0.5836626282317887	0.583676537077143	0.5836872604827169	0.5836977948914185	0.5837110861778806	0.5837302561069848	0.7782230091897725	0.7782392443961754	0.7782520084669504	0.7782646374413252	0.7782802065271667	0.7783019855302981	0.9727855934613866	0.9728030754880739	0.9728174801991032	0.9728318177704078	0.972848997708678	0.9728720003019831
0.0	0.20563325465980267	0.41126111682876926	0.6168844389573864	0.822502450491946	1.0281124147808853	0.06661336870492857	0.2722464831528338	0.4778741037673083	0.6834974898610534	0.8891165242159137	1.0947299136348292	0.13322234885638357	0.3388542657430458	0.54448135184589	0.7501048743275824	0.9557253148397824	1.1613425684139949	0.19982765831192711	0.40545796468324197	0.611084297237179	0.8167079940618861	1.02232988713095	1.2279505175804335	0.26643015233057615	0.4720588059214792	0.6776845067499899	0.8833083396992304	1.0889312897144854	1.2945544649365495	0.3330298320435882	0.538657825523903	0.7442834528479844	0.9499073208201981	1.1555305339041977	1.3611546486493977	0.0	0.0	0.0	0.0	0.0	0.0	0.19452002874536828	0.19452568892162064	0.19452984760574313	0.19453398883746664	0.19453940593149763	0.1945479662648228	0.389042829429505	0.3890532343152702	0.3890611213215285	0.3890688628124774	0.38907885618567817	0.3890938217732051	0.5835688843699951	0.5835828739501604	0.5835936612959558	0.5836042633257496	0.5836176465246229	0.5836369546725163	0.7780980626726932	0.778114393094653	0.7781272330960691	0.7781399423225107	0.778155617733307	0.7781775516831649	0.9726294601320682	0.9726470452527434	0.9726615357910173	0.9726759638302094	0.972693259421844	0.972716424100396
0.0	0.20566642040235955	0.4113274158180952	0.6169838410527498	0.8226349168853196	1.0282778820664809	0.0668065832955111	0.27247285853680314	0.47813360559291224	0.6837900914613605	0.8894421970833333	1.0950886197485084	0.13360874326599653	0.3392738119068113	0.5449340179976927	0.750590638726695	0.9562441602838869	1.1618944791932517	0.20040720618892785	0.40607065341369014	0.6117300993059742	0.817386894230254	1.023041878438709	1.2286955999097775	0.2672028355456299	0.4728646184330693	0.6785234271766825	0.8841803582365222	1.089836406523471	1.2954926908643452	0.3339956329389538	0.5396567509509848	0.7453154849445256	0.9509724498439567	1.1566287616019932	1.3622859911505634	0.0	0.0	0.0	0.0	0.0	0.0	0.19448865707626145	0.1944943488750565	0.19449853230911723	0.19450270061041175	0.19450815624302972	0.19451678105904907	0.3889801087471401	0.3889905727807036	0.3889985066581573	0.389006298150338	0.38901636141707013	0.3890314368396143	0.5834748382533259	0.583488908694127	0.5834997601211729	0.5835104299853004	0.5835239054454046	0.5835433523650359	0.7779727133405374	0.7779891391432813	0.7780020552446275	0.778014844971197	0.7780306270997323	0.7780527165925337	0.9724728234918506	0.9724905118961864	0.972505088458794	0.9725196072419262	0.9725370189005456	0.9725603462727584
0.0	0.2056997037446452	0.4113939499374233	0.6170835957001918	0.8227678530754979	1.0284439360613071	0.06699989475390167	0.27269944829218234	0.47839343921557903	0.6840831422116884	0.8897684363609885	1.0954480094048422	0.1339953312047753	0.339693669047665	0.5453871124849593	0.7510769487721557	0.9567636686649801	1.1624471702161512	0.20098704413027196	0.4066837496130484	0.6123764261563671	0.8180664364717769	1.0237546291446957	1.2294415590573429	0.26797590529743615	0.4736709348389068	0.6793629687767831	0.8850531152278095	1.0907423791346655	1.2964318900802596	0.3349619167940642	0.5406562766730589	0.7463482345998094	0.9520384136852648	1.1577279414503903	1.3634184032970134	0.0	0.0	0.0	0.0	0.0	0.0	0.19445718440052978	0.1944629078518443	0.19446711608986922	0.1944713115507817	0.1944768058797206	0.19448549547145497	0.38891718617581306	0.3889277094312016	0.3889356902809143	0.3889435319349196	0.38895366536884085	0.3889688510913251	0.5833804894606175	0.5833946408864374	0.5834055565350996	0.5834162944466103	0.5834298625167822	0.5834494487610237	0.7778469606318462	0.7778634819790862	0.7778764743489252	0.7778893448234712	0.7779052340625089	0.7779274796941645	0.9723156828390058	0.9723334747151564	0.9723481374984505	0.9723627473013505	0.9723802754405038	0.9724037661143653
0.0	0.20573310494578384	0.4114607197054199	0.6171837036778635	0.8229012600997598	1.0286105780608361	0.06719330347829464	0.2729262530752026	0.4786536055501466	0.6843766432857071	0.8900952434814824	1.095808084295565	0.13438211346813375	0.34011383821872415	0.545840636618906	0.7515638060336098	0.9572838418115196	1.1630006435706928	0.20156717332816249	0.40729725473116196	0.6130232794960881	0.8187466227524315	1.0244681414736418	1.2301883975074352	0.2687493631749234	0.47447775698551914	0.6802031336546017	0.8859266130355793	1.091649210169287	1.297372065464975	0.3359286855946782	0.541656404933433	0.7473817043148346	0.9531052151031744	1.1588280764670598	1.3645518883657486	0.0	0.0	0.0	0.0	0.0	0.0	0.1944256105769182	0.1944313657099576	0.1944355988057052	0.19443982151622088	0.19444535469930294	0.19445410936010302	0.3888540614333413	0.3888646439833385	0.3888726719058523	0.3888805638821351	0.38889076775697057	0.3889060642445241	0.5832858375687516	0.5833000701025314	0.5833110501125118	0.5833218562842615	0.5833355173133522	0.583355243434991	0.7777208039825526	0.7777374210364849	0.7777504898426529	0.777763441312811	0.7777794380550908	0.7778018404211945	0.9721580374685432	0.9721759330031438	0.9721906822027417	0.9722053833010127	0.9722230283341747	0.9722466829172361
0.0	0.2057666242662186	0.4115277256433899	0.6172841657678739	0.8230351390006609	1.0287778093671347	0.06738680986822121	0.2731532735447454	0.4789141055154196	0.6846705958623704	0.8904226198840196	1.0961688461203332	0.1347690908541571	0.34053432047708926	0.5462945917160473	0.7520512120873168	0.9578046815598942	1.1635549013541258	0.20214759497880974	0.4079111702231956	0.6136706610395022	0.8194274550461443	1.025182417659546	1.2309361177549434	0.26952321077236346	0.4752850867260898	0.681043923922419	0.8868008540316068	1.0925569022591581	1.2983132199110934	0.33689594133324136	0.5426571379834145	0.7484158965999155	0.9541728568673704	1.1599291696816239	1.3656864496470347	0.0	0.0	0.0	0.0	0.0	0.0	0.194393935463524	0.1943997223067214	0.1944039803136827	0.19440823036372423	0.1944138025588582	0.19442262258240156	0.3887907342362461	0.3888013761523913	0.3888094512477264	0.3888173937065989	0.38882766829613835	0.3888430760140905	0.583190882152664	0.5832051959159013	0.5832162404262384	0.5832271150708891	0.5832408694077602	0.5832607359594895	0.7775942428259923	0.777610955747297	0.7776241011569051	0.7776371338700975	0.7776532385083316	0.7776757982041507	0.971999886672224	0.9720178860503904	0.9720327218611753	0.9720475145301956	0.972065276870764	0.9720890959701302
0.0	0.20580026196772414	0.4115949682753014	0.617384982756327	0.823169490826084	1.0289456312889271	0.06758041432457414	0.27338051036237976	0.479174940034219	0.684965001125978	0.890750567014481	1.0965302965868116	0.13515626416365165	0.3409551168839067	0.5467489790982707	0.7525391685162373	0.9583261897545231	1.1641099456730621	0.20272831028250327	0.40852549754971784	0.6143185725077048	0.820108935334901	1.0258974599457944	1.2316847223054739	0.27029744968946273	0.4760929259205618	0.6818853417006029	0.8876758405970827	1.0934654580468464	1.2992553563232898	0.33786368600898686	0.5436584780824233	0.7494508139748071	0.9552413417583084	1.1610312241358047	1.366822090444566	0.0	0.0	0.0	0.0	0.0	0.0	0.19436215891778855	0.19436797749880402	0.19437226047020217	0.194376537949629	0.1943821493148083	0.19439103499509622	0.38872720429973645	0.3887379056523236	0.38874602801997804	0.3887540211216104	0.38876436669970504	0.38877988611357894	0.5830956227853199	0.5831100178980686	0.5831211270471373	0.5831320703771559	0.5831459183706758	0.5831659259050861	0.7774672765928718	0.7774840855407122	0.7774973077201462	0.7775104219235817	0.7775266348504515	0.7775493524709163	0.9718412297385202	0.9718593331438489	0.97187425575997	0.9718891402748935	0.9719070203361864	0.9719310045585049
0.0	0.2058340183134111	0.4116624481277953	0.617486155433336	0.8233043166292567	1.0291140451416185	0.06777411724961509	0.2736079641923744	0.479436110033399	0.6852598602661969	0.8910790863254493	1.0968924374107043	0.1355436342001571	0.3413762285043853	0.5472038000928577	0.7530276769100595	0.958848368247887	1.1646657786435113	0.20330932044362462	0.4091402381767186	0.6149670156285447	0.8207910656087736	1.026613270585193	1.2324342136753872	0.2710720815313796	0.4769012764356598	0.6827273891176354	0.8885515751226459	1.094374880185701	1.3001984776183533	0.33883192162795567	0.5446604274980174	0.750486458968735	0.9563106725672494	1.1621342428834651	1.3679588140755092	0.0	0.0	0.0	0.0	0.0	0.0	0.19433028079649672	0.1943361311422164	0.19434043913100668	0.19434474412961408	0.19435039482291513	0.19435934645426967	0.38866347133770707	0.38867423219578384	0.3886824019347332	0.38869044583915274	0.38870086267971254	0.3887164942552189	0.5830000590377116	0.5830145356185812	0.5830257095440925	0.5830367217717504	0.583050663770791	0.5830708128403616	0.7773399047112651	0.7773568098432876	0.777370108958209	0.7773833048988824	0.7773996265070351	0.777422502646729	0.9716820659526112	0.971700273567179	0.971715283182053	0.9717302598178095	0.9717482580130617	0.9717724079645133
0.0	0.20586789356773366	0.4117301657301998	0.6175876845930446	0.8234396174687814	1.0292830522473306	0.06796791904697352	0.27383563570170366	0.4796976164438601	0.6855551744780819	0.8914081792762376	1.0972552703157905	0.1359312017699469	0.3417976564078044	0.5476590560324999	0.7535167388652214	0.9593712189005578	1.1652224023909175	0.2038906266706576	0.4097553935756267	0.6156159921366484	0.8214738478659518	1.0273298518400067	1.2331845943918438	0.2718471079087418	0.4777101401449149	0.6835700683101443	0.8894280600084221	1.0952851713398994	1.3011425867252404	0.33980065020302996	0.5456629885059326	0.7515228341204434	0.9573808520963146	1.1632382289906706	1.3690966238705728	0.0	0.0	0.0	0.0	0.0	0.0	0.19429830095577352	0.19430418309230874	0.19430851615117842	0.19431284875869684	0.19431853893827725	0.1943275568153381	0.38859953506273237	0.38861035549409906	0.38861857270279626	0.38862666756988645	0.388637155946877	0.388652900149908	0.5829041904788491	0.5829187486450039	0.5829299874840055	0.5829410688213773	0.5829551051748106	0.5829753963319007	0.7772121266066008	0.7772291280789342	0.7772425042942807	0.7772557822189727	0.7772722129010178	0.7772952481541671	0.9715223945963675	0.9715407066007314	0.9715558034070432	0.9715708724383385	0.9715889891806995	0.9716133054669871
0.0	0.20590188799649656	0.41179812161454493	0.6176895710336495	0.8235753944086636	1.029452653934939	0.06816182012166713	0.2740635255600755	0.4799594602005845	0.6858509449621183	0.8917378473329384	1.0976187970339806	0.1363189676820681	0.34221940166756065	0.5481147482553522	0.7540063559849728	0.959894743581267	1.1657798190502355	0.2044722301762413	0.4103709652233702	0.616265503773488	0.8221572841128186	1.0280472059820418	1.2339358669928941	0.2726225304377108	0.47851951892873634	0.6844133814229825	0.8903052976641102	1.0961963341845407	1.3020876865851765	0.34076987375399975	0.5466661633901579	0.752559941978276	0.9584518831585742	1.1643431855357846	1.3702355231741103	0.0	0.0	0.0	0.0	0.0	0.0	0.19426621925108095	0.1942721332037675	0.1942764913851357	0.19428085169122994	0.1942865815153267	0.1942956659330481	0.38853539518605984	0.38854627525726854	0.3885545400336436	0.388562686023143	0.3885732462105825	0.3885891035072052	0.5828080166757504	0.5828226565429089	0.582833960431785	0.582845111090748	0.5828592421474423	0.5828796759442821	0.7770839417016492	0.7771010396689049	0.7771144931488908	0.777127853304168	0.7771443934526738	0.7771675884131376	0.9713622149483346	0.971380631521532	0.9713958157112356	0.9714109774125518	0.9714292131150822	0.9714536963414214
0.0	0.20593600186686076	0.41186631631557336	0.6177918155574162	0.8237116485183344	1.029622851540099	0.06835582088009007	0.27429163443992505	0.4802216422426352	0.6861471729242262	0.8920680919684342	1.0979830193053317	0.13670693274831755	0.3426414653611498	0.5485708781050213	0.7544965298793673	0.9604189441669048	1.1663380307659348	0.20505413217713875	0.4109869546023505	0.6169155522873608	0.8228413763639356	1.0287653352926363	1.2346880340274748	0.2733983507399494	0.47932941467438445	0.6852573306092065	0.8911832905089665	1.0971083714056347	1.3030337801516503	0.34173959430753853	0.5476699544429153	0.7535977851001634	0.9595237685780401	1.1654491156094675	1.3713755153441234	0.0	0.0	0.0	0.0	0.0	0.0	0.19423403553721655	0.19423998133061396	0.19424436468663153	0.1942487527809	0.19425452240782776	0.19426367366147537	0.38847105141760724	0.38848199119396093	0.38849030363542064	0.388498500906922	0.3885091331788785	0.38852510403532886	0.582711537193437	0.5827262588758713	0.582737627950343	0.5827488481425762	0.5827630742513931	0.5827836512400755	0.7769553494165166	0.7769725440317881	0.7769860749399053	0.7769995175721197	0.7770161675796101	0.7770395228408704	0.9712015262837259	0.9712200476032742	0.971235319367594	0.9712505740131898	0.9712689290888592	0.9712935798599674
0.0	0.20597023544735113	0.41193475037075616	0.6178944189707027	0.8238483808726814	1.0297936464052864	0.0685499217300477	0.2745199630164572	0.48048416351320616	0.6864438595758189	0.8923989146624632	1.0983479388781223	0.13709509778331186	0.3430638485702448	0.5490274469306499	0.7549872621653564	0.9609438225426201	1.166897039692108	0.20563633389433755	0.41160336320055096	0.6175661394335058	0.8235261266421662	1.0294842420627914	1.2354410980555477	0.2741745704427465	0.4801398292761034	0.6861019180302165	0.8920620409719529	1.098021285700259	1.3039808703905778	0.34270981389734223	0.5486743639648072	0.7546363660537768	0.9605965111898275	1.166556022314845	1.37251660375244	0.0	0.0	0.0	0.0	0.0	0.0	0.19420174966830978	0.1942077273262006	0.19421213590875	0.19421655188072395	0.19422236146887312	0.19423157985402106	0.38840650346595523	0.388417503011507	0.388425863214935	0.38843411192788424	0.38844481655847246	0.38846090144114886	0.582614751594923	0.5826295552054587	0.5826409896005837	0.5826522795375673	0.5826666010473575	0.5826873217798292	0.7768263491686307	0.7768436405834938	0.7768572490825124	0.7768707744378013	0.7768875346967522	0.7769110508519032	0.9710403278744044	0.9710589541163014	0.9710743136457333	0.9710896615096443	0.9711081363713279	0.9711329552914144
0.0	0.2060045890078669	0.41200342432031345	0.6179973820839905	0.8239855925520895	1.0299650398798474	0.0687441230807412	0.27474851196764166	0.48074702495962796	0.6867410061338183	0.8927303169016453	1.098713557508887	0.13748346360445715	0.3434865523806755	0.5494844560869082	0.7554785544667898	0.9614693806018327	1.167456847992492	0.2062188365530067	0.4122201925115039	0.6182172669740807	0.8242115369786641	1.030203928593171	1.2361950616481083	0.2749511911789625	0.4809507646350767	0.686947145855723	0.8929415514917132	1.0989350797765445	1.3049289602802991	0.34368053456407377	0.5496793942647712	0.755675687416494	0.961670113840131	1.1676639087674963	1.3736587917847103	0.0	0.0	0.0	0.0	0.0	0.0	0.19416936149781597	0.1941753710432051	0.19417980490390035	0.19418424884304306	0.19419009855087815	0.19419938436340575	0.38834175103833557	0.3883528104158878	0.3883612184776442	0.38836951879133935	0.3883802960547179	0.38839649543017507	0.5825176594411974	0.5825325450912128	0.5825440449413862	0.5825554048344005	0.582569822094001	0.5825906871220535	0.7766969403727169	0.7767143287372292	0.7767280149891984	0.7767416233134843	0.7767584942163203	0.7767821718580588	0.970878618988853	0.9708973503275771	0.9709127978118894	0.9709282391679281	0.9709468342284043	0.97097182190116
0.0	0.2060390628196825	0.41207233870721605	0.6181007057118869	0.8241232846424454	1.0301370333200046	0.06893842534278813	0.27497728197423443	0.48101022753339	0.6870386138206787	0.8930623001795063	1.0990798769624437	0.13787203103199008	0.3439095778824708	0.5499419069340367	0.7559704084144596	0.9619956202462775	1.1680174578405154	0.2068016413825603	0.4128374440343553	0.6188689366782281	0.8248976094129399	1.030924397194168	1.2369499273872553	0.2757282145871219	0.48176222265952123	0.6877930162638412	0.8938218245166688	1.0998497563537735	1.305878052811677	0.3446517583554734	0.5506850476601916	0.7567157517755114	0.962744579386338	1.1687727780955663	1.374802082840523	0.0	0.0	0.0	0.0	0.0	0.0	0.19413687087851944	0.19414291233363343	0.19414737152382003	0.19415184351952602	0.19415773350558369	0.19416708704167238	0.3882767938406368	0.38828791311174055	0.3882963691276619	0.38830472120125215	0.38831557137162054	0.38833188570656296	0.5824202602912324	0.5824352280906586	0.5824467935296128	0.5824582235897375	0.5824727369479678	0.5824937468232289	0.7765671224408094	0.776584607903511	0.7765983720697596	0.77661206360875	0.7766290455478408	0.7766528852684559	0.9707163988921886	0.970735235500699	0.9707507711289339	0.9707663062506905	0.9707850219226378	0.9708101789512249
0.0	0.20607365715546025	0.412141494077211	0.6182043906731636	0.8242614582351877	1.0303096280889186	0.06913282892823275	0.27520627371980066	0.48127377219017614	0.6873366838644343	0.8933948659965388	1.099446899011965	0.13826080088899623	0.3443329261698897	0.5503998008378892	0.7564628256461565	0.9625225433860732	1.1685788714193777	0.2073847496166811	0.4134551192739012	0.6195211503221238	0.8255843459929223	1.0316456501859783	1.237705697866276	0.2765056423114285	0.4825742052647148	0.6886395314411311	0.8947028625050719	1.1007653181624435	1.3068281509881732	0.34562348732637554	0.5516913264769286	0.7577565617278863	0.963819910697083	1.1698826334398347	1.3759464803334835	0.0	0.0	0.0	0.0	0.0	0.0	0.1941042776625251	0.1941103510488116	0.19411483561956644	0.19411933576116078	0.19412526618404818	0.19413468774017842	0.38821163157738797	0.3882228108023422	0.3882313148677415	0.38823971886022635	0.3882506422118219	0.3882670719730977	0.5823225537019596	0.58233760375928	0.5823492349200848	0.5823607353581988	0.582375345163857	0.582396500437782	0.7764368947822197	0.7764544774901325	0.7764683197312701	0.7764820947304573	0.7764991880981146	0.7765231904894776	0.9705536668461223	0.9705726088958592	0.9705882328563337	0.9706038620171761	0.9706226987131705	0.9706480257002124
0.0	0.2061083722892542	0.41221089097882907	0.6183084377907674	0.8244001144273218	1.0304828255567082	0.06932733425054427	0.27543548789071703	0.48153765988987074	0.6876352174987097	0.8937280158602159	1.099814625438997	0.1386497740014095	0.3447565983414246	0.5508581391699409	0.7569558078066807	0.963050151939738	1.1691410909220692	0.20796816249332217	0.414073219740593	0.6201739096889869	0.8262717487749716	1.032367689898619	1.2384623756896675	0.2772834760017855	0.48338671437302	0.6894866935826262	0.8955846679250369	1.1016817679443043	1.3077792578258898	0.3465957235387411	0.5526982330493547	0.7587981198805768	0.964896110652292	1.1709934779537625	1.3770919876912673	0.0	0.0	0.0	0.0	0.0	0.0	0.19407158170125904	0.19407768703938616	0.1940821970415174	0.1940867254182549	0.1940926964366478	0.19410218630959597	0.3881462639517594	0.3881575031896105	0.38816605539927684	0.3881745114695051	0.38818550827660003	0.38820205393119467	0.5822245392282703	0.5822396716505206	0.5822513686655839	0.5822629396923635	0.5822776462942238	0.5822989475180868	0.7763062568035365	0.7763239369021652	0.7763378573780826	0.7763517160827436	0.7763689212712176	0.7763930869247719	0.9703904221089602	0.9704094697698452	0.9704251822501523	0.9704409057232268	0.9704598638557391	0.97048536140331
0.0	0.20614320849652107	0.4122805299634068	0.618412847891854	0.8245392543214646	1.0306566271005053	0.06952194172463426	0.27566492517619984	0.48180189159659814	0.6879342159627703	0.8940617512850525	1.1001830580335314	0.1390389511980464	0.34518059549984653	0.5513169233073438	0.757449356547909	0.9635784478342667	1.16970411855146	0.20855188125475704	0.41469174695059874	0.6208272165691512	0.8269598198239626	1.0330905186720214	1.2392199634732426	0.2780617173138502	0.48419975191395015	0.6903345048919092	0.8964672432546285	1.1025991084524565	1.3087313763536776	0.3475684690617185	0.5537057697204267	0.7598404288505248	0.9659731821432765	1.1721053148035983	1.3782386083557345	0.0	0.0	0.0	0.0	0.0	0.0	0.19403878284546167	0.1940449201553175	0.1940494556393647	0.1940540123404291	0.19406002411307005	0.1940695825999052	0.38808069066554934	0.38809198997409056	0.3881005904222893	0.3881090987289581	0.3881201692658566	0.3881368312808864	0.5821262164229963	0.5821414313157639	0.5821531943168318	0.5821648361427512	0.5821796398895597	0.5822010876144446	0.7761752079086004	0.7761929855419321	0.7762069844118027	0.7762209270669992	0.7762382444684753	0.7762625739752265	0.9702266639355704	0.9702458173760073	0.9702616185630175	0.970277436621249	0.9702965166026418	0.9703221853122568
0.0	0.20617816605412237	0.4123504115850904	0.618517621807793	0.8246788790258518	1.0308310341044638	0.06971665176686243	0.27589458626831315	0.4820664682787322	0.6882336805015332	0.894396073792619	1.1005521985940203	0.13942833331061633	0.3456049187522175	0.5517761546329417	0.7579434735288116	0.9641074330051499	1.1702679565203207	0.20913590714759725	0.41531070242582263	0.6214810727600872	0.8276485612133083	1.033814138856057	1.239978463844156	0.27884036790906064	0.48501331982419793	0.6911829675811434	0.8973505909818938	1.1035173424513847	1.309684509613173	0.34854172597167976	0.5547139388417238	0.7608834912646966	0.9670511280727756	1.173218147168421	1.3793863457829774	0.0	0.0	0.0	0.0	0.0	0.0	0.19400588094519006	0.19401205024588206	0.19401661126211603	0.1940211963766193	0.19402724906231586	0.1940368764603966	0.3880149114191883	0.3880262708549592	0.38803491963543185	0.3880434803370858	0.3880546248781209	0.388071403720827	0.5820275848369157	0.5820428823043403	0.5820547114224974	0.5820664242578271	0.5820813254982984	0.5821029202750907	0.776043747498512	0.7760616228090167	0.7760757002312973	0.7760897270818757	0.776107157088471	0.7761316510389762	0.9700623915773946	0.9700816509642693	0.9700975410441319	0.9701134539602243	0.9701326562027496	0.9701584966753543
0.0	0.2062132452403376	0.41242053640086257	0.6186227603742088	0.8248189896543917	1.0310060479598275	0.06991146479504372	0.2761244718619889	0.48233139090893035	0.6885336123656155	0.8947309849116019	1.1009220489274518	0.1398179211737383	0.3460295692099206	0.5522358345353133	0.7584381604155088	0.9646371093964439	1.170832607051405	0.20972024142281495	0.415930087693941	0.6221354800664517	0.8283379750250229	1.0345385528106146	1.2407378794409951	0.27961942945466933	0.48582742004768237	0.6920320838711329	0.8982347136049372	1.104436472717047	1.3106386606588991	0.3495154963522641	0.5557227427735046	0.7619273097601527	0.9681299513550398	1.1743319782402388	1.38053520344343	0.0	0.0	0.0	0.0	0.0	0.0	0.19397287584980907	0.1939790771596637	0.19398366375808646	0.19398827737506802	0.19399437113269097	0.19400406773966242	0.38794892591172164	0.3879603455300077	0.3879690427359718	0.3879776559910019	0.3879888748105329	0.3880057709482746	0.5819286440187273	0.5819440241635004	0.5819559195291704	0.5819677035839768	0.5819827026667908	0.5820044450461682	0.775911874971597	0.775929848100228	0.7759440042326597	0.7759581155232508	0.7759756585270106	0.7760003175113689	0.9698976042824031	0.9699169697810849	0.9699329489392291	0.9699489569856657	0.9699682819014618	0.9699942947374223
0.0	0.20624844633486683	0.4124909049705471	0.6187282644309872	0.8249595873266742	1.0311816700649412	0.07010638122845546	0.2763545826550369	0.4825966604641455	0.6888340128113479	0.8950664861778204	1.1012926108493672	0.14020771562495113	0.34645454798867265	0.5526959644087873	0.758933418881288	0.9651674789607901	1.1713980723774722	0.21030488533575917	0.4165499042884212	0.6227904403001083	0.8290280633497449	1.0352637629056236	1.241498212913807	0.2803989036237598	0.486642054535568	0.6928818559913443	0.8991196136319429	1.1053565020368994	1.3115938325582934	0.3504897822943999	0.5567321838847316	0.7629718869840751	0.9692096549158601	1.1754468112240188	1.3816851848219023	0.0	0.0	0.0	0.0	0.0	0.0	0.19393976740799332	0.19394600074455545	0.19395061297490027	0.19395525518332618	0.19396139017180763	0.1939711562855981	0.38788273384081295	0.38789421369564514	0.38790295941979464	0.3879116253864374	0.3879229187588464	0.38793993265909493	0.5818293935150554	0.5818448564384207	0.5818568181813666	0.5818686736655115	0.5818837709393094	0.5819056614717336	0.7757795897234131	0.7757976608096078	0.7758118958092171	0.775826091784236	0.7758437481771308	0.775868572784973	0.9697323012951048	0.9697517730694463	0.969767841490583	0.9697839449396275	0.9698033929407164	0.9698295787398089
0.0	0.2062837696188429	0.41256151785683387	0.6188341348223126	0.8251006731680209	1.0313579018253132	0.07030140148785935	0.2765849193481787	0.482862277925673	0.6891348831008344	0.8954025791342983	1.1016638861839465	0.14059771750476138	0.3468798562085845	0.5531565456535152	0.7594292506066891	0.9656985436595135	1.1719643547413978	0.21088984014622938	0.4171701537486073	0.6234459552802262	0.829718828286848	1.03598977152118	1.242259466924235	0.28117879209534735	0.4874572252463779	0.6937322861800318	0.9000052935813141	1.1062774332100471	1.3125500283918716	0.35146458589641866	0.557742264553197	0.7640172255939058	0.9702902416927195	1.1765626493378523	1.3828362934177565	0.0	0.0	0.0	0.0	0.0	0.0	0.1939065554677192	0.19391282084775183	0.1939174587594832	0.19392212964824546	0.19392830602657699	0.19393814194539488	0.3878163349027287	0.38782787504688315	0.387836669381388	0.38784538821772474	0.38785675641741385	0.3878738885477461	0.5817298328704268	0.5817453786721799	0.5817574069215048	0.5817693340446447	0.5817845298580261	0.5818065690937336	0.7756468911467195	0.7756650603283992	0.7756793743514988	0.7756936552551454	0.7757114254290672	0.7757364162495458	0.9695664818565078	0.9695860600688463	0.9696022179369693	0.9696184170606653	0.9696379885589503	0.9696643479203509
0.0	0.2063192153748343	0.41263237562528404	0.6189403723966765	0.8252422483094953	1.0315347446536276	0.0704965259954871	0.2768154826450364	0.48312824427914125	0.6894362245019454	0.8957392653312598	1.1020358767640062	0.14098792765661433	0.3473054949941347	0.5536175796754479	0.7599256572794838	0.9662303054626029	1.1725314563961569	0.21147510711842915	0.41779083761967656	0.6241020268332392	0.8304102719444029	1.0367165810475094	1.2430216441454849	0.2819590965543157	0.48827293414593315	0.6945833766841798	0.9008917559816169	1.107199269047192	1.3135072512531765	0.35243990926399654	0.5587529871654681	0.7650633282572938	0.9713717146347425	1.1776794958129064	1.3839885327448616	0.0	0.0	0.0	0.0	0.0	0.0	0.19387323987626667	0.19387953731575036	0.19388420095806408	0.19388890061597983	0.19389511854321073	0.19390502456554135	0.3877497287923414	0.3877613292773391	0.38777017231384553	0.38777894417780123	0.38779038747918976	0.38780763830728193	0.5816299616272755	0.5816455904057647	0.5816576852899118	0.581669684261497	0.5816849789630162	0.5817071674520099	0.7755137786314827	0.7755320460450539	0.7755464392472442	0.7755608053235026	0.7755786896702619	0.7756038472920407	0.9694001452041278	0.9694198300152854	0.9694360775136729	0.9694523725838453	0.969472067991108	0.9694986015133829
0.0	0.2063547838868564	0.4127034788443528	0.6190469780069109	0.8253843138879488	1.0317121999698022	0.07069175517507129	0.27704627325217474	0.48339456051456575	0.6897380382883831	0.8960765463262064	1.1024085844310876	0.1413783469269514	0.34773146547423833	0.5540790678864151	0.7604226405947669	0.9667627663488155	1.1730993796049387	0.21206068752105117	0.418411957452736	0.6247586567929534	0.8311023964392965	1.037444193885097	1.2437847472624672	0.2827398186915329	0.48908918320747985	0.695435129759641	0.9017790033717307	1.1081220123707927	1.3144655042489515	0.3534157545102832	0.5597643541170262	0.7661101976522471	0.9724540767028581	1.1787973538935985	1.3851419063317794	0.0	0.0	0.0	0.0	0.0	0.0	0.19383982048021245	0.1938461499943451	0.19385083941616812	0.19385556793197892	0.1938618275672144	0.19387180399181672	0.38768291520311593	0.38769457607922264	0.3877034679088533	0.3877122929581957	0.38772381163571695	0.38774118162933796	0.5815297793259226	0.5815454911780487	0.5815576528248023	0.5815697238540763	0.5815851177922389	0.5816074560842789	0.7753802515648502	0.7753986173452043	0.7754130898813745	0.7754275413740134	0.7754455402853356	0.7754708652965799	0.9692332905719538	0.9692530821412392	0.9692694194524551	0.9692858107407103	0.9693056304686078	0.9693323387497028
0.0	0.2063904754403763	0.41277482808539895	0.6191539525102027	0.8255268710460386	1.0318902692010117	0.07088708945183385	0.2772772918790943	0.48366122762634695	0.6900403257396844	0.896414423683924	1.1027820110354694	0.14176897616519407	0.3481577687822359	0.5545410117041202	0.7609202022549548	0.967295928305679	1.173668126641155	0.21264658262726346	0.41903351480481327	0.6254158470005433	0.8317952038972326	1.0381726124446944	1.2445487789718077	0.2835209602038358	0.48990597441167893	0.696287547671131	0.9026670383008474	1.1090456660150707	1.3154247904991494	0.3543921237558877	0.5607763678122587	0.7671578364671277	0.9735373308698005	1.179916226837602	1.386296417721775	0.0	0.0	0.0	0.0	0.0	0.0	0.19380629712542954	0.19381265872862607	0.19381737397861673	0.19382213144098778	0.193828432943387	0.19383848006929053	0.3876158938271092	0.3876276151433351	0.387636555856689	0.38764543424902786	0.3876570285771263	0.3876745182041317	0.5814292855045753	0.5814450805257917	0.5814573090622778	0.5814694523582769	0.5814849458815361	0.5815074345261314	0.7752463093311482	0.7752647736116633	0.7752793256359922	0.7752938627885647	0.7753119766560871	0.7753374696444536	0.9690659171904471	0.9690858156756554	0.9691022429815516	0.9691187307592778	0.9691386752193406	0.9691655588565711
0.0	0.2064262903223245	0.41284642392270826	0.6192612967681294	0.8256699209322759	1.032068953781746	0.07108252925252355	0.2775085392382808	0.4839282466133312	0.6903430881412932	0.8967528989765674	1.103156158436263	0.14215981622381224	0.3485844060559732	0.5550034125522305	0.7614183439698885	0.9678297933296065	1.1742376997885662	0.2132327937147934	0.4196555112389523	0.6260735993046589	0.8324886964528506	1.0389018391474498	1.245313741981989	0.2843025227941279	0.49072330974671524	0.6971406326923494	0.9035558633286037	1.1099702328261527	1.3163851131370876	0.3553690191289955	0.5617890306645865	0.7682062474007922	0.9746214801202608	1.1810361179160087	1.387452070472991	0.0	0.0	0.0	0.0	0.0	0.0	0.1937726696570806	0.19377906336297254	0.1937838044895205	0.19378859098703985	0.19379493451581417	0.1938050526423157	0.387548664354956	0.3875604461590556	0.3875694358462084	0.3875783677389945	0.38759003799212266	0.387607647720448	0.5813284796993057	0.5813443579836193	0.5813566535363056	0.5813688693078582	0.5813844627646119	0.5814071023110113	0.7751119513118548	0.7751305142243958	0.7751451458903534	0.7751597689461972	0.775177998161465	0.7752036597140918	0.9688980242865062	0.9689180298439208	0.9689345473256378	0.9689511318640059	0.9689712014676349	0.9689982610576757
0.0	0.20646222882109858	0.41291826693350064	0.6193690116466691	0.8258134647010394	1.0322482551538286	0.07127807500539322	0.27774001604518594	0.48419561847879533	0.6906463267845487	0.8970919737836524	1.1035310285014082	0.14255086795828328	0.3490113784377639	0.5554662718603448	0.7619170674568042	0.968364363425871	1.1748081013412583	0.21381932206588652	0.420277948324176	0.626731915561392	0.833182876249696	1.0396318764248806	1.2460796390133282	0.2850845081713414	0.4915411912082637	0.6979943871059493	0.9044454810250548	1.1108957156620487	1.317346475309429	0.35634644276533267	0.5628023450964327	0.7692554331625638	0.9757065274508624	1.1821570304133096	1.3886088681584305	0.0	0.0	0.0	0.0	0.0	0.0	0.1937389379196184	0.19374536374105375	0.19375013079228007	0.19375494641345792	0.19376133212786906	0.19377152155452945	0.3874812264758706	0.38749306881434264	0.38750210756484676	0.3875110931153711	0.3875228395679866	0.38754056986564117	0.5812273614440534	0.5812433230840248	0.581255685778722	0.5812679742344481	0.5812836679730345	0.5813064589702183	0.7749771768856026	0.7749958385605222	0.7750105500208708	0.7750252592231082	0.7750436041775719	0.7750694348810682	0.9687296110834708	0.968749723867864	0.968766331705833	0.9687830132757974	0.9688032084342609	0.9688304445731364
0.0	0.20649829122657404	0.41299035769795217	0.619477098016234	0.8259575035126192	1.032428174766471	0.0714737271402261	0.2779717230182648	0.4844633442304948	0.6909500429667446	0.8974316496921251	1.103906623107754	0.14294213222714255	0.3494386870744515	0.5559295910640651	0.7624163744404163	0.9688996406086989	1.1753793336037495	0.21440616896736628	0.4209008276355568	0.6273907976343577	0.8338777454403123	1.0403627267189786	1.2468464727980912	0.28586691805050857	0.49235962079957096	0.6988488132036303	0.9053358939707784	1.1118221173927663	1.3183088801763085	0.3573243968082463	0.5638163135393138	0.7703053964723342	0.9767924758702743	1.1832789676275175	1.3897668143660937	0.0	0.0	0.0	0.0	0.0	0.0	0.1937051017567799	0.1937115597058228	0.19371635272958	0.19372119756284792	0.19372762562220605	0.19373788664884709	0.3874135798776345	0.38742548279572203	0.38743457069860676	0.3874436100639996	0.3874554329905623	0.38747328432562284	0.5811259302706072	0.5811419753573513	0.5811544053192131	0.5811667666675235	0.5811825610362188	0.5812055040328893	0.7748419854281541	0.7748607459942936	0.774875537401089	0.774890332992627	0.7749087940776389	0.774934794518075	0.9685606768010908	0.968580896965725	0.9685975953396699	0.9686143742119685	0.9686346953364003	0.9686621086194739
0.0	0.20653447783011006	0.4130626967992062	0.6195855567516867	0.8261020385332393	1.0326087140763012	0.07166948608835012	0.2782036608789956	0.4847314248806894	0.69125423799116	0.8977719282963993	1.1042829441411013	0.1433336098920131	0.3498663331174444	0.5563933716050382	0.7629162666529642	0.9694356269013229	1.1759513988910464	0.21499333571068965	0.4215241507542782	0.6280502473947616	0.834573306186314	1.0410943924822862	1.2476142460805766	0.28664975415283633	0.49317860053153645	0.6997039132862247	0.9062271047569658	1.1127494409004086	1.319272330911435	0.3583028834087938	0.5648309384339347	0.771356140060664	0.9778793283993176	1.1844019328702804	1.3909259126990932	0.0	0.0	0.0	0.0	0.0	0.0	0.1936711610115851	0.19367765109951568	0.19368247014338785	0.19368734427709805	0.19369381484075995	0.19370414776746098	0.3873457242465942	0.3873576877882846	0.3873668249320563	0.38737591826928636	0.3873878179442553	0.38740579078485937	0.5810241857086017	0.581040314331788	0.5810528116853124	0.5810652461344082	0.5810811414814223	0.5811042370259958	0.7747063763123975	0.7747252358970879	0.7747401074016811	0.7747549896252114	0.7747735672320222	0.7747997379949196	0.9683912206555215	0.9684115483521505	0.968428337441089	0.9684452138862443	0.9684656613876406	0.9684932524096049
0.0	0.20657078892455855	0.41313528482339174	0.6196943887323679	0.8262470709350941	1.0327898745474084	0.07186535228262561	0.2784358303518767	0.4849998614461489	0.6915589131670753	0.8981128111983805	1.104659993496236	0.14372530181757978	0.3502943177226991	0.5568576149309475	0.7634167458342138	0.9699723243359921	1.1765242995286649	0.21558082359190095	0.42214791926759715	0.6287102667213719	0.8352695606583677	1.0418268761778886	1.2483829616171147	0.2874330182056483	0.49399813242266305	0.7005596896636577	0.907119115985392	1.1136776890791522	1.320236830702079	0.35928190472568766	0.5658462222301424	0.7724076666687465	0.9789670880709374	1.1855259294668612	1.3920861667756457	0.0	0.0	0.0	0.0	0.0	0.0	0.19363711552633267	0.19364363776364688	0.19364848287494976	0.19365338639737426	0.19365989962474148	0.19367030475183625	0.3872776592676527	0.3872896834756776	0.38729886994832013	0.3873080174141937	0.38731999411202406	0.38733808892636384	0.5809221272855041	0.5809383395333576	0.5809509044023874	0.5809634121602596	0.5809794088337329	0.5810026574743304	0.7745703489083293	0.7745893076373924	0.7746042593904305	0.7746192284884299	0.7746379230081853	0.7746642646785067	0.9682212418593015	0.9682416772381714	0.9682585572204171	0.9682755315087367	0.9682961057979537	0.9683238751528206
0.0	0.20660722480427424	0.4132081223596433	0.6198035948421264	0.8263926018963884	1.0329716576513939	0.07206132615748262	0.27866823216447395	0.48526865494821114	0.6918640698098384	0.8984543000075436	1.1050377730770167	0.14411720887166496	0.350722642050806	0.5573223224956094	0.7639178137315632	0.9705097349540881	1.1770980378527554	0.2161686339117486	0.4227721347689715	0.629370857500656	0.8359665110363388	1.0425601802795696	1.2491526221762348	0.2882167119425323	0.4948182184992147	0.7014161446551148	0.9080119302685932	1.1146068648354357	1.3212023827492714	0.3602614629254575	0.5668621673870982	0.7734599790485894	0.9800557579303952	1.186650960756342	1.393247580229284	0.0	0.0	0.0	0.0	0.0	0.0	0.1936029651425949	0.19360951953900435	0.1936143907647854	0.1936193237641154	0.1936258798146324	0.1936363574427058	0.38720938462425897	0.3872214695400945	0.38723070542906923	0.3872399071802294	0.38725196117536953	0.3872701784316854	0.5808197545265991	0.5808360504859007	0.580848682993624	0.5808612642680528	0.580877362616053	0.5809007649004921	0.774433902583034	0.7744529605807834	0.7744679927322111	0.7744830489469414	0.7745018607706793	0.7745283739328179	0.9680507396213268	0.968071282831178	0.9680882538843419	0.9681053262859193	0.9681260277736704	0.9681539760547606
0.0	0.20664378576511727	0.4132812100001065	0.6199131759693267	0.8265386326013481	1.0331540648673836	0.07225740814890572	0.27890086704740813	0.48553780641277133	0.6921697092408586	0.8987963963409277	1.1054162847963722	0.14450933192519835	0.3511513072669621	0.5577874957589477	0.7644194721000206	0.9710478608061054	1.1776726162100863	0.21675676797564117	0.42339679885801856	0.630032021626742	0.8366641595092561	1.0432943072717786	1.2499232305386343	0.289000837103294	0.49563886079517316	0.7022732805890013	0.9089055502298284	1.1155369710879226	1.3221689902677694	0.36124156018240794	0.5678787763732385	0.7745130799629779	0.981145341035235	1.1877770300915904	1.3944101567088287	0.0	0.0	0.0	0.0	0.0	0.0	0.19356870970121945	0.19357529626565131	0.19358019365268983	0.19358515621703484	0.1935917552501871	0.19360230568007192	0.3871408999984117	0.3871530456622787	0.38716233105452486	0.38717158724745054	0.3871837188143391	0.387202058980913	0.580717066954994	0.5807334467110816	0.580746146980033	0.5807588019785875	0.580775002349106	0.5807985588248911	0.7742970367006909	0.7743161940899331	0.7743313067889944	0.7743464503625026	0.7743653798811491	0.7743920651189196	0.9678797131468605	0.9679003643349284	0.9679174266359212	0.9679345974206361	0.9679554265174898	0.967983554317423
0.0	0.20668047210446794	0.4133545483399668	0.6200231330068935	0.8266851642402784	1.0333370976821017	0.07245359869445571	0.2791337357343914	0.48580731687033385	0.6924758327876718	0.8991391018232172	1.1057955305763971	0.14490167185226036	0.3515803145410289	0.5582531361870674	0.7649217227022919	0.9715867039517535	1.1782480369581603	0.21734522709371004	0.4240219131405922	0.6306937610015111	0.837362508275418	1.044029259649752	1.2506947894973148	0.289785395434027	0.4964600613523222	0.7031310998030417	0.9097999785031936	1.1164680107676317	1.3231366564862	0.3622221986787025	0.5688960516663734	0.7755669721855887	0.9822358404554109	1.1889041408394043	1.3955738998785447	0.0	0.0	0.0	0.0	0.0	0.0	0.19353434904231984	0.1935409677829168	0.19354589137772407	0.19355088359511133	0.19355752577042348	0.19356814930319716	0.38707220507064044	0.38708441152150463	0.3870937465034396	0.3871030572944449	0.3871152667075077	0.3871337302526569	0.5806140640915908	0.5806305277283598	0.5806432958804209	0.5806560248104582	0.5806723275514064	0.5806960387657208	0.7741597506225366	0.7741790075245724	0.7741942009198118	0.7742094320939302	0.7742284796982969	0.7742553375949247	0.967708161637485	0.9677289209495017	0.9677460746745351	0.9677633441120549	0.9677843012284316	0.9678126091391164
0.0	0.20671728412123086	0.41342813797745886	0.6201334668523238	0.8268321980095812	1.0335207575898917	0.07264989823328236	0.27936683896224423	0.486077187356033	0.692782441783966	0.8994824180867711	1.1061755123483856	0.1452942295301056	0.3520096650475602	0.5587192452522857	0.7654245673088166	0.9721262664599976	1.1788243024652596	0.21793401258084505	0.424647479228823	0.6313560775346411	0.8380615595424412	1.0447650399195658	1.2514673018576394	0.2905703886871718	0.49728182222031103	0.7039896046443466	0.9106952177336934	1.1173999868180124	1.3241053846471411	0.3632033806044304	0.569913995753757	0.7766216585010645	0.9833272592733672	1.1900322963805947	1.39673881341823	0.0	0.0	0.0	0.0	0.0	0.0	0.193499883005276	0.1935065339293962	0.19351148377821561	0.19351650573658913	0.19352319121362313	0.19353388815060438	0.3870032995200061	0.3870155667955784	0.3870249514530981	0.3870343169983313	0.3870466045319784	0.38706519192404915	0.5805107454550867	0.580527293054991	0.5805401292113914	0.5805529322800566	0.580569337739263	0.5805932042389599	0.7740220437068663	0.7740414002414918	0.7740566744807561	0.7740719934971028	0.7740911595778833	0.7741181907159947	0.9675360842911038	0.9675569518712998	0.9675741971958889	0.9675915655556686	0.9676126511018389	0.9676411397144626
0.0	0.20675422211584285	0.41350197951388123	0.620244178407711	0.8269797351117859	1.0337050460927555	0.07284630720611726	0.27960017747089627	0.48634741890964184	0.6930895375695979	0.8998263467716472	1.106556232052863	0.14568700583915253	0.3524393599657996	0.5591858244331379	0.7659280076977815	0.9726665504090788	1.179401415110474	0.21852312575668062	0.42527349874111237	0.6320189731436089	0.8387613155272702	1.0455016505981534	1.252240770437357	0.291355818621492	0.49810414545663884	0.7048487974694054	0.9115912705772413	1.1183329021949522	1.325075178007136	0.3641851081575931	0.5709326111320832	0.7776771417050168	0.9844196005840481	1.1911615001100033	1.3979049010232407	0.0	0.0	0.0	0.0	0.0	0.0	0.19346531142873125	0.19347199454294825	0.19347697069175543	0.19348202247897542	0.19348875141732866	0.19349952206007437	0.38693418302409555	0.38694651116083245	0.38695594557931157	0.38696536603475434	0.3869777319633772	0.38699644367073804	0.580407110561966	0.5804237422060188	0.5804366464873372	0.5804495239015622	0.5804660324267688	0.5804900547583624	0.7738839153090222	0.7739033715945306	0.7739187268249701	0.773934133924949	0.773953418872716	0.7739806238343282	0.9673634803019278	0.967384456293033	0.9674017933919979	0.9674192609432816	0.967440475329363	0.967469145234382
0.0	0.2067912863902856	0.4135760735536225	0.6203552685797823	0.8271277767556007	1.0338899647004165	0.0730428260553088	0.2798337520034338	0.4866180125756324	0.6933971214906655	0.9001708895256878	1.1069376916396847	0.1460800016630501	0.35286940047975984	0.5596528752144695	0.7664320456552248	0.9732075578866326	1.1799793772838316	0.21911256794569273	0.4258999733022417	0.6326824497538124	0.8394617784563123	1.0462390942134523	1.2530151980667636	0.29214168700220283	0.4989270331267952	0.7057086806442397	0.9124881397008253	1.1192667598669555	1.3260460398368852	0.3651673835442411	0.5719519003076337	0.7787334246041879	0.9855128674950729	1.1922917554366912	1.3990721664046923	0.0	0.0	0.0	0.0	0.0	0.0	0.19343063415058476	0.1934373494606876	0.19344235195519058	0.1934474336590326	0.19345420621833595	0.19346505086863774	0.38686485525900616	0.38687724429211007	0.3868867285564025	0.38689620407786923	0.3869086486758374	0.38692748516687286	0.5803031589264772	0.580319874694252	0.5803328472204166	0.5803457991869205	0.5803624111257789	0.580386589835436	0.7737453647813639	0.7737649209345465	0.7737803573026166	0.7737958527274177	0.7738152569326192	0.7738426362991304	0.9671903488604368	0.967211433403683	0.9672288624511507	0.9672464294629716	0.9672677730989263	0.9672966248860557
0.0	0.2068284772480887	0.4136504207041667	0.620466738279908	0.8272763241559236	1.0340755149303344	0.07323945522480858	0.28006756330608923	0.48688896940316817	0.6937051948995039	0.900516048004518	1.1073198930680368	0.14647321788865095	0.3532997877781989	0.5601203990874151	0.7669366829750187	0.9737492909896732	1.1805581913862868	0.21970234047716258	0.42652690454333964	0.6333465092985404	0.8401629505654107	1.0469773733043815	1.2537905875886801	0.29292799560092264	0.4997504873042153	0.7065692565443611	0.9133858277824694	1.1202015628151083	1.3270179734212137	0.36615020897843414	0.5729718657962423	0.7797905100164174	0.986607063126705	1.1934230657839102	1.400240613289434	0.0	0.0	0.0	0.0	0.0	0.0	0.1933958510079934	0.1934025985189866	0.19340762740462597	0.1934127391127803	0.1934195554526963	0.1934304744125773	0.38679531589934957	0.38680776586276916	0.38681730005720844	0.38682683080034524	0.38683935434200367	0.38685831608510796	0.5801988900606381	0.5802156900302698	0.5802287309205596	0.5802417576458478	0.5802584733459165	0.5802828089794473	0.7736063914732746	0.7736260476094227	0.7736415652608858	0.7736571492514851	0.7736766731044417	0.7737042274566207	0.9670166891533885	0.9670378823885103	0.9670554035579171	0.967073070299099	0.9670945435947315	0.9671235778529351
0.0	0.20686579499434182	0.41372502157611796	0.6205785884241378	0.827425378533892	1.034261698307767	0.07343619516018898	0.2803016121282712	0.4871602904461462	0.6940137591547395	0.9008618238716126	1.1077028383065157	0.14686665540604849	0.3537305230546699	0.5605883975494602	0.7674419214589433	0.9742917518246801	1.1811378598298181	0.22029244468522854	0.42715429410194605	0.6340111537190493	0.8408648340999327	1.0477164904209406	1.2545669418585665	0.2937147461957463	0.5005745100703651	0.707430527554869	0.9142843375113434	1.1211373140332002	1.3279909820592053	0.36713358668232876	0.5739925101233943	0.7808484007707541	0.9877021906119766	1.1945554345892406	1.4014102454201984	0.0	0.0	0.0	0.0	0.0	0.0	0.19336096183736448	0.19336774155346828	0.1933727968754174	0.19337793867548822	0.19338479895570915	0.1933957925274208	0.3867255646182373	0.3867380755446682	0.38674765975306785	0.386757245873352	0.3867698486330179	0.3867889360965882	0.5800943034742148	0.5801111877224012	0.5801242970954467	0.5801373987858104	0.580154218594551	0.5801787116974007	0.7734669947311331	0.7734867509640391	0.7735023500439662	0.7735180228411267	0.773537666732028	0.7735653966500048	0.9668425003637832	0.9668638024290204	0.9668814158931135	0.9668991826322714	0.9669207859972259	0.9669500033147066
0.0	0.206903239935702	0.41379987678321506	0.6206908199332232	0.8275749411169112	1.0344485163658053	0.07363304630866177	0.28053589922259003	0.48743197676323	0.6943228156213301	0.901208218798343	1.108086529333182	0.14726031510861348	0.35416160750756404	0.5610568721044923	0.7679477629167445	0.9748349425076631	1.181718385037501	0.2208828819089444	0.42778214362207745	0.6346763849646352	0.8415674313148502	1.0484564481242984	1.255344263744615	0.2945019405713213	0.5013991035148253	0.7082924960705412	0.915183671587861	1.122074016527829	1.3289650690643142	0.36811751888626	0.5750138358243155	0.781907099707552	0.9887982530967921	1.1956888653047002	1.4025810665557181	0.0	0.0	0.0	0.0	0.0	0.0	0.19332596647435393	0.19333277839900415	0.19333786020216928	0.19334303218167395	0.19334993656192	0.19336100504793863	0.38665560108727676	0.3866681730081619	0.38667780731381585	0.38668744896655477	0.3867001312185147	0.386719344870945	0.5799893986747151	0.5800063672767174	0.5800195452505019	0.580032722112018	0.5800496463767919	0.5800742974940317	0.7733271738983055	0.7733470303402649	0.7733627109930371	0.7733784728373084	0.7733982371562099	0.7734261432194653	0.9666677816708531	0.9666891927029521	0.966706898633792	0.966724765639333	0.9667464994830909	0.9667759004472802
0.0	0.20694081238040204	0.41387498694234837	0.6208034337326421	0.8277250131386887	1.0346359706454162	0.07383000911907367	0.280770425344862	0.4877040294178625	0.6946323656705865	0.9015552344640073	1.108470968135599	0.14765419789298367	0.3545930423401095	0.5615258242628074	0.7684542091661495	0.9753788651641865	1.1822997694435409	0.22147365349226072	0.428410454754217	0.635342204992633	0.842270744474746	1.0491972489868073	1.2561225561277751	0.29528958051881643	0.5022242697352678	0.7091551644958198	0.9160838327236733	1.1230116733184032	1.3299402377643774	0.36910200782872155	0.5760358454439611	0.7829666096784681	0.9898952537399337	1.1968233613967598	1.4037530804707499	0.0	0.0	0.0	0.0	0.0	0.0	0.19329086475386248	0.19329770888971087	0.19330281721873147	0.19330801946509973	0.19331496810511706	0.1933261118081405	0.38658542497656384	0.3865980579220943	0.38660774240777734	0.38661743974810797	0.38663020176661483	0.3866495420762892	0.5798841751673784	0.5799012281970227	0.5799144748888835	0.5799277271274135	0.5799447561954787	0.5799695658717973	0.773186928315131	0.7732068850769438	0.7732226474462542	0.7732384985779733	0.7732583837147934	0.773286466502149	0.966492532250045	0.9665140523842608	0.9665318509532235	0.9665498184933473	0.9665716832252249	0.9666012684227735
0.0	0.20697851263825967	0.4139503526735775	0.620916430752626	0.8278755958392695	1.0348240626954879	0.07402708404192697	0.2810051912541391	0.4879764494783042	0.6949424106802193	0.9019028725558863	1.1088561567108983	0.1480483046591063	0.3550248287604227	0.5619952555411706	0.7689612620329362	0.975923521929447	1.1828820154933593	0.22206476078409215	0.42903922915539083	0.6360086157685013	0.8429747758539085	1.0499388955921074	1.2569018219018648	0.2960776678360235	0.5030500108375668	0.7100185352449307	0.9169848236417986	1.1239502874372813	1.33091649150176	0.3700870557564778	0.5770585415371365	0.784026933546592	0.9909931957132004	1.1979589263464914	1.4049262909562308	0.0	0.0	0.0	0.0	0.0	0.0	0.1932556565100321	0.19326253285894648	0.1932676677581953	0.19327290035876868	0.19327989341832752	0.193291112641272	0.38651503595467596	0.38652772995379137	0.38653746470175976	0.38654721788464774	0.3865600599439178	0.38657952737920415	0.5797786324551643	0.5797957699848427	0.5798090855114716	0.579822413332662	0.5798395475511693	0.579864516330864	0.773046257318907	0.7730663145098796	0.7730821587387352	0.7730980993980264	0.7731181057425428	0.7731463658321515	0.9663167512730013	0.9663383806430997	0.9663562720208784	0.9663743403635787	0.9663963363927247	0.966426106409492
0.0	0.20701634102068614	0.4140259746001493	0.6210298119281865	0.8280266904650713	1.0350127940728724	0.07422427152938277	0.28124019771272074	0.4882492380176544	0.6952529520343691	0.9022511347692824	1.109242097065826	0.14844263631024446	0.3554569679815233	0.5624651674628403	0.7694689233509661	0.9764689149483157	1.1834651256436444	0.2226562051383231	0.4296684684891825	0.6366756192658459	0.8436795277363637	1.0506813905351664	1.2576820639736206	0.2968662043273543	0.5038763289358048	0.7108826107418983	0.9178866470766447	1.1248898619298018	1.331893833633397	0.37107266492457125	0.5780819266685133	0.7850880741864712	0.9920920822014422	1.19909556364961	1.40610070181933	0.0	0.0	0.0	0.0	0.0	0.0	0.19322034157624235	0.19322725013930683	0.19323241165289018	0.19323767469492115	0.19324471233381396	0.19325600737981063	0.3864444336886644	0.38645718876905366	0.3864669738610455	0.38647678304128447	0.3864897054154943	0.38650930044473786	0.579672770038741	0.5796899921394135	0.5797033766168584	0.5797167802261401	0.5797340199421298	0.5797591483690978	0.7729051602438745	0.7729253179718216	0.7729412442025446	0.7729572746293202	0.7729774025711672	0.7730058405405026	0.9661404379075422	0.9661621766458015	0.966180161002409	0.9661983304154744	0.9662204581508673	0.966250413571912
0.0	0.20705429784069487	0.41410185334851435	0.6211435781991405	0.8281782982689188	1.0352021663424291	0.07442157203527569	0.28147544548617737	0.48852239611388265	0.6955639911236464	0.9026000228075679	1.109628791216801	0.1488371937530072	0.35588946122137327	0.5629355615576147	0.7699771949622394	0.9770150463754018	1.1840491023624242	0.22324798791385425	0.43029817442578794	0.6373432174664831	0.8443850024159472	1.051424736422361	1.2584632852627866	0.29765519180390665	0.5047032261523468	0.7117473934206286	0.9187893057741013	1.1258303998543848	1.3328722675309017	0.37205883759639496	0.579106003412711	0.7861500344842002	0.9931919164026577	1.2002332768165802	1.4072763168835631	0.0	0.0	0.0	0.0	0.0	0.0	0.19318491978510713	0.1931918605626223	0.19319704873438032	0.1932023423050316	0.19320942468307106	0.19322079585546273	0.38637361784404783	0.3863864340321502	0.386396269549386	0.3864061348815967	0.3864191378448804	0.38643886093639707	0.5795665874164767	0.5795838941576722	0.579597347701338	0.5796108273039255	0.5796281728643246	0.5796534614820542	0.7727636364212053	0.7727838947924517	0.7727999031666817	0.7728160236006422	0.7728362735293072	0.772864889955154	0.9659635913176492	0.9659854395548624	0.9660035170596336	0.9660217878106482	0.9660440476610942	0.966074189070664
0.0	0.20709238341291097	0.41417798954834684	0.6212577305101391	0.8283304205100819	1.0353921810770728	0.07461898601512171	0.2817109353433677	0.48879592484985623	0.6958755293451688	0.9029495383822316	1.1100162411899706	0.14923197789736437	0.3563223097029009	0.5634064393618671	0.7704860787169396	0.9775619183751065	1.1846339481291295	0.22384011047462818	0.430928348642051	0.638011412360485	0.845091202196359	1.052168935871541	1.2592454887021884	0.29844463208350086	0.5055307046178865	0.7126128857249651	0.9196928024916053	1.126771904282607	1.3338517965806505	0.3730455760437437	0.5801307743543573	0.7872128173374916	0.9942927015280748	1.2013720693727077	1.4084531399888933	0.0	0.0	0.0	0.0	0.0	0.0	0.19314939096847028	0.1931563639599536	0.1931615788334604	0.1931669030198043	0.1931740302968215	0.19318547789915927	0.3863025880848039	0.38631546540580924	0.38632535142899255	0.3863352730676222	0.38634835689406827	0.3863682085161385	0.579460084084426	0.5794774755342436	0.5794909982588934	0.5795045540597851	0.579522005811403	0.5795474551629652	0.7726216851789842	0.7726420442983666	0.7726581349570626	0.772674345637697	0.7726947179425175	0.7727235134009617	0.9657862106634431	0.9658081685289202	0.9658263393505142	0.9658447117068586	0.9658671040809891	0.965897432062511
0.0	0.20713059805357958	0.41425438383256047	0.6213722698106928	0.8284830584543087	1.035582839857814	0.07481651392613364	0.2819466680564627	0.4890698253133717	0.6961875681026007	0.9032996832129271	1.1104044490212666	0.14962698965667784	0.3567555146540407	0.5638778024185922	0.7709955764734889	0.9781095331216867	1.1852196654346654	0.22443257418967083	0.4315589928215129	0.6386802059462371	0.8457981293912294	1.0529139915121029	1.2600286772378155	0.299234526990728	0.5063587664715032	0.7134790901087532	0.9205971399982136	1.127714378299282	1.3348324241838716	0.3740328825468726	0.581156242088155	0.788276425655751	0.9953944408022336	1.2025119448582284	1.4096311749918289	0.0	0.0	0.0	0.0	0.0	0.0	0.1931137549574027	0.19312076016158866	0.19312600178015274	0.19313135666917028	0.1931385290050128	0.19315005334105267	0.38623134407336285	0.386244282551213	0.3862542191605309	0.3862641972598525	0.3862773622235008	0.3862973428443628	0.5793532595363207	0.5793707357614315	0.5793843277811879	0.5793979599851651	0.5794155182746912	0.5794411289027306	0.7724793058421977	0.7724997658130667	0.7725159388965088	0.7725322400630953	0.7725527351332556	0.7725817101996743	0.96560829510117	0.9656303627227399	0.9656486270291422	0.9656671012579948	0.9656896265642639	0.9657201417003344
0.0	0.2071689420805747	0.41433103683732647	0.6214871970551972	0.8286362133738608	1.0357741442738038	0.07501415622721821	0.2821826444009512	0.48934409859717004	0.6965001088061774	0.9036504590275056	1.1107934167564477	0.15002222994769435	0.35718907730773486	0.564349652277418	0.7715056900985678	0.9786578927992835	1.1858062567814494	0.22502538043308418	0.4321901086544139	0.6393496002304492	0.8465057863241386	1.0536599059850194	1.260812853828858	0.30002487835695313	0.5071874138606733	0.7143460090358618	0.9215023210746328	1.1286578250025	1.3358141537566937	0.37502075939450613	0.5821824092188999	0.7893408623601034	0.9964971374630226	1.2036529068283546	1.410810425765478	0.0	0.0	0.0	0.0	0.0	0.0	0.19307801158219884	0.1930850489970394	0.19309031740370375	0.19309570308228405	0.19310292063681403	0.19311452201051368	0.38615988547060104	0.3861728851279904	0.386182872403114	0.3861929071172256	0.3862061534920645	0.3862262635799079	0.5792461132635598	0.5792636743292086	0.5792773357575547	0.5792910445691819	0.5793087097431815	0.5793344821899076	0.7723364977327196	0.7723570586569419	0.7723733143047333	0.7723897061963395	0.7724103244208677	0.7724394796699191	0.9654298437831831	0.9654520212871963	0.9654703792457211	0.9654889556140589	0.9655116142607412	0.9655423171331161
0.0	0.20720741581340824	0.4144079492020915	0.6216025132029604	0.8287898865475496	1.0359660959223789	0.07521191337899803	0.2824188651556713	0.4896187457989768	0.6968131528727539	0.9040018675620739	1.111183146451166	0.15041769969059346	0.35762299890199045	0.5648219904946711	0.7720164214671904	0.9792069996020067	1.1863937246835043	0.22561853058411943	0.4328216978377757	0.6400195972282462	0.847214175328717	1.0544066819429478	1.2615980214478262	0.30081568802039743	0.508016648941362	0.715213644980283	0.9224083485133294	1.1296022475037455	1.3367969887302729	0.37600920888393397	0.5832092783615863	0.790406130383508	0.9976007947618013	1.204794958853407	1.4119908961996908	0.0	0.0	0.0	0.0	0.0	0.0	0.19304216067237295	0.19304923029503793	0.19305452553258035	0.1930599420875199	0.1930672050206121	0.19307888373612747	0.38608821193583315	0.3861012727942098	0.38611131081429506	0.38612140229711883	0.3861347303570822	0.3861549703800416	0.5791386447551983	0.5791562907252048	0.5791700216749858	0.57918380729861	0.5792015797035212	0.5792275145107	0.7721932601692965	0.772213922147257	0.772230260498326	0.7722467433538093	0.772267485121574	0.7722968211271879	0.9652508558579246	0.9652731433692553	0.9652915951465482	0.9653102739211477	0.9653330663163359	0.9653639575059207
0.0	0.20724601957324054	0.414485121569599	0.6217182192182353	0.8289440792607781	1.036158696409114	0.07540978584382516	0.28265533110283425	0.4898937680215366	0.6971267017258505	0.9043539105610497	1.1115736401710328	0.15081339980900993	0.35805728067991244	0.5652948186334207	0.7725277724627584	0.9797568557339991	1.1869820716665334	0.22621202602720467	0.4334537620754396	0.6406901989632177	0.8479232987487044	1.0551543220503006	1.2623841830806295	0.30160695782618374	0.5088464738780794	0.7160820004261993	0.9233152251186061	1.1305476489279864	1.3377809325508905	0.3769982333210677	0.5842368521414737	0.7914722326708358	0.9987054159634892	1.205938104518914	1.4131725902011663	0.0	0.0	0.0	0.0	0.0	0.0	0.1930062020566542	0.1930133038835316	0.19301862599446504	0.19302407351246692	0.19303138198400688	0.19304313834568881	0.38601632312680234	0.38602944520636895	0.3860395340500573	0.3860496824553391	0.38606309247430326	0.38608346290045176	0.5790308534979319	0.579048584434693	0.5790623850181172	0.5790762476578677	0.5790941276399982	0.5791202253489433	0.7720495924675275	0.7720703555981315	0.7720867767907335	0.7721033508487416	0.7721242165484491	0.7721537338838169	0.9650713304699008	0.9650937281119492	0.9651122738739891	0.9651310553214276	0.9651539818730304	0.9651850619598706
0.0	0.2072847536828876	0.4145625545859031	0.62183431607024	0.8290987928055693	1.0363519473478582	0.07560777408577343	0.28289204302802423	0.49016916637261987	0.697440756795666	0.9047065897771833	1.111964899991648	0.15120933123002137	0.3584919238896982	0.5657681382634802	0.77303974497707	0.9803074634094524	1.187571300267943	0.2268058681519338	0.43408630307806256	0.6413614074674201	0.8486331589379608	1.055902828983262	1.263171341726602	0.3023986896263242	0.5096768908438749	0.7169510778679853	0.9242229537066116	1.1314940324136884	1.3387659886799772	0.37798783502043604	0.5852651331940891	0.7925391721788785	0.9998110043465819	1.2070823474256338	1.414355511693486	0.0	0.0	0.0	0.0	0.0	0.0	0.19297013556298484	0.19297726958968134	0.19298261861625415	0.19298809718392737	0.1929954513538094	0.19300728566620026	0.3859442186996768	0.3859574020193917	0.38596754176481074	0.3859777472461193	0.38599123949790015	0.3860117407952427	0.5789227389760927	0.5789405549405835	0.5789544252692239	0.578968365129012	0.5789863530345357	0.5790126141860993	0.7719054939398576	0.7719263583205331	0.7719428624922525	0.7719595279912241	0.7719805180114149	0.7720102172489794	0.9648912667596732	0.964913774654368	0.9649324145664703	0.9649512989531268	0.964974360068866	0.9650056296321371
0.0	0.20732361846683114	0.4146402489003891	0.6219508047331885	0.8292540284806078	1.036545850360784	0.07580587857067249	0.28312900172024225	0.49044494196507715	0.697755319519143	0.9050599069716317	1.1123569279986838	0.15160549488421618	0.35892692978471596	0.5662419509614955	0.7735523409104186	0.9808588248527165	1.188161413036963	0.2274000583531637	0.4347193225632244	0.6420332247814954	0.8493437582605934	1.0566522054299268	1.2639595003986503	0.30319088527984067	0.5105079020204685	0.7178208798103485	0.925131537105491	1.132441401112977	1.3397521605942841	0.3789780163053192	0.5862941241653721	0.7936069518765041	1.0009175632033165	1.208227691189732	1.415539664617298	0.0	0.0	0.0	0.0	0.0	0.0	0.19293396101851562	0.19294112723985704	0.1929465032240533	0.19295201292791203	0.19295941295603733	0.19297132552386753	0.3858718983090405	0.38588514288661885	0.3858953336113828	0.3859055963221089	0.385919171080459	0.385939803716926	0.5788143006716339	0.5788322017234101	0.5788461419082056	0.5788601591917244	0.5788782553666778	0.5789046805012426	0.7717609638955591	0.7717819296222589	0.7717985169100116	0.7718152740881766	0.7718363888172225	0.7718662705286684	0.9647106638638353	0.9647332821316364	0.9647520163584548	0.9647710039505113	0.9647942000379202	0.9648256596559176
0.0	0.20736261425123004	0.4147182051657962	0.6220676861863251	0.8294097875912838	1.0367404070784458	0.07600409976610363	0.28336620797191353	0.49072109591685775	0.6980703913399972	0.9054138639140001	1.1127497262879371	0.15200189170568282	0.3593622996235053	0.5667162583109576	0.7740655621716162	0.9814109422983336	1.1887524125346907	0.22799459803099778	0.43535282225542293	0.6427056529546764	0.8500550990909751	1.057402454090329	1.2647486621232937	0.30398354665275285	0.5113395095982493	0.71869140876834	0.9260409781554088	1.1333897581916719	1.3407394517859268	0.3799687795077449	0.5873238277116816	0.7946755747446754	1.002025095839702	1.2093741394428217	1.4167250529303692	0.0	0.0	0.0	0.0	0.0	0.0	0.19289767824960014	0.19290487665963196	0.19291027964317176	0.19291582056963466	0.19292326661590944	0.19293525774409429	0.3857993616078818	0.3858126674597967	0.3858229092410073	0.3858332293343635	0.38584688687296875	0.3858676513164097	0.578705538064114	0.5787235242613138	0.5787375344125706	0.5787516293232946	0.5787698341135739	0.5787964237710438	0.771616001640709	0.7716370688079132	0.7716537393479482	0.7716705884433286	0.7716918282694295	0.7717218930256734	0.964529520914985	0.9645522496748861	0.9645710783804151	0.9645901694438576	0.9646135009102781	0.9646451511604079
0.0	0.20740174136392572	0.4147964240382285	0.6221849614139405	0.8295660714497155	1.036935619139806	0.07620243814140994	0.2836036625789031	0.49099762935103086	0.698385973708744	0.9057684623823735	1.1131432969653678	0.15239852263203402	0.359798034669807	0.5671910619022371	0.7745794106780337	0.9819638179910846	1.1893443013341434	0.2285894885908279	0.43598680388612154	0.6433786940448404	0.8507671838138021	1.0581535776765054	1.265538829940733	0.304776675618126	0.5121717157763298	0.7195626672674137	0.9269512797086118	1.134339106829355	1.3417278657624616	0.3809601269685485	0.5883542464998621	0.795745043776521	1.0031336055755944	1.2105216958320453	1.417911680607674	0.0	0.0	0.0	0.0	0.0	0.0	0.19286128708179484	0.19286851767378269	0.1928739476981225	0.19287951993351202	0.1928870121578455	0.19289908215148163	0.3857266082475934	0.38573997538907717	0.38575026830332454	0.38576064593234394	0.38577438652482116	0.385795283242998	0.5785964506306963	0.578614522030042	0.578628602257435	0.5786427749986202	0.5786610887499775	0.5786878434697695	0.7714706064781888	0.7714917751789072	0.7715085291068094	0.7715254703572192	0.7715468356684003	0.7715770840395808	0.9643478370417236	0.9643706764112544	0.9643895997588328	0.964408794559452	0.964432261812033	0.964464103270802
0.0	0.2074410001344541	0.4148749061771783	0.6223026314054073	0.8297228813747968	1.0371314881922948	0.07640089416771102	0.2838413663405427	0.491274543395824	0.6987020680827494	0.9061237041633796	1.1135376421471723	0.15279538860443256	0.3602341361926005	0.5676663633326342	0.7750938883556631	0.9825174541860624	1.1899370820203445	0.22918473144336549	0.4366212691937919	0.6440523501185638	0.8514800148241615	1.0589055789125748	1.2663300069049426	0.30557027405611825	0.5130045227626046	0.7204346578434971	0.927862444629514	1.1352894502194666	1.342717406046992	0.3819520610374294	0.589385383207312	0.7968153619774159	1.0042430957447916	1.2116703640201794	1.4190995516415095	0.0	0.0	0.0	0.0	0.0	0.0	0.19282478733985278	0.19283205010628304	0.19283750721261605	0.19284311084315767	0.19285064940546018	0.19286279856982225	0.3856536378779601	0.3856670663230054	0.3856774104463686	0.3856878457639047	0.38570166968379815	0.3857226991443789	0.5784870378461303	0.5785051945029306	0.5785193449155047	0.5785335956901881	0.5785520187482287	0.5785789390692639	0.7713247777076596	0.7713460480334344	0.7713628854841265	0.7713799191271727	0.7714014103112813	0.7714318428667492	0.9641656113686253	0.964188561463855	0.9642075796161673	0.9642268784195608	0.9642504818652554	0.9642825151082612
0.0	0.2074803908940552	0.4149536522455461	0.622420697155209	0.8298802186922352	1.0373280158918579	0.07659946831791861	0.2840793200596554	0.49155183918465806	0.6990186759262739	0.9064795910522424	1.1139327639598475	0.1531924905676262	0.3606706054661487	0.5681421642064327	0.7756089971391803	0.9830718531487456	1.1905307571904047	0.22978032800470088	0.43725621992398317	0.6447266232512006	0.8521935945276188	1.0596584605348356	1.2671221960837757	0.30636434385405864	0.5138379327738379	0.7213073830430887	0.9287744757948017	1.1362407915694217	1.3437080761782942	0.38294458407304355	0.5904172405220851	0.7978865323650927	1.005353569695152	1.2128201476857658	1.4202886700416368	0.0	0.0	0.0	0.0	0.0	0.0	0.19278817884771993	0.19279547378030035	0.19280095800955677	0.1928065931213783	0.19281417818155938	0.1928264068220967	0.38558045014715103	0.38559393990851243	0.3856043353165603	0.38561482847528594	0.38562873599606473	0.385649898666617	0.5783772991827405	0.5783955411508923	0.5784097618570644	0.5784240908680638	0.5784426235782423	0.5784697100389372	0.7711785146255475	0.7711998866664557	0.7712168077742	0.7712339340472835	0.7712555514919857	0.7712861688002941	0.9639828430162185	0.9640059039517579	0.9640250170708378	0.9640444201424102	0.9640681601879738	0.9641003857898953
0.0	0.20751991397568337	0.41503266290966007	0.6225391596629704	0.8300380847345928	1.0375252039030076	0.07679816106674205	0.28431752454257203	0.49182951785617296	0.6993357987105089	0.9068361248528286	1.114328664540247	0.15358982946995425	0.3611074437700147	0.5686184661349271	0.7761247389719832	0.9836270171550451	1.1911253294535809	0.23037627969630717	0.4378916578293358	0.6454015155269069	0.8529079253402528	1.06041222529181	1.267915400559021	0.3071588869064463	0.5146719480356734	0.7221808454232775	0.9296873760934646	1.1371931341006494	1.344699879710868	0.38393769844300885	0.5914498211429069	0.798958557969668	1.006465030788633	1.2139710505231576	1.4214790398353367	0.0	0.0	0.0	0.0	0.0	0.0	0.19275146142853064	0.1927587885181909	0.19276429991103838	0.19276996659016926	0.1927775983081357	0.19278990673046872	0.385507044701711	0.385520595790906	0.385531042558698	0.385541593711105	0.38555558510615995	0.38557688145414415	0.5782672341104129	0.5782855614424036	0.5782998525499635	0.5783142599998775	0.5783329027074949	0.5783601558457528	0.7710318165250255	0.7710532903696813	0.7710702952680827	0.7710875144083981	0.7711092585011761	0.7711400611300709	0.9637995311009634	0.963822702989968	0.9638419112372005	0.9638614188421654	0.9638852958941532	0.9639177144287409
0.0	0.20755956971401543	0.41511193883929326	0.6226580199334825	0.8301964808413195	1.037723053898864	0.07699697289069837	0.284555980599149	0.4921075805542546	0.6996534379136116	0.9071933073776908	1.1147253460356323	0.15398740626337168	0.3615446523890941	0.569095270736463	0.7766411158062402	0.984182948491362	1.1917208014313405	0.2309725879450793	0.4385275846696293	0.6460770290386968	0.8536230096887195	1.0611668759443167	1.2687096234264816	0.30795390511501064	0.5155065707827022	0.7230550475518199	0.93060114842688	1.1381464810486868	1.3456928202150378	0.3849314065239804	0.5924831277792577	0.8000314418337339	1.0075774824013883	1.215123076242627	1.4226706650675267	0.0	0.0	0.0	0.0	0.0	0.0	0.19271463490460516	0.19272199414149757	0.1927275327383415	0.19273323107071214	0.19274090960636603	0.19275329811628306	0.38543342118655505	0.3854470336138658	0.38545753181595294	0.3854681411143513	0.38548221665699184	0.3855036471497551	0.5781568420965874	0.578175254843497	0.5781896164596094	0.5782041025508171	0.5782228556010173	0.5782502759542196	0.7708846826960031	0.770906258431561	0.7709233472535689	0.7709406594981056	0.7709625306262544	0.7709935191426645	0.963615674735239	0.9636389576894118	0.9636582612255364	0.963677873628917	0.9637018880936822	0.9637345001337483
0.0	0.20759935844545974	0.415191480707681	0.622777278976729	0.8303554083587877	1.037921567561199	0.07719590426812219	0.2847946890427875	0.4923860284280621	0.6999715950207414	0.9075511404481126	1.1151228106037276	0.1543852219034674	0.3619822326136423	0.5695725796364742	0.7771581296029352	0.9847396494546412	1.1923171757574256	0.2315692541833654	0.4391640022118223	0.6467531658884909	0.8543388500103101	1.0619224152655382	1.2695048677960525	0.3087494003887516	0.5163418032585125	0.7239299920071978	0.9315157957088805	1.1391008356632548	1.3466869012770377	0.3859257107017	0.5935171631514313	0.8011051870124258	1.0086909279238476	1.2162762285704518	1.4238635498008554	0.0	0.0	0.0	0.0	0.0	0.0	0.19267769909744648	0.19268509047094667	0.19269065631193066	0.19269638638337167	0.19270411189660847	0.19271658080006213	0.3853595792449626	0.3853732530194372	0.38538380272986267	0.38539447032637997	0.3854086302898316	0.3854301953946011	0.5780461226062484	0.5780646208177518	0.5780790530489578	0.5780936179836186	0.5781124817213852	0.5781400698263829	0.7707371124251142	0.7707587901372716	0.7707759630151823	0.7707933686007252	0.7708153671513498	0.7708465421213767	0.9634312730273281	0.9634546671569226	0.9634740661420358	0.9634937836086666	0.9635179358923577	0.9635507420097666
0.0	0.20763928050816946	0.4152712891915479	0.6228969378079263	0.830514868640347	1.0381207465805036	0.07739495567918496	0.28503365069046593	0.49266486263207454	0.7002902715241195	0.9079096258941819	1.1155210604128056	0.15478327734950229	0.3624201857393261	0.5700503944675462	0.7776757823319461	0.985297122352463	1.1929144550779565	0.2321662798490134	0.4398009122301123	0.6474299281871901	0.8550554487530376	1.06267884604112	1.2703011367918324	0.3095453746439971	0.5171776477157604	0.7248056813787027	0.9324313208658513	1.1400562012083693	1.3476821264991359	0.3869206133710657	0.594551929990618	0.8021797965735182	1.0098053707608237	1.2174305112490371	1.425057698115838	0.0	0.0	0.0	0.0	0.0	0.0	0.1926406538277331	0.19264807732644082	0.19265367045144702	0.19265943234768854	0.19266720499839518	0.19267975460149908	0.3852855185185627	0.38529925364801676	0.385309854940317	0.3853205809868978	0.3853348256442988	0.38535652582817526	0.5779350751019036	0.5779536588262726	0.5779681617784911	0.5779828057585444	0.5780017805286977	0.5780295369218025	0.7705891049956882	0.7706108847686879	0.7706281418341471	0.7706456409972771	0.7706677673572893	0.7706991293461981	0.9632463250813807	0.9632698304952041	0.9632893250887619	0.9633091478832897	0.963333438391849	0.9633664391575077
0.0	0.20767933624204826	0.4153513649711188	0.623016997447541	0.8306748630463452	1.0383205926560155	0.0775941276058957	0.2852728663627464	0.4929440843261024	0.7006094689230465	0.9082687655548142	1.1159200976417165	0.15518157356441215	0.36285851306723194	0.5705287168694314	0.7781940759720646	0.985855369503069	1.1935126420514637	0.23276366638538887	0.44043831650595994	0.6481073180547053	0.8557728083756725	1.0634361710692122	1.2710984335521713	0.3103418298044305	0.5180141064162023	0.7256821182664748	0.9333477268367746	1.1410125809623906	1.34867849949969	0.38791611693616734	0.5955874310389455	0.8032552735974723	1.0109208143315662	1.218585928036975	1.4262531141109218	0.0	0.0	0.0	0.0	0.0	0.0	0.19260349891531914	0.1926109545270589	0.19261657497570842	0.1926223687823794	0.19263018873043228	0.19264281933945765	0.38521123864733414	0.3852250351383525	0.38523568808555797	0.38524647273396323	0.38526080235836174	0.38528263808831287	0.5778236990435829	0.5778423683276891	0.5778569421062186	0.5778716653333843	0.5778907514805773	0.5779186766975535	0.7704406596877497	0.770462541604383	0.7704798829883881	0.7704974759654827	0.7705197305215983	0.7705512800938079	0.9630608299974142	0.96308444680283	0.9631040371636512	0.9631239655505368	0.9631483946896978	0.9631815906735463
0.0	0.20771952598876592	0.4154317087301504	0.6231374589213359	0.8308353929441922	1.0385211074957978	0.07779342053212947	0.28551233688381883	0.49322369467534766	0.700929188723978	0.9086285612778428	1.1163199244799946	0.1555801115148626	0.36329721590393677	0.5710075484891349	0.7787130125110976	0.9864143932354785	1.1941117393490204	0.23336141524144532	0.4410762168281741	0.648785337620058	0.8564909313478586	1.064194393160601	1.2718967612298178	0.31113876780118227	0.5188511816308035	0.7265593052816258	0.9342650165733682	1.1419699782181785	1.3496760239133172	0.38891222381039525	0.5966236690496036	0.804331621177575	1.0120372620699172	1.2197424827092147	1.427449801902671	0.0	0.0	0.0	0.0	0.0	0.0	0.19256623417922497	0.19257372189104688	0.1925793697027002	0.19258519550532777	0.1925930629105909	0.19260577483196303	0.3851367392695871	0.3851505971275251	0.38516130180216135	0.3851721452039678	0.3851865600683191	0.38520853181117315	0.577711993888812	0.5777307487781288	0.5777453934876491	0.5777601961634268	0.5777793940321427	0.5778074886081979	0.7702917757779816	0.7703137599195915	0.770331185752494	0.7703488727797282	0.770371255918464	0.7704029936375368	0.9628747868712672	0.962898515174199	0.9629182014604679	0.9629382357039868	0.9629628038792721	0.9629961956502735
0.0	0.2077598500917613	0.41551232115593684	0.6232583232603792	0.8309964597083709	1.038722292816753	0.07799283494360981	0.2857520630814864	0.49350369485039197	0.7012494324405156	0.908989014920014	1.1167205431278553	0.155978892171216	0.36373629556147796	0.5714868909808877	0.7792325939458438	0.9869741958894687	1.1947117496542248	0.2339595278716813	0.44171461499287257	0.649463989021344	0.8572098201500803	1.0649535151386789	1.272696122991891	0.3119361905727796	0.5196888756396897	0.7274372450461944	0.9351831930400444	1.142928396283053	1.3506747033908584	0.3899089364163985	0.5976606467868053	0.8054088424199042	1.0131547174242779	1.2209001790570329	1.4286477656257415	0.0	0.0	0.0	0.0	0.0	0.0	0.19252885943763987	0.19253637923582048	0.1925420544495779	0.19254791233358656	0.19255582735590948	0.1925686208962044	0.38506202002196793	0.3850759392509534	0.385086695725042	0.38509759803164156	0.3851120984088047	0.3851342066312441	0.5775999590926192	0.5776187996312242	0.577633515375798	0.5776483977014673	0.5776677076360159	0.5776959721057927	0.7701424525397358	0.7701645389862197	0.7701820493977279	0.7701998307110747	0.7702223428187452	0.7702542692473778	0.9626881947946124	0.9627120346995467	0.9627318170688159	0.9627519574330603	0.9627766650497795	0.9628102531759107
0.0	0.20780030889625867	0.4155932029393424	0.6233795915010937	0.8311580647205024	1.0389241503447049	0.07819237132794775	0.2859920457872208	0.4937840860272685	0.7015702015934949	0.909350128347091	1.117121955796316	0.1563779165076086	0.3641757533574467	0.5719667460062561	0.7797528222822193	0.987534779815716	1.1953126756633583	0.23455800573625707	0.44235351280361485	0.6501432744058826	0.8579294772738277	1.065713539839626	1.2734965220200798	0.3127341000652911	0.5205271907323088	0.728315940193324	0.9361022592141034	1.1438878384790054	1.3516745415996054	0.3909062571862379	0.5986983670259561	0.806486940443514	1.0142731838578114	1.2220590208882531	1.429847009433115	0.0	0.0	0.0	0.0	0.0	0.0	0.1924913745079122	0.19249892637795538	0.19250462903265741	0.1925105190833685	0.1925184818825845	0.19253135734852553	0.38498708053944014	0.385001061142375	0.3850118694874343	0.3850228308500335	0.38503741701276895	0.38505966218132354	0.5774875941075064	0.5775065203380843	0.5775213072211591	0.5775362693977792	0.577555691742294	0.5775841266398616	0.7699926892429938	0.7700148780728064	0.770032473191988	0.7700503490272192	0.7700729904899343	0.7701051061899478	0.9625010528549082	0.9625250044648973	0.9625448830740909	0.9625651298229705	0.9625899772862184	0.9626237623344606
0.0	0.2078409027492743	0.4156743547748148	0.6235012646852761	0.8313202093693727	1.0391266818144311	0.07839203017464572	0.28623228583617305	0.49406486938747907	0.7018914977110096	0.9097119034338839	1.1175241647072327	0.15677718550195904	0.364615590615003	0.5724471152341638	0.7802736995352861	0.9880961473758316	1.1959145200854275	0.23515685030100159	0.4429929120714157	0.6508231959302371	0.8586499052216237	1.0664744701124438	1.274297961510682	0.3135324982323435	0.5213661292074535	0.7291953933672921	0.9370222180857701	1.1448483081427405	1.3526755422233492	0.39190418856142245	0.5997368325536973	0.8075659183804843	1.0153926648484988	1.2232190120273079	1.4310475374961689	0.0	0.0	0.0	0.0	0.0	0.0	0.1924537792065488	0.1924613631331865	0.19246709326741437	0.19247301557004523	0.19248102630596925	0.19249398400442344	0.3849119204552824	0.3849259624338444	0.3849368227208909	0.38494784329051024	0.38496251551147637	0.38498489809251724	0.5773748983834469	0.5773939103472917	0.5774087684717015	0.5774238107001116	0.5774433457985461	0.5774719516573913	0.7698424851543638	0.7698647764445206	0.7698824563998046	0.7699004269924918	0.7699231981961531	0.7699555037284834	0.9623133601353941	0.9623374235520602	0.9623573985574763	0.9623777519547199	0.9624027396693742	0.962436722205703
0.0	0.20788163199962856	0.41575577736040936	0.6236233438601336	0.8314828950509809	1.039329888969724	0.07859181197509753	0.2864727840671853	0.4943460461180184	0.7022133223284472	0.9100743420642987	1.1179271720933606	0.15717670013596768	0.36505580866288745	0.5729280003409156	0.780795227729288	0.9886583009424089	1.1965172856422233	0.2357560630374173	0.4436328146147624	0.6515037557602433	0.8593711065070644	1.067236308819008	1.2751004446746697	0.31433138703512736	0.5222056933732798	0.7300756072235408	0.9379430726582357	1.1458098086257305	1.3536777089624472	0.3929027329929154	0.6007760461679237	0.8086457793759515	1.0165131638891811	1.224380156315293	1.4322493540047416	0.0	0.0	0.0	0.0	0.0	0.0	0.19241607334920904	0.19242368931640239	0.1924294469684784	0.19243540160814177	0.1924434604405686	0.19245650067854345	0.3848365394010773	0.38485064275572195	0.38486155505527103	0.38487263498274443	0.38488739353449497	0.3849099139942277	0.5772618713678682	0.577280969104886	0.5772958985728531	0.5773110210536719	0.5773306692497964	0.5773594466028155	0.7696918395370578	0.7697142333631378	0.769731998282318	0.7697500638678331	0.7697729651981313	0.7698054611228196	0.9621251157150629	0.9621492910386008	0.9621693625959147	0.9621898229050719	0.9622149512757912	0.9622491318651675
0.0	0.20792249699795518	0.41583747139780725	0.6237458300783113	0.8316461231685761	1.0395337735634362	0.07879171722261495	0.2867135413228268	0.49462761741141903	0.7025356769885444	0.9104374461314004	1.1183309801984267	0.15757646139516843	0.36549640883548223	0.5734094030102672	0.7813174088977297	0.9892212428991125	1.1971209750684197	0.23635564542275453	0.44427322225969795	0.652184956071103	0.8600930836549227	1.0679990588341806	1.2759039747378105	0.3151307684424937	0.5230458855474127	0.730956584428792	0.9388648259477831	1.14677234329435	1.354681045533966	0.39390189294125455	0.6018160106779139	0.8097265265882472	1.0176346844877084	1.2255424576101255	1.4334524631673011	0.0	0.0	0.0	0.0	0.0	0.0	0.19237825675070186	0.192385904741642	0.19239168994963016	0.1923976770113334	0.1924057841000356	0.19241890718467553	0.38476093700670516	0.3847751017366675	0.3847860661187345	0.3847972055547089	0.3848120507096899	0.3848347095141482	0.5771485125056425	0.5771676960543544	0.577182696967491	0.577197899901117	0.5772176615385158	0.5772466109180056	0.7695407516508789	0.7695632480870284	0.7695810980972652	0.7695992589107812	0.7696222907531937	0.7696549776293762	0.9619363186686443	0.9619606059978254	0.9619807742620928	0.9620013417465351	0.9620266111777566	0.962060990384117
0.0	0.20796349809671377	0.4159194375923407	0.6238687243979296	0.8318098951327069	1.0397383373575433	0.0789917464124355	0.2869545584494142	0.4949095844657843	0.7028585632414308	0.9108012175374708	1.1187355912772001	0.1579764702689481	0.36593739247284285	0.5738913249334702	0.7818402450834341	0.9897849756407474	1.1977255911116549	0.2369555989400426	0.44491413683986514	0.6528667990474397	0.8608158392012155	1.0687627230458898	1.2767085549407597	0.3159306444309971	0.5238867080570017	0.7318383276611148	0.939787480983866	1.147735915529968	1.3556855556717864	0.39490167087659883	0.6028567289043889	0.8108081631889693	1.0187572301670231	1.2267059197866401	1.4346568692110524	0.0	0.0	0.0	0.0	0.0	0.0	0.19234032922497973	0.1923480092220888	0.19235382202379514	0.1923598415924397	0.19236799709716576	0.1923812033357487	0.38468511290033186	0.38469933900362846	0.38471035553772986	0.38472155463266455	0.3847364866632113	0.38475928427825057	0.5770348212390686	0.5770540906366131	0.5770691630959236	0.577084446682535	0.577104322104603	0.5771334440422522	0.7693892207521976	0.7694118198711329	0.7694297550989567	0.7694480113754487	0.7694711741152357	0.7695040525011348	0.9617469680665756	0.961771367498751	0.9617916326244111	0.9618123075473333	0.9618377184432713	0.9618722968295185
0.0	0.2080046356501974	0.4160016766530082	0.6239920278826078	0.8319742123612526	1.039943582123182	0.07919190004172849	0.28719583629702544	0.49519194848480963	0.7031819826446596	0.9111656581940453	1.1191410075955364	0.15837672775055528	0.36637876092071486	0.5743737678092958	0.7823637383385741	0.9903495015732987	1.198331136532579	0.2375559250780994	0.4455555601965234	0.6535492868833238	0.8615393756932371	1.0695273043551718	1.2775141885391101	0.3167310169849088	0.5247281632387414	0.732720839609955	0.9407110408091466	1.1487005287289922	1.356691243126656	0.39590206927875743	0.603898203679549	0.8118906923630276	1.0198808044652123	1.227870546736649	1.4358625763820059	0.0	0.0	0.0	0.0	0.0	0.0	0.1923022905851371	0.19231000257006928	0.19231584300304244	0.19232189516342307	0.1923300992438953	0.19234338894382916	0.3846090667084058	0.3846233541818366	0.38463442293699107	0.38464568184115716	0.3846607010194915	0.38468363791078214	0.5769207970078677	0.5769401522900036	0.5769552963958863	0.5769706608354408	0.5769906503853803	0.5770199454122614	0.7692372460939454	0.7692599479669565	0.7692779685382701	0.769296320512516	0.7693196145347183	0.7693526849876328	0.9615570629749935	0.9615815746060978	0.9616019367469762	0.961622719371398	0.9616482721360416	0.961683050264035
0.0	0.20804591001454667	0.4160841892925027	0.6241157416015051	0.8321390762794789	1.0401495096407198	0.07939217860961999	0.2874373757195385	0.4954747106778357	0.7035059367632733	0.9115307700219938	1.1195472314304724	0.15877723483715137	0.36682051553059886	0.5748567333441145	0.7828878907247656	0.9909148231140384	1.198937614104975	0.23815662533161275	0.4461974941786447	0.654232421782382	0.8622636956896825	1.070292805676307	1.2783208788035418	0.317531888096323	0.5255702534389924	0.7336041229762686	0.9416355084796431	1.149666186303031	1.3576981116663638	0.3969030906373071	0.6049404378472053	0.8129741173087881	1.0210054109356679	1.229036342369116	1.4370695889451643	0.0	0.0	0.0	0.0	0.0	0.0	0.19226414064340294	0.1922718845970455	0.19227775269857716	0.1922838375353813	0.19229209035129405	0.19230546382011332	0.3845327980556431	0.3845471468947936	0.38455826793952314	0.384569586803003	0.38458469340123036	0.3846077700342514	0.5768064392491606	0.5768258804502702	0.576841096302519	0.5768565417947541	0.5768766458155716	0.5769061144621321	0.7690848269255854	0.7691076316225394	0.7691257376626205	0.7691441855692016	0.7691676112586379	0.769200874334933	0.9613666024556979	0.9613912263802524	0.9614116856895644	0.9614325762783318	0.961458271315443	0.9614932497459894
0.0	0.20808732154775594	0.4161669762272235	0.6242398666293398	0.8323044883200625	1.0403561216997865	0.07959258261717934	0.28767917757462425	0.49575787225984724	0.7038304271698098	0.911896554951532	1.1199542650702439	0.1591779925297831	0.3672626576597292	0.5753402232518804	0.7834127043130588	0.9914809426915232	1.1995450266157621	0.2387577012010992	0.44683994064287796	0.6549162059577682	0.8629888017606246	1.0710592299368042	1.2791286290198125	0.3183332597651086	0.526412981013739	0.7344881804724865	0.9425608870647003	1.1506328916788708	1.3587061650757246	0.39790473745155475	0.605983434262748	0.8140584412380488	1.0221310531470664	1.2302033106101422	1.438277911184517	0.0	0.0	0.0	0.0	0.0	0.0	0.1922258792111409	0.1922336551136153	0.19223955092074071	0.19224566851854774	0.19225397022956536	0.19226742777492764	0.3844563065650276	0.38447071676427086	0.38448189016660184	0.3844932691392887	0.38450846342939504	0.3845316802694278	0.5766917473974683	0.5767112745505598	0.5767265622483665	0.5767420889927993	0.5767623078273024	0.5767919506233563	0.7689319624931121	0.7689548700824564	0.7689730617159609	0.7689916057892634	0.7690151635305263	0.7690486197856247	0.9611755855661507	0.9612003218772676	0.961220878507621	0.9612418773234082	0.9612677150365199	0.9613028943293639
0.0	0.20812887060968813	0.4162500381773065	0.6243644040464338	0.8324704499231506	1.0405634200993474	0.07979311256746416	0.2879212427238065	0.49604143445154786	0.7041554554443913	0.9122630149223262	1.1203621108144046	0.15957900183347515	0.3677051886711818	0.5758242392542541	0.7839381811840752	0.9920478627457462	1.2001533768651622	0.239359154193037	0.44748290145369757	0.655600641632327	0.8637146964876924	1.071826580077593	1.279937442488965	0.319135133999076	0.5272563483287708	0.735373014822711	0.9434871796472013	1.1516006482987013	1.3597154071568194	0.3989070122307193	0.6070271957933443	0.8151436673762513	1.0232577346835976	1.2313714554032098	1.4394875474032955	0.0	0.0	0.0	0.0	0.0	0.0	0.19218750609884097	0.1921953139295039	0.1922012374790025	0.1922073879222831	0.19221573868803804	0.1922292806177206	0.38437959185779463	0.3843940634102934	0.3844052892377578	0.3844167284693552	0.38443201072320426	0.38445536823532556	0.576576720884687	0.5765963340213979	0.5766116936633542	0.5766273018592817	0.5766476358500756	0.5766774533247948	0.768778652039019	0.7688016625877852	0.7688199399387494	0.7688385804129648	0.7688622705904196	0.7688959205787912	0.960984011359436	0.9610088601488218	0.9610295142522207	0.9610506215575312	0.9610766023499452	0.9611119830637602
0.0	0.20817055756208436	0.4163333758666431	0.624489354938741	0.832636962536399	1.040771406647752	0.0799937689655071	0.28816357203245807	0.49632539847936613	0.7044810231747404	0.9126301518835179	1.1207707709738615	0.15998026375719987	0.3681481099338531	0.5763087830805917	0.7844643234280066	0.9926155857281453	1.200762667666719	0.23996098581982825	0.4481263784833747	0.6562857310385745	0.8644413824640611	1.0725948590530243	1.2807473225273371	0.3199375128139349	0.52810035775965	0.7362586287626927	0.9444143893235537	1.1525694596201126	1.3607258417290011	0.3999099174938981	0.6080717253179132	0.8162297989624658	1.0243854591449577	1.2325407807091855	1.4406985019239889	0.0	0.0	0.0	0.0	0.0	0.0	0.19214902111611654	0.19215686085356112	0.19216281218195697	0.19216899555507247	0.19217739553516322	0.19219102215705947	0.3843026535534247	0.38431718645113366	0.38432846477077026	0.3843399644107915	0.3843553349001218	0.3843788335491977	0.5764613591400793	0.5764810582906791	0.5764964899747783	0.5765121798212773	0.5765326293107624	0.5765626219926683	0.768624894802286	0.7686480083760933	0.7686663715679373	0.7686851086770634	0.7687089316748439	0.7687427759499971	0.9607918788842444	0.9608168402422038	0.9608375919700516	0.9608588080272199	0.9608849323020052	0.9609205149943837
0.0	0.20821238276857573	0.41641699002290383	0.6246147203978831	0.8328040276150197	1.040980083162793	0.0801945523183481	0.2884061663698452	0.49660976557551134	0.7048071319562473	0.9129979677938035	1.1211802478709652	0.16038177931394407	0.36859142282253887	0.5767938564680349	0.7849911331447171	0.993184114101717	1.201372901847422	0.2405631975998927	0.4487703736120831	0.6569714764188157	0.8651688622945822	1.0733640698310112	1.2815582724667147	0.3207403982334158	0.5289450116918452	0.7371450250399755	0.945342519203847	1.1535393291162634	1.3617374726290754	0.40091345577020326	0.6091170257272742	0.8173168392495518	1.0255142301465228	1.233711290506504	1.4419107790885375	0.0	0.0	0.0	0.0	0.0	0.0	0.19211042407169926	0.19211829569375624	0.19212427483731853	0.19213049122452025	0.19213894057850947	0.19215265220062552	0.38422549126963335	0.38424008550330124	0.3842514163816567	0.38426297657942443	0.38427843557584646	0.38430207582652587	0.5763456615902587	0.5763654467836522	0.5763809506072916	0.5763967223032187	0.5764172876335868	0.5764474560505418	0.7684706900183594	0.768493906681418	0.7685123558369483	0.7685311898147904	0.7685551460167969	0.7685891851312684	0.9605991871848476	0.9606242612002873	0.9606451107033898	0.9606664357745832	0.960692703934574	0.9607284891620183
0.0	0.20825434659469202	0.4165008813775557	0.6247405015211754	0.8329716466218152	1.0411894514717481	0.08039546313502688	0.28864902660912845	0.4968945369779834	0.7051337833919888	0.9133664646214615	1.1215905438395462	0.16078354952069385	0.3690351287179278	0.5772794611615132	0.7855186124437536	0.993753450341036	1.2019840822477361	0.2411657910576484	0.44941488872788854	0.657657880025143	0.8658971385957898	1.0741342153930447	1.2823702956543555	0.32154379228924573	0.5297903125207152	0.7380322064138902	0.946271572411854	1.154510260275892	1.362750303711319	0.4019176295987531	0.6101630999241476	0.8184047915041667	1.026644051319365	1.234882988791195	1.4431243832583698	0.0	0.0	0.0	0.0	0.0	0.0	0.1920717147734368	0.19207961825717573	0.19208562525191936	0.19209187473734787	0.1921003736247604	0.19211417055521157	0.3841481046223667	0.3841627601815386	0.38417414368466896	0.38418576458931464	0.3842013123643078	0.38422509468101573	0.5762296276591825	0.5762494989229131	0.5762650749828958	0.5762809287268877	0.5763016102401192	0.5763319549193182	0.7683160369191429	0.7683393567342581	0.7683578919756704	0.7683768230558419	0.768400912845738	0.7684351473510836	0.9604059353010873	0.9604311220615199	0.9604520694900888	0.9604735038373088	0.9604999162851023	0.9605359046030155
0.0	0.20829644940787384	0.4165850506658863	0.6248666994116627	0.8331398210272267	1.0413995134114424	0.08059650192660629	0.2888921536273985	0.4971797139306205	0.7054609790927879	0.9137356443444243	1.1220016612249988	0.16118557539848063	0.36947922900665964	0.5777655989138146	0.7860467634444291	0.9943235969323497	1.2025962117217073	0.24176876772358316	0.4500599257268321	0.6583449441195315	0.8666262139960084	1.0749052987343133	1.2831833954531209	0.3223476970212454	0.530636262651619	0.7389201756556759	0.9472015520851647	1.1554822566034615	1.3637643388476393	0.4029224415287745	0.611209950823269	0.8194936590068924	1.027774926310393	1.236055879577034	1.4443393188145643	0.0	0.0	0.0	0.0	0.0	0.0	0.19203289302828752	0.19204082835001798	0.1920468632317042	0.19205314589938882	0.19206169447970972	0.19207557702671707	0.3840704932257909	0.3840852100988106	0.3840966462922823	0.38410832805274575	0.3841239648776557	0.38414788972458697	0.5761132567681368	0.5761332141283895	0.5761488625209267	0.5761647985114001	0.5761855965492606	0.5762161180172227	0.7681609347329756	0.7681843577615516	0.768202979210434	0.7682220076263576	0.7682462313875674	0.768280661834353	0.9602121222683483	0.9602374218598965	0.9602584673635527	0.9602800112486367	0.9603065683865919	0.9603427603492685
0.0	0.20833869157748675	0.4166694986270325	0.6249933151781627	0.8333085523093913	1.0416102708283181	0.08079766920619326	0.28913554830571114	0.49746529768314846	0.7057887206772769	0.914105508950356	1.122413602384373	0.1615878579724247	0.3699237250813829	0.5782522714856574	0.7865755882759081	0.994894556373679	1.2032092931370777	0.24237212913431355	0.450705486513004	0.6590326709739268	0.867356091135455	1.0756773228638195	1.2839975752416066	0.3231521144773973	0.5314828644999979	0.739808935548576	0.948132461375297	1.1564553216192852	1.364779581927711	0.4039278941196877	0.6122575813514879	0.8205834450523488	1.028906858782478	1.2372299668956837	1.4455555901580055	0.0	0.0	0.0	0.0	0.0	0.0	0.19199395864231336	0.19200192577758624	0.19200798858172313	0.1920143045155811	0.19202290294825375	0.19203687142014061	0.3839926566922775	0.3840074348662898	0.3840189238151811	0.3840306665802102	0.3840463927262458	0.38407046056735855	0.5759965483357141	0.5760165918173186	0.5760323126380319	0.576048331073184	0.5760692459772214	0.5760999447597813	0.7680053826846046	0.7680289089866478	0.7680476167639839	0.7680667427488925	0.7680911008645982	0.7681257278023892	0.9600177471175231	0.9600431596249231	0.9600643033527004	0.9600859570373234	0.9601126592675586	0.9601490554281751
0.0	0.20838107347482787	0.4167542260039932	0.6251203499352849	0.8334778419541676	1.0418217255784679	0.0809989654889257	0.28937921152908086	0.49775128949118097	0.706117009771905	0.9144760604366655	1.1228263696863943	0.16199039827170802	0.3703686183407344	0.578739480645676	0.7871050890771997	0.9954663311748166	1.2038233293752914	0.2429758768325497	0.45135157299851436	0.6597210628702229	0.8680867726662231	1.07645029080437	1.2848128384141397	0.3239570467138191	0.532330120491355	0.7406984888878254	0.94906430344769	1.157429458859526	1.3657960368589848	0.4049339899410935	0.6133059944477617	0.8216741529491941	1.030039852414461	1.2384052547967075	1.4467732017094046	0.0	0.0	0.0	0.0	0.0	0.0	0.19195491142067964	0.19196291034428845	0.1919690011061316	0.19197535038996752	0.19198399883439154	0.19199805353958002	0.38391459463240346	0.3839294340933568	0.383940975862259	0.3839527797804089	0.38396859551863954	0.3839928068176488	0.5758795017778132	0.5758996314042476	0.5759154247481708	0.5759315258259791	0.5759525579375206	0.5759834345598202	0.7678493799951833	0.7678730096293067	0.7678918038554783	0.767911027642416	0.7679355204955548	0.767970344472908	0.9598228088750108	0.9598483343816172	0.9598695764819654	0.9598913402276414	0.959918187952033	0.959954788862639
0.0	0.20842359547314088	0.4168392335436594	0.6252478048034756	0.8336476914551962	1.0420338795277084	0.08120039129201895	0.2896231441865421	0.49803769061629577	0.7064458480110284	0.9148473008106126	1.1232399655115846	0.16239319732966484	0.3708139101894448	0.5792272281705421	0.7876352679972924	0.9960389238574782	1.204438323331659	0.2435800123672272	0.4519981871036404	0.6604101221004238	0.86881826125246	1.0772242055927679	1.2856291883809856	0.3247624957949152	0.5331780330614223	0.7415888384808315	0.9499970814818997	1.1584046718764074	1.3668137075669116	0.40594073157293653	0.6143551930633344	0.8227657860203179	1.0311739109013616	1.2395817473477933	1.4479921579095365	0.0	0.0	0.0	0.0	0.0	0.0	0.1919157511676473	0.19192378185362954	0.19192990060818255	0.1919362833256877	0.1919449819412171	0.19195912318822453	0.38383630665493557	0.38385120738758427	0.383862802040603	0.3838746672602362	0.38389057286158856	0.38391492808195965	0.5757621165076161	0.5757823323010102	0.5757981982625916	0.5758143821808142	0.5758355318409631	0.575866586827443	0.7676929258822415	0.7677166589056683	0.7677355397004585	0.767754861522282	0.7677794894955433	0.7678145110599968	0.9596273065626791	0.9596529451504685	0.9596742857712568	0.9596961598393412	0.9597231534595212	0.9597599596710299
0.0	0.20846625794762544	0.41692452199683316	0.6253756809090468	0.8338181023139369	1.0422467345516289	0.0814019471347529	0.28986734717114615	0.49832450232604075	0.706775237036927	0.9152192320893334	1.1236543922522966	0.16279625618376023	0.3712596020383266	0.5797155158449611	0.7881661271951622	0.9966123369553184	1.2050542779153839	0.24418453729347994	0.45264533075680885	0.6610998509666356	0.8695505595703675	1.0779990702798237	1.2864466285683678	0.32556846379336196	0.5340266046561553	0.7424799871471788	0.9509307986716139	1.159380964238238	1.3678325979949764	0.4069481216055036	0.6154051801617438	0.8238583476028585	1.0323090379544047	1.2407594486347888	1.4492124632192867	0.0	0.0	0.0	0.0	0.0	0.0	0.19187647768657035	0.1918845401082088	0.1918906868902239	0.19189710312497565	0.1919058520709168	0.1919200801683524	0.3837577923668249	0.38377275435473185	0.3837844019554886	0.383796328624774	0.38381232436002954	0.3838368239649719	0.5756443919355797	0.5756646939167182	0.5756806325898232	0.5756968995459989	0.5757181670956316	0.5757494009700227	0.7675360195596732	0.7675598560282413	0.7675788235108377	0.7675982436002168	0.7676230070760399	0.7676582267741038	0.9594312391978501	0.9594569909474253	0.959478430235946	0.9595004148876367	0.9595275548049915	0.959564566867171
0.0	0.20850906127545044	0.41701009211825396	0.6255039793842152	0.8339890760397216	1.0424602925356565	0.08160363353849219	0.2901118213799944	0.4986117258939809	0.7071051784998639	0.915591856299913	1.1240696523128004	0.1631995758756298	0.37170569530432723	0.5802043454617396	0.7886976688398512	0.9971865730140237	1.2056711960496687	0.24478945317269446	0.45329300589466337	0.6617902517811473	0.8702836703082969	1.0787748879304624	1.2872651624185891	0.32637495279016654	0.5348758377318049	0.7433719377187142	0.95186545822475	1.1603583395295218	1.368852712104823	0.4079561626394948	0.6164559587189065	0.8249518410483009	1.033445237301131	1.2419383627618272	1.4504341221197878	0.0	0.0	0.0	0.0	0.0	0.0	0.19183709077988953	0.19184518490971375	0.19185135975369247	0.19185780958915352	0.19186660902476324	0.19188092428132456	0.3836790513731948	0.383694074598734	0.38370577521036725	0.38371776347728004	0.383733849617072	0.38375849406953244	0.5755263274694177	0.5755467156577437	0.5755627271356568	0.5755790773271054	0.5756004631068682	0.5756318763921836	0.7673786602377138	0.767402600205879	0.7674216544948771	0.767441173084296	0.7674660724448672	0.7675014908220142	0.95923460579327	0.9592604707838644	0.9592820088868367	0.9593041043831758	0.9593313909988445	0.9593686094603079
0.0	0.20855200583576294	0.4170959446666166	0.6256327013671289	0.8341606141497903	1.042674555375101	0.08180545102670585	0.2903565677142672	0.49889936259973555	0.7074356740581312	0.9159651754794412	1.1244857481093478	0.1636031574511146	0.3721521914105728	0.5806937188218375	0.7892298951105292	0.9977616345913831	1.2062890806717939	0.24539476157256435	0.45394121446212804	0.6624813268665031	0.8710175961668293	1.0795516616238134	1.2880847933901305	0.3271819648747432	0.5357257347550032	0.7442646930396412	0.9528010633635583	1.1613368013510716	1.3698740538763752	0.4089648572861124	0.6175075317232149	0.8260462697225833	1.034582512685513	1.2431184938514503	1.451657139112554	0.0	0.0	0.0	0.0	0.0	0.0	0.19179759024913043	0.19180571605891814	0.1918119189991119	0.19181840251862978	0.19182725260311337	0.19184165532758266	0.38360008327733663	0.38361516772169574	0.3836269214068626	0.3836389714191839	0.38365514823399444	0.3836799379966509	0.5754079225140939	0.5754283969277129	0.5754444813031399	0.5754609149269626	0.5754824192772687	0.5755140124957951	0.7672208471229306	0.7672448906437715	0.7672640318571772	0.767283649178936	0.7673086848061856	0.7673443024068421	0.9590374053570988	0.9590633836665808	0.9590850207301537	0.95910722733203	0.959134661046902	0.9591720864550993
0.0	0.20859509200970447	0.4171820804046037	0.625761848001917	0.8343327181693557	1.0428895249752357	0.08200740012496707	0.29060158707923955	0.4991874137290111	0.7077667253781003	0.9163391916750773	1.1249026820702532	0.1640070019602652	0.3725990917863888	0.581183637734405	0.7897628081965479	0.9983375242573574	1.206907934733204	0.24600046406709888	0.4545899584124323	0.6631730785555439	0.8717523398588339	1.080329394453285	1.2889055249577406	0.3279895021449311	0.5365762982027968	0.7451582559665701	0.953737617324689	1.1623163533200909	1.3708966273079355	0.40997420816709496	0.6185599021755888	0.827141637006164	1.0357208678680385	1.2442998460447086	1.4528815187195956	0.0	0.0	0.0	0.0	0.0	0.0	0.1917579758948946	0.19176613335567314	0.19177236442608392	0.19177888171289026	0.1917877826053995	0.1918022731066404	0.3835208876806921	0.3835360333238752	0.3835478401447527	0.38355995205006893	0.38357621981022644	0.3836011553454815	0.5752891764717962	0.5753097371274792	0.5753258944925498	0.5753424117456291	0.5753640350066558	0.5753958086799452	0.7670625794181879	0.7670867265434098	0.7671059547986432	0.7671256710848585	0.7671508433604586	0.7671866607279951	0.9588396368928662	0.9588657285977434	0.9588874647675	0.9589097827356502	0.9589373639503643	0.9589749968515727
0.0	0.20863832018041872	0.4172685000989012	0.6258914204387118	0.8345053896316348	1.0431052032513366	0.08220948136099172	0.2908468803843277	0.4994758805736546	0.7080983341342814	0.9167139069441193	1.1253204566359707	0.1644111104574195	0.3730463978673851	0.5816741040168752	0.7902964102975403	0.9989142445941878	1.2075277611996234	0.24660656223673397	0.4552392397072296	0.663865509191533	0.8724879041096015	1.0811080895267053	1.2897273606125856	0.32879756670712507	0.537427530562786	0.7460526293686647	0.9546751233593456	1.1632969990703363	1.3719204364163549	0.4109842179148587	0.6196130730896231	0.8282379462941784	1.0368603066258744	1.2454824235013335	1.4541072654835998	0.0	0.0	0.0	0.0	0.0	0.0	0.19171824751685876	0.19172643659890654	0.19173269583328748	0.19173924697049735	0.1917481988301286	0.1917627774170825	0.3834414641828516	0.38345667100368197	0.38346853102196843	0.38348070496767117	0.38349706394334715	0.3835221457133216	0.5751700887419342	0.5751907356551216	0.5752069661013915	0.5752235671803916	0.575245309692077	0.5752772643409384	0.7669038563226439	0.766928107102583	0.7669474225164814	0.7669672379990877	0.7669925473044492	0.767028564981171	0.9586412993994678	0.9586675045748915	0.958689339995852	0.9587117695908627	0.9587394987058049	0.9587773396451199
0.0	0.20868169073306495	0.41735520452022495	0.6260214198336894	0.834678630077901	1.0433215921287484	0.08241169526461582	0.29109244854308003	0.49976476443165835	0.7084305020093429	0.9170893233540348	1.1257390742591384	0.16481548400115265	0.37349411109541975	0.5821651194949421	0.790830703623412	0.9994917981963987	1.2081485630510735	0.2472130576682648	0.4558890603165436	0.6645586211281166	0.8732242916568179	1.0818877499663089	1.290550303862249	0.3296061606762125	0.5382794343330748	0.7469478161276053	0.9556135847332625	1.1642787422521075	1.3729454852370364	0.41199488917244925	0.6206670474915547	0.8293352009964169	1.038000832752859	1.2466662303997431	1.4553343839679496	0.0	0.0	0.0	0.0	0.0	0.0	0.19167840491376867	0.1916866255866168	0.19169291301847288	0.19169949808908426	0.19170850107487647	0.1917231680565591	0.3833618123815422	0.38337708035766493	0.3833889936345816	0.38340122976786717	0.38341768022907363	0.38344290869559994	0.5750506587211205	0.5750713919059257	0.5750876955243794	0.5751043806257464	0.5751262427277866	0.5751583788722775	0.7667446770317263	0.7667690315153538	0.7667884342041752	0.7668083491149259	0.7668337958311962	0.7668700143583342	0.9584423918711344	0.958468710590904	0.95849064540753	0.9585131868898394	0.9585410643051414	0.9585791138264679
0.0	0.20872520405483125	0.4174421944433475	0.6261518473491097	0.8348524410575385	1.0435386935429516	0.08261404236784088	0.2913382924732354	0.5000540666072316	0.7087632306941961	0.9174654429825603	1.1261585374046907	0.16522012365437236	0.37394223291870754	0.5826566860026812	0.7913656903944759	1.0000701876709477	1.2087703432820345	0.24781995195498208	0.4565394222189174	0.6652524167294858	0.8739615052507398	1.0826683789089266	1.291374358230934	0.33041528617572663	0.5391320120224374	0.7478438191377693	0.9565530047268982	1.165261586532454	1.373971777824155	0.4130062245937081	0.6217218284204403	0.830433404537519	1.0391424500597084	1.2478512709372613	1.4565628787569558	0.0	0.0	0.0	0.0	0.0	0.0	0.19163844788343332	0.19164670011586715	0.19165301577845584	0.19165963486534887	0.19166868913628163	0.1916834448217796	0.3832819318726158	0.3832972609805007	0.38330922757679325	0.3833215260446622	0.3833380682612487	0.38336344388586485	0.5749308858031533	0.5749517052723667	0.5749680821534195	0.574984851473382	0.5750068335052279	0.5750391516646463	0.766585040737109	0.7666094989720357	0.7666289890514617	0.7666490036219304	0.7666745881299903	0.7667110080476921	0.9582429132974027	0.9582693456339701	0.9582913799901682	0.9583140336200682	0.9583420597356056	0.9583803183816489
0.0	0.20876886053494362	0.417529470647116	0.6262827041533425	0.8350268241280778	1.0437565094396066	0.08281652320482714	0.29158441309672584	0.5003437884108123	0.7090965218880152	0.9178422679177296	1.1265788485498955	0.16562503048430433	0.37439076479181443	0.5831488053825541	0.7919013728414648	1.000649415637246	1.2093931049014757	0.24842724669665406	0.45719032740140503	0.665946898370377	0.8746995476542037	1.0834499795060035	1.2921995272594908	0.33122494533784713	0.5399852661503285	0.7487406413062498	0.9574933866354628	1.1662455355952126	1.374999318250703	0.414018226843286	0.6227774189281806	0.831532560357004	1.0402851623740577	1.2490375493301678	1.4577927544559166	0.0	0.0	0.0	0.0	0.0	0.0	0.1915983762227229	0.1916066599827836	0.19161300390911556	0.19161965709505205	0.1916287628100436	0.19164360750851075	0.3832018222500452	0.38321721246498974	0.38322923244092955	0.38324159339018654	0.3832582276318375	0.3832837508757803	0.5748107693790111	0.5748316751441036	0.5748481253776043	0.5748649791121732	0.5748870814130277	0.5749195821059038	0.7664249466267039	0.7664495086591845	0.766469086244324	0.766489200705906	0.7665149233863675	0.7665515452336876	0.9580428626631059	0.9580694086875805	0.9580915427267056	0.9581143087643437	0.9581424839797347	0.9581809522919915
0.0	0.20881266056468242	0.41761703391448507	0.6264139914209182	0.8352017808552611	1.043975041774637	0.08301913831192245	0.2918308113397217	0.5006339311591285	0.709430377298316	0.9182198002579689	1.1270000101844664	0.16603020556254863	0.3748397081757304	0.5836414794854972	0.7924377532056375	1.0012294847272811	1.2100168509329945	0.2490349434996073	0.4578417778596685	0.6666420684361862	0.8754384216427568	1.084232554923745	1.2930258145055797	0.33203514030348563	0.5408391992469843	0.749638285552974	0.9584347337690532	1.167230593141157	1.376028110608659	0.4150308985967417	0.6238338220796346	0.8326326719094033	1.0414289735406081	1.2502250698138622	1.4590240156912981	0.0	0.0	0.0	0.0	0.0	0.0	0.1915581897275604	0.19156650498254646	0.19157287720538627	0.19157956457300893	0.19158872189091425	0.19160365591156828	0.3831214831059068	0.383136934402039	0.3831490078174249	0.38316143139467823	0.38317815793091	0.3832038292551089	0.5746903088368257	0.5747113009079527	0.5747278245831863	0.5747447629281556	0.5747669858369705	0.5747996695810581	0.7662643938846266	0.7662890597595643	0.7663087249649565	0.7663289395488696	0.7663548007820734	0.7663916250969647	0.95784223894833	0.9578688987304831	0.9578911325953425	0.9579140113007236	0.9579423360153272	0.9579810145340768
0.0	0.20885660453739086	0.4177048850325339	0.6265457103325522	0.835377312813077	1.044194292514271	0.08322188822766259	0.2920774881326406	0.5009244961752158	0.7097647986409817	0.9185980421121313	1.127422024810605	0.16643564996508178	0.3752890645378802	0.5841347101709411	0.7929748337388061	1.0018103975856525	1.2106415844148608	0.2496430439767356	0.4584937755979952	0.667337929322994	0.8761781300046908	1.0850161083431604	1.2938532235437223	0.33284587322231496	0.5416938138534612	0.750536754810749	0.9593770494527076	1.168216762888063	1.3770581590090583	0.41604424254059014	0.6248910409526764	0.8337337426643252	1.0425738874212018	1.2514138366429475	1.4602566671108257	0.0	0.0	0.0	0.0	0.0	0.0	0.19151788819291982	0.19152623490938894	0.19153263546125573	0.1915393570930877	0.19154856617269653	0.19156358982481542	0.383040914030378	0.38305642638065934	0.38306855329481915	0.38308103964648044	0.3830978587466386	0.3831236786117091	0.5745695035618792	0.5745905819478847	0.5746071791535743	0.5746242023045212	0.5746465461599946	0.5746794134722631	0.7661033816911911	0.7661281514521419	0.7661479043917602	0.766168219329046	0.7661942194950586	0.7662312468143627	0.9576410411284075	0.957667814736677	0.9576901485695344	0.9577131402025229	0.9577416148154371	0.9577805040797325
0.0	0.208900692848489	0.4177930247924941	0.6266778620751873	0.8355534215838157	1.044414263635112	0.08342477349279465	0.2923244444101848	0.5012154847884691	0.7100997876403281	0.9189769955995758	1.1278448949430944	0.16684136477230316	0.37573883535218355	0.584628499306885	0.7935126167034244	1.0023921568696745	1.211267308400133	0.2502515497475669	0.4591463226293791	0.668034483437661	0.8769186755411513	1.0858006429601859	1.2946817579654386	0.33365714625285336	0.5425491125217331	0.7514360520253748	0.9603203370265319	1.1692040485708477	1.3780894675821476	0.4170582613723924	0.6259490786382995	0.8348357761065731	1.043719907894953	1.2526038540913746	1.461490713383643	0.0	0.0	0.0	0.0	0.0	0.0	0.19147747141282032	0.19148584955659095	0.19149227846975914	0.1914990344482032	0.1915082954482381	0.19152340904115664	0.3829601146117245	0.38297568798795306	0.3829878684597451	0.38300041773202903	0.38301732966528557	0.383043298531523	0.5744483529365843	0.5744695176450048	0.5744861884693147	0.5745032966215999	0.5745257617621727	0.5745588131587991	0.7659419092228844	0.7659667829120617	0.7659866236993168	0.7660070392208422	0.7660331786994535	0.7660704095588923	0.9574392681738859	0.957466155675381	0.95748858961796	0.9575116944382818	0.9575403193483424	0.9575794198960014
0.0	0.20894492589548744	0.4178814539897772	0.6268104478420344	0.8357301087581241	1.0446349571242055	0.08362779465028122	0.29257168111135906	0.5015068983346739	0.710435346029149	0.9193566628502264	1.1282686231093713	0.16724735106904354	0.3761890220990778	0.5851228487699329	0.7940511043726383	1.0029747652494398	1.211894025956736	0.25086046243827176	0.45979942097554266	0.6687317331978642	0.8776600610661872	1.086586161985747	1.295511421379324	0.3344689615624716	0.5434050978147135	0.7523361801556785	0.9612645998457482	1.1701924539416315	1.379122040477461	0.41807295780078335	0.627007938240658	0.8359387757362009	1.0448670388583177	1.2537951264525262	1.462726159200409	0.0	0.0	0.0	0.0	0.0	0.0	0.1914369391803199	0.19144534871647303	0.19145180602297304	0.1914585964303112	0.1914679095094256	0.19148311335253185	0.38287908443628826	0.3828947188091017	0.3829069528969165	0.38291956523584053	0.38293657027119093	0.38296268859856414	0.5743268563404665	0.5743481073775349	0.5743648519080732	0.5743820452568417	0.5744046320206951	0.5744378680170554	0.7657799756523426	0.7658049533106219	0.7658248820583656	0.7658453983948241	0.7658716775655449	0.7659091124997106	0.9572369190504973	0.9572639205110035	0.9572864547044919	0.9573096729717361	0.9573384485775152	0.9573777609451116
0.0	0.20898930407799818	0.4179701734239963	0.6269434688326055	0.835907375935049	1.0448563749790953	0.08383095224533646	0.2928191991795177	0.501798738156064	0.710771475548785	0.9197370460046518	1.1286932118496171	0.16765360994463596	0.3766396262655992	0.5856177604453857	0.7945902990303879	1.0035582254079327	1.2125217401675847	0.25146978368177614	0.46045307266706065	0.6694296810322307	0.8784022894068958	1.0873726686459164	1.2963422174112156	0.3352813213275415	0.5442617723064137	0.7532371421736848	0.9622098412808756	1.1711819827699306	1.3801558818640218	0.4190883345456328	0.6280676228772384	0.8370427450686951	1.0460152842252861	1.2549876580394206	1.4639630092735132	0.0	0.0	0.0	0.0	0.0	0.0	0.19139629128751234	0.1914047321803932	0.19141121791201218	0.19141804283040498	0.19142740814718112	0.19144270254991294	0.3827978230884809	0.38281351842735967	0.3828258061891216	0.3828384817405056	0.3828555801467663	0.38288184839491096	0.5742050131501547	0.5742263505208047	0.5742431688446256	0.5742604475848065	0.5742831563098592	0.5743165774205204	0.7656175801483377	0.7656426618152614	0.7656626786357896	0.7656832960177025	0.7657097152597617	0.7657473548021088	0.9570339927191426	0.9570611082031263	0.9570837427881796	0.9571070747618009	0.957136001461605	0.9571755261844602
0.0	0.20903382779774812	0.41805918389899277	0.6270769262527538	0.8360852247220908	1.0450785192078893	0.08403424682540485	0.2930669995623568	0.5020910056013276	0.7111081779491422	0.9201181472140976	1.1291186637168036	0.1680601424928773	0.37709064934535835	0.5861132362272303	0.7951302029714109	1.004142540041046	1.2131504541306146	0.2520795151177034	0.4611072797433155	0.6701283293803071	0.8791453634034059	1.0881601661819076	1.2971741497042026	0.33609422773337627	0.5451191385818972	0.7541389410645829	0.9631560647177112	1.1721726388426503	1.3811909959303517	0.42010439433799945	0.6291281356788273	0.8381476876349568	1.0471646479273788	1.2561814531847195	1.4652012683370967	0.0	0.0	0.0	0.0	0.0	0.0	0.1913555275255213	0.19136399973874113	0.19137051392702378	0.1913773734385096	0.1913867911514568	0.19140217642329838	0.3827163301507725	0.3827320864240429	0.3827444279172117	0.3827571668266778	0.38277435887248323	0.38280077750069574	0.5740828227393635	0.5741042464472335	0.5741211386508399	0.5741385029771475	0.5741613340010522	0.5741949407397643	0.7654547218757548	0.7654799075895367	0.7655000125945935	0.7655207312523111	0.765547290944654	0.7655851356274893	0.9568304881358621	0.9568577177064759	0.9568804528232219	0.9569038987625422	0.9569329769544114	0.956972714566585
0.0	0.20907849745859064	0.4181484862228599	0.6272108213147082	0.8362636567352498	1.0453013918293177	0.08423767894020921	0.29331508321197397	0.5023837020256784	0.7114454549887756	0.9204999686405809	1.1295449812767984	0.16846694981211882	0.3775420928386423	0.586609278018253	0.7956708185013672	1.0047277118577167	1.213780170958929	0.252689658392504	0.46176204425263906	0.6708276806927127	0.879889285909042	1.0889486578502532	1.298007221918814	0.3369076829743782	0.545977199237439	0.7550415798268978	0.9641032735575125	1.1731644259642806	1.3822273868846746	0.42112113992029127	0.6301894797896836	0.8392536069814845	1.0483151339138408	1.2573765162409358	1.4664409411472714	0.0	0.0	0.0	0.0	0.0	0.0	0.19131464768449655	0.19132315118093454	0.19132969385718376	0.19133658804367834	0.19134605831123083	0.19136153476170906	0.3826346052036836	0.3826504223785211	0.3826628176600937	0.38267562007306594	0.3826929060268658	0.3827194754940969	0.5739602844788817	0.5739817945263189	0.573998760695666	0.5740162108025996	0.5740391644627407	0.5740729573424282	0.7652913999955767	0.7653166897931069	0.7653368830938879	0.7653577032575913	0.7653844037788763	0.7654224541333507	0.9566264042518174	0.9566537479709046	0.9566765837589467	0.9567001439231579	0.9567293740048635	0.9567693250391452
0.0	0.20912331346652213	0.41823808120797534	0.6273451552371232	0.8364426735990929	1.0455249948728154	0.08444124914174819	0.2935634510848821	0.502676828790886	0.7117833084349363	0.9208825124569542	1.1299721671084457	0.1688740330052658	0.3779939582524307	0.5871058877300727	0.7962121479368884	1.0053137435799926	1.2144108937808824	0.2533002151594615	0.4624173682523345	0.671527737431178	0.8806340597903797	1.0897381469228755	1.2988414377331052	0.3377216892540634	0.546835956880567	0.7559450614725481	0.9650514712170719	1.1741573479569858	1.383265058955026	0.4221385740463091	0.6312516583675986	0.8403605066704511	1.0494667461517353	1.2585728515805426	1.4676820324822455	0.0	0.0	0.0	0.0	0.0	0.0	0.19127365155360565	0.19128218629541063	0.19128875749068835	0.19129568643398417	0.1913052094144992	0.19132077735318018	0.3825526478257685	0.38256852586820106	0.38258097499471316	0.3825938410564172	0.3826112211864738	0.3826379419513222	0.5738373977365475	0.5738589941246127	0.5738760343451094	0.5738935704269539	0.5739166470604447	0.5739506265931988	0.7651276136648505	0.7651530075817001	0.7651732892888563	0.7651942111885583	0.7652210529171547	0.7652593094732539	0.9564217400132485	0.9564491979413486	0.9564721345397702	0.9564958091879356	0.9565251915569793	0.9565653565448802
0.0	0.20916827622969109	0.41832796967102	0.6274799292451061	0.8366222769467887	1.0457493303785677	0.08464495798431428	0.2938121041420368	0.5029703872653126	0.7121217400636161	0.9212657808469591	1.13040022380363	0.1692813931798092	0.37844624710043656	0.58760306728319	0.796754193605637	1.0059006379431001	1.2150426257401565	0.2539111870787364	0.46307325380872993	0.6722285020686073	0.8813796879273175	1.090528636687168	1.2996768008427506	0.33853624878511707	0.5476954141301259	0.7568493890269195	0.9660006611287993	1.1751514086606965	1.3843040163893519	0.4231566994813112	0.6323146745839687	0.8414683902797869	1.0506194886260354	1.259770463596074	1.4689245471424337	0.0	0.0	0.0	0.0	0.0	0.0	0.19123253892103242	0.19124110486962487	0.19124770461475274	0.1912546683965184	0.19126424424827437	0.19127990398476002	0.3824704575936124	0.3824863964685237	0.38249889949605165	0.3825118293515146	0.3825293039259	0.38255617644660606	0.5737141618772438	0.5737358446057151	0.5737529589622277	0.5737705812130546	0.5737937811567339	0.5738279478538043	0.7649633620366815	0.7649888601071079	0.7650092303307487	0.7650302541962959	0.7650572375102817	0.7650957007968172	0.956216494361467	0.9562440665578207	0.9562671041051891	0.9562908934962461	0.9563204285498585	0.956360808021602
0.0	0.2092133861584118	0.41841815243300456	0.627615144570258	0.8368024684201631	1.0459744003975784	0.08484880602450487	0.2940610433488612	0.5032643788239509	0.7124607516596	0.9216497760052929	1.130829153967354	0.16968903144785363	0.378898960903148	0.5881008186070439	0.7972969578463749	1.006488397695527	1.2156753699958576	0.2545225758174118	0.4637297029972373	0.6729299770891516	0.8821261732131627	1.0913201304460949	1.300513314961155	0.33935136378945163	0.5485555736163495	0.7577545655289499	0.9669508467408212	1.1761466119332227	1.3853442634556365	0.4241755190020921	0.6333785316238898	0.8425772614032857	1.051773365339744	1.2609693567002602	1.4701684899506051	0.0	0.0	0.0	0.0	0.0	0.0	0.19119130957397124	0.19119990669004508	0.1912065350156054	0.19121353371738503	0.19122316259857944	0.19123891444250393	0.38238803408182015	0.38240403375295295	0.3824165907371153	0.3824295845311656	0.38244715381775896	0.38247417855219823	0.5735905762628811	0.5736123453302588	0.5736295339071134	0.5736472425207805	0.5736705661112103	0.5737049204829971	0.7647986442602106	0.7648242465171621	0.7648447053668599	0.7648658314279332	0.7648929567050924	0.7649316272496929	0.956010666232828	0.9560383527553818	0.9560614913897527	0.9560853957825144	0.9561150839176537	0.9561556784021673
0.0	0.20925864366517968	0.41850863031930086	0.6277508024507193	0.8369832496697601	1.0462002069917455	0.08505279382124364	0.2943102696752824	0.5035588048484766	0.7128003450165339	0.9220345001376904	1.1312589602178384	0.17009694892615468	0.379352101187881	0.5885991436400783	0.7978404430090473	1.0070770255991206	1.2163091297226294	0.25513438304954333	0.4643867179024179	0.6736321649882889	0.8828735185547283	1.0921126315183023	1.3013509838195807	0.3401670364982778	0.5494164379809473	0.7586605940312321	0.9679020315170981	1.1771429616503866	1.3863858044420498	0.4251950353970624	0.6344432326862507	0.8436871236507151	1.0529283803140204	1.2621695353261666	1.4714138657520388	0.0	0.0	0.0	0.0	0.0	0.0	0.19114996329862008	0.1911585915421448	0.19116524847848115	0.19117228218169385	0.19118196425044146	0.19119780851146764	0.382305376863002	0.38232143729296164	0.38233404828892115	0.38234710616618806	0.3823647704326729	0.38239194783835	0.573466640252377	0.5734884956558878	0.573505758536873	0.5735235537070256	0.573547001280488	0.5735815438365338	0.7646334594805866	0.7646591659557075	0.7646797135405008	0.7647009420266178	0.7647282096444382	0.7647670879735404	0.9558042545586944	0.9558320554641067	0.9558552953230278	0.9558793149761856	0.955909156589536	0.9559499666144429
0.0	0.20930404916468473	0.4185994041596683	0.6278869041312107	0.8371646223548956	1.04642675223393	0.0852569219357946	0.29455978409575934	0.5038536667272892	0.7131405219369786	0.9224199554609928	1.131689645186602	0.17050514673615005	0.3798056694888239	0.5890980443298013	0.7983846514548539	1.0076665244291738	1.2169439081107525	0.255746610456213	0.46504430061804963	0.6743350682729058	0.8836217268724263	1.0929061432382268	1.3021898111672694	0.3409832691521674	0.55027800987718	0.7595674776001028	0.9688542189375273	1.1781404617061384	1.3874286436570773	0.42621525146633116	0.6355087809838301	0.8447979806479262	1.0540845375883017	1.263371003927332	1.4726606794146744	0.0	0.0	0.0	0.0	0.0	0.0	0.19110849988017517	0.19111715921039762	0.19112384478761582	0.19113091357355505	0.19114064898788583	0.19115658597570187	0.3822224855077629	0.38223860665802073	0.38225127172048606	0.3822643938253998	0.38228215333926124	0.38230948387330344	0.5733423532016396	0.5733642949372408	0.5733816322056111	0.5733995141256821	0.5734230860181766	0.5734578172671583	0.7644678068389444	0.7644936175625802	0.7645142539909774	0.7645355851314931	0.7645629954671641	0.7646020821060043	0.9555972582654109	0.9556251736090564	0.9556485148295722	0.9556726500016978	0.9557026454896683	0.9557436715812785
0.0	0.20934960307382078	0.4186904747882725	0.6280234508630604	0.8373465881436943	1.046654038208	0.08546119093176557	0.2948095875892953	0.5041489658555341	0.7134812842324415	0.9228061442031869	1.1321212115185122	0.1709136260039661	0.3802596673470533	0.5895975226328098	0.7989295855562837	1.0082568969744672	1.2175797083661963	0.25635925972553497	0.4657024532471422	0.6750386894613211	0.8843708011003025	1.0937006689561375	1.303029800771494	0.34180006400107577	0.5511402919698921	0.7604752193156837	0.9698074124979938	1.1791391160126163	1.388472785429589	0.4272361700217414	0.636575179743341	0.8459098360369076	1.055241841220368	1.2645737669778403	1.473908935829194	0.0	0.0	0.0	0.0	0.0	0.0	0.19106691910282958	0.19107560947827615	0.19108232372624492	0.191089427676078	0.19109921659393525	0.19111524661825094	0.3821393595846999	0.3821555414155969	0.38216826059882436	0.38218144707561563	0.3821993021041378	0.38222678622328876	0.5732177144635635	0.5732397425259481	0.5732571542644261	0.5732751231276368	0.5732988196748777	0.5733337401245985	0.7643016854723996	0.7643276004736018	0.7643483258535856	0.7643697598776945	0.7643973133081042	0.7644366087807093	0.9553896762742963	0.955417706110272	0.9554411488289276	0.9554653997784752	0.9554955495371984	0.9555367922205005
0.0	0.20939530581170465	0.41878184304372357	0.6281604439042617	0.8375291487131665	1.0468820670089283	0.08566560137514759	0.29505968113949665	0.5044447036351805	0.7138226337234727	0.9231930686035222	1.1325536618719185	0.1713223878604961	0.38071409631063163	0.590097580514906	0.79947524769725	1.0088481460374252	1.2182165337107937	0.2569723325527709	0.46636117790207154	0.6757430310834396	0.8851207441862078	1.0944962120383284	1.3038709564177688	0.3426174233044768	0.5520032869356655	0.7613838222720553	0.9707616157105619	1.1801389285003583	1.3895182341090697	0.4282577938870182	0.6376424322055977	0.8470226934759718	1.0564002952865457	1.265777828972545	1.4751586399092642	0.0	0.0	0.0	0.0	0.0	0.0	0.19102522074976286	0.1910339421282414	0.19104068507659333	0.19104782427136077	0.19105766685059916	0.19107379022114254	0.38205599866038137	0.3820722411311315	0.38208501448892707	0.3820982654816271	0.3821162162918902	0.3821438544525037	0.5730927233879989	0.5731148377705997	0.5731323240613796	0.57315038006074	0.5731742015981534	0.573209311755535	0.7641350945140073	0.7641611138205391	0.7641819282595694	0.7642034653963069	0.7642311622980402	0.7642706671272188	0.9551815075015928	0.9552096518827229	0.9552331962355682	0.9552575632208772	0.9552878676462075	0.9553293274448603
0.0	0.20944115779968728	0.41887350976909843	0.6282978845195063	0.8377123057492519	1.0471108407428464	0.08587015383430467	0.2953100657345737	0.5047408814750329	0.7141645722396889	0.9235807309125448	1.1329869989187	0.17173143344137884	0.38116895793459654	0.5905982199510985	0.8000216402731029	1.0094402744341386	1.2188543873822744	0.25758583064030455	0.4670204767045653	0.6764480956807494	0.8858715590918073	1.0952927758671367	1.3047132819098806	0.343435349331347	0.552866997462815	0.7622932895772624	0.9717168321034931	1.18113990311833	1.390564994065659	0.4292801258977753	0.6387105416255341	0.8481365566397838	1.0575599038817503	1.2669831944271206	1.4764097965916012	0.0	0.0	0.0	0.0	0.0	0.0	0.19098340460313806	0.19099215694174002	0.19099892861987233	0.19100610314048727	0.19101599953887094	0.1910322165653848	0.38197240229934093	0.3819887053680349	0.38200153295375594	0.3820148486061962	0.3820328954650741	0.38206068812310773	0.5729673793217421	0.5729895800167367	0.5730071409414869	0.5730252842697966	0.5730492311325175	0.5730845315035922	0.7639680330927496	0.7639941567310906	0.7640150603361093	0.7640367008143528	0.7640645415636891	0.764104256271023	0.95497275085845	0.9550010098362915	0.9550246559588859	0.9550491392381824	0.9550795987256956	0.9551212761620194
0.0	0.20948715946136479	0.4189654758119627	0.6284357739802174	0.8378960609468643	1.0473403615271002	0.0860748488799968	0.2955607423673748	0.5050375007907769	0.7145071016198293	0.923969133392164	1.133421225344342	0.17214076388704808	0.3816242537810219	0.591099442925674	0.8005687656907121	1.0100332849944584	1.2194932726343708	0.2581997556977086	0.4676803517857814	0.6771538858064103	0.8866232487926803	1.0960903638410553	1.3055567810700106	0.34425384436024703	0.5537314262514806	0.7632036243534188	0.9726730652213615	1.1821420438340517	1.3916130696902884	0.43030316890160314	0.6397795112723023	0.8492514292194719	1.058720671119605	1.268189867878196	1.477662410836112	0.0	0.0	0.0	0.0	0.0	0.0	0.19094147044409884	0.1909502536992013	0.1909570541362767	0.1909642640635244	0.19097421443872492	0.1909905254309632	0.3818885700640715	0.3819049336876805	0.38191781555423765	0.38193119601004977	0.38194933918420715	0.3819772867952161	0.5728416816085276	0.5728639686068429	0.5728816042467086	0.5728998350965575	0.5729239076194277	0.5729593987093299	0.7638005003335244	0.7638267283288763	0.7638477212063106	0.7638694652547816	0.7638974502276923	0.7639373753335279	0.9547634052509109	0.9547917788757591	0.9548155269031752	0.9548401267345751	0.9548707416795664	0.954912637274535
0.0	0.20953331122259664	0.41905774202440726	0.6285741135646042	0.838080416009964	1.0475706314903406	0.08627968708540361	0.2958117120354283	0.5053345630050391	0.7148502237118343	0.92435827831575	1.1338563438480516	0.1725503803427775	0.3820799854190807	0.5916012514322784	0.8011166263685666	1.0106271805621139	1.2201331927369528	0.25881410944181904	0.4683408052864001	0.6778604040253655	0.887375816278449	1.096888979374879	1.3064014577388998	0.3450729106794165	0.5545965760137415	0.764114829736838	0.9736303186252026	1.183145354633765	1.3926624653948667	0.43132692575818227	0.6408493444294048	0.8503673149227773	1.0598826011326115	1.269397853883539	1.4789164876261	0.0	0.0	0.0	0.0	0.0	0.0	0.19089941805276012	0.190908232180028	0.19091506140497555	0.19092230681951286	0.19093231132910748	0.19094871659683188	0.381804501515007	0.3818209256493864	0.3818338618492456	0.3818473072518611	0.38186554700775094	0.38189365002688175	0.5727156295889991	0.5727380028803163	0.5727557133159236	0.572774031879692	0.5727982303972566	0.5728339127102157	0.7636324953571082	0.7636588277334	0.7636799099891666	0.7637017578364321	0.7637298874085786	0.7637700234320179	0.9545534695798654	0.9545819579007593	0.954605807967588	0.9546305246090989	0.9546612954065821	0.9547034096798144
0.0	0.20957961351151905	0.4191503092630747	0.628712904557702	0.838265372651611	1.0478016527725904	0.08648466902613929	0.2960629757409708	0.5056320695474286	0.7151939403728995	0.9247481679682008	1.134292357142838	0.1729602839587093	0.3825361544250872	0.5921036474739725	0.8016652247368424	1.0112219639947932	1.2207741509761236	0.2594288935967719	0.4690018393566743	0.6785676529144039	0.8881292645528551	1.0976886258997949	1.3072473157759519	0.3458925505868291	0.5554624494736828	0.765026908878115	0.974588595892608	1.1841498395225414	1.393713185612402	0.4323513993393595	0.6419200443947835	0.8514842174741568	1.0610456980722631	1.2706071570221877	1.480172031968407	0.0	0.0	0.0	0.0	0.0	0.0	0.1908572472082033	0.19086609216259157	0.19087295020410755	0.19088023118646225	0.19089028998793178	0.19090678984090814	0.3817201962105126	0.38173668081040557	0.38174967139559	0.3817631818882404	0.3817815184921011	0.38180977737408545	0.5725892226006964	0.5726116821734555	0.5726294674849133	0.572647873954773	0.5726721988012785	0.5727080728406105	0.7634640172801368	0.7634904540600301	0.763511625799539	0.7635335776740134	0.7635618522207447	0.7636021996796369	0.9543429427410264	0.9543715458057543	0.9543954980461088	0.9544203317556325	0.9544512588003384	0.9544935922700902
0.0	0.20962606675855727	0.4192431783891843	0.6288521482514089	0.8384509325940149	1.0480334275253054	0.08668979528025524	0.2963145344909621	0.5059300218545641	0.7155382534695164	0.9251388046459952	1.1347292679555783	0.1733704758898623	0.38299276238251717	0.5926066330632644	0.8022145632374487	1.0118176381642028	1.2214161506542893	0.26004410989401944	0.46966345615645805	0.679275635062202	0.8888835966338137	1.0984893068634474	1.3080943590593115	0.34671276639021276	0.55632904936743	0.7659398649421711	0.9755479006177837	1.185155502524352	1.3947652347970831	0.43337659252917526	0.6429916144808598	0.8526021406148351	1.062209966109112	1.2718177818945253	1.4814290488935031	0.0	0.0	0.0	0.0	0.0	0.0	0.1908149576884724	0.19082383342422818	0.19083072031077702	0.19083803694134732	0.1908481501920743	0.19086474494006922	0.3816356537068769	0.3816521987259183	0.3816652437480103	0.3816788194737267	0.3816972531915798	0.38172566839072813	0.5724624599780427	0.5724850058194474	0.5725028660863513	0.5725213606542662	0.5725458121636571	0.5725818784317571	0.7632950652150897	0.7633216064199845	0.7633428677481432	0.7633649238780894	0.7633933437744398	0.763433903185373	0.9541318236249101	0.9541605414800155	0.9541845960275357	0.9542095470628703	0.9542406307492464	0.9542831839324019
0.0	0.20967267139644008	0.4193363502685606	0.6289918459445295	0.8386370975685915	1.0482659579114473	0.08689506642826389	0.29656638929712376	0.5062284213701277	0.715883164877539	0.9255301906572738	1.1351670790271127	0.17378095729617943	0.3834498108820701	0.5931102102221866	0.8027646443241183	1.0124142059561716	1.2220591950902793	0.26065976007240077	0.4703256578552917	0.679984353069423	0.8896388155535268	1.0992910257300677	1.3089425914860076	0.3475335604071435	0.557196378443256	0.7668537011083776	0.9765082364116868	1.18616234768222	1.3958186174244467	0.4344025082239789	0.6440640580146642	0.853721088102949	1.0633754094329266	1.273029733122455	1.482687543455674	0.0	0.0	0.0	0.0	0.0	0.0	0.1907725492705683	0.19078145574123317	0.19078837150104827	0.1907957238601023	0.19080589171736909	0.19082258167014643	0.3815508735583005	0.3815674789490208	0.3815805784591638	0.3815942195607772	0.3816127506584243	0.38164132262861983	0.5723353410523278	0.5723579731483507	0.5723759084497856	0.5723944913075122	0.5724190698134289	0.5724553288117631	0.7631256382702676	0.7631522839203072	0.7631736349415248	0.7631957955550563	0.7632243611757435	0.7632651330540356	0.953920111116808	0.9539489438075948	0.9539731007954518	0.9539981694142947	0.9540294101365031	0.954072183548567
0.0	0.20971942786021594	0.4194298257716659	0.6291319989428229	0.8388238693160284	1.0484992461055629	0.08710048305316506	0.2968185411759813	0.5065272695449224	0.7162286764822589	0.9259223283219304	1.1356057931123513	0.17419172934257707	0.38390730152173463	0.593614380982377	0.8033154704625058	1.0130116702707648	1.2227032876194748	0.26127584587821345	0.4709884466324897	0.6806938095488206	0.8903949243586033	1.100093785980609	1.3097920169721045	0.34835493496514025	0.5580644394616924	0.7677684205706816	0.9774696069021688	1.187170379058379	1.3968733379915512	0.4354291493325386	0.645137378337962	0.8548410637136897	1.0645420322528503	1.274243015349574	1.4839475207332116	0.0	0.0	0.0	0.0	0.0	0.0	0.19073002173044162	0.19073895888885387	0.19074590354993848	0.19075329171761374	0.19076351433860053	0.19078029980591776	0.3814658553168815	0.38148252103071073	0.3814956750796114	0.38150938169975224	0.38152801044277274	0.3815567396374651	0.5722078651516865	0.5722305834870739	0.5722485939016173	0.5722672652407057	0.5722919710764817	0.5723284233055795	0.7629557355497631	0.7629824856638403	0.7630039264820313	0.7630261918071138	0.7630549035265366	0.7630958883862273	0.9537078040967503	0.9537367516672889	0.9537610112281898	0.9537861976881397	0.9538175958400564	0.9538605899951458
0.0	0.20976633658726565	0.41952360577362546	0.6292726085590411	0.839011249586335	1.048733294293849	0.08730604574044197	0.29707099114887314	0.5068265678368943	0.7165747901784392	0.9263152199716586	1.1360454129803343	0.17460279319894156	0.3843652359067979	0.594119147385101	0.8038670441302217	1.013610034022332	1.2233484315938703	0.2618923690652128	0.4716518246771525	0.6814040071252644	0.8911519261100972	1.1008975911127976	1.3106426394527657	0.34917689240166483	0.5589332351955427	0.7686840265376325	0.9784320157340138	1.188179600734324	1.3979294010170422	0.4364565187760569	0.6462115788072826	0.8559620712393436	1.0657098387974544	1.2754576332412395	1.4852089858284931	0.0	0.0	0.0	0.0	0.0	0.0	0.19068737484298864	0.19069634264128554	0.1907033162314138	0.19071074028771653	0.19072101782949952	0.1907378991211044	0.381380598532608	0.38139732451987957	0.38141053315780976	0.381424305438908	0.38144303209265623	0.38147191896485544	0.5720800316010872	0.572102836159364	0.572120921765089	0.5721396817768835	0.5721645152755426	0.5722011612349891	0.7627853561534453	0.7628122107492077	0.7628337414677964	0.7628561117322495	0.7628849699244855	0.7629261682783276	0.9534949014394865	0.9535239639326195	0.9535483261988116	0.953573630757371	0.9536051867325853	0.9536484021434212
0.0	0.20981339801731672	0.41961769115425634	0.6294136761129718	0.8391992401389002	1.048968104674223	0.08751175507809014	0.297323740241994	0.5071263177111899	0.7169215078703869	0.9267088679500377	1.1364859414143318	0.1750141500401853	0.38482361564991574	0.5946245114813368	0.804419367816932	1.0142093001396197	1.2239946303822007	0.26250933139469074	0.4723157941882601	0.682114948435847	0.8919098238836288	1.1017024446412687	1.3114944628824043	0.3499994350642283	0.5598027684300024	0.7696005222325164	0.9793954665690884	1.1891900168109757	1.398986811041329	0.4374846194882916	0.647286662794054	0.8570841144894424	1.066878833314904	1.276673591484748	1.486471943868174	0.0	0.0	0.0	0.0	0.0	0.0	0.19064460838204594	0.19065360677166615	0.19066060931838386	0.19066806934318867	0.19067840196273803	0.190695379388365	0.38129510275334655	0.38131188896330137	0.3813251522401003	0.38133899032438523	0.38135781515398814	0.38138686015625833	0.5719518397223144	0.5719747304857893	0.5719928913602681	0.5720117402359078	0.5720367017301619	0.57207354191859	0.7626144991769379	0.7626414582707937	0.762663078992718	0.7626855544242171	0.7627145594630208	0.7627559718224718	0.9532814020144582	0.9533105794718063	0.9533350445750817	0.9533604674896596	0.9533921816814723	0.953435618859372
0.0	0.20986061259246075	0.4197120827981019	0.6295552029314903	0.8393878427425615	1.0492036794564095	0.0877176116566358	0.29757678948643035	0.5074265206402092	0.7172688314720227	0.9271032746126213	1.1369273812119494	0.1754258010462811	0.3852824423711648	0.5951304753318439	0.8049724440244443	1.0148094715658762	1.2246418873700622	0.26312673463553177	0.4729803573747449	0.6828266361299744	0.8926686207694927	1.1025083500976909	1.3123474912348256	0.35082256531046246	0.5606730419627483	0.7705179108934627	0.9803599630864639	1.1902016314088208	1.4000455726267438	0.43851345441564693	0.6483626336847111	0.8582071972908885	1.0680490200730992	1.2778908947894947	1.4877364000033653	0.0	0.0	0.0	0.0	0.0	0.0	0.19060172212038237	0.1906107510520682	0.19061778258269382	0.19062527865574297	0.190635666509921	0.1906527403792878	0.3812093675248266	0.3812262139056171	0.3812395318706932	0.38125343590019367	0.3812723591705479	0.38130156275500104	0.5718232888339456	0.5718462657837163	0.5718645020040233	0.5718834399344431	0.5719085297566892	0.5719455646717717	0.7624431637115868	0.7624702273187103	0.7624919381464265	0.7625145189725043	0.7625436712313047	0.7625852981065185	0.953067304685759	0.9530965971477267	0.9531211652194269	0.9531467067473414	0.9531785795487638	0.9532222390036328
0.0	0.20990798075716502	0.4198067815944552	0.6296971903485942	0.8395770591756511	1.0494400208619985	0.08792361606914056	0.29783013991817714	0.5077271781036342	0.7176167629069212	0.9274984423269874	1.1373697351851904	0.17583774740227714	0.38574171769806903	0.595637041007202	0.8055262752667584	1.015410551258912	1.225290205959986	0.26374458056423455	0.47364551645552544	0.6835390728694118	0.893428319872715	1.1033153110308356	1.3132017285033062	0.35164628550814786	0.5615440586039775	0.7714361957734953	0.9813255089824807	1.1912144486679872	1.4011056903576264	0.43954302651721466	0.6494394948807493	0.8593313234880197	1.0692204033597523	1.279109547887062	1.4890023594097337	0.0	0.0	0.0	0.0	0.0	0.0	0.19055871582969605	0.190567775253496	0.19057483579512163	0.19058236799602465	0.1905928112415839	0.190609981864388	0.3811233923906345	0.38114029888932877	0.381153671591662	0.38116764170820616	0.3811866636839758	0.3812160263022659	0.5716943782513424	0.5717174413673006	0.5717357530100156	0.571754780185947	0.5717799986682648	0.5718172288067074	0.7622713488444491	0.7622985169787867	0.7623203180142731	0.7623430044623216	0.7623723043142207	0.7624141462140392	0.9528526083121197	0.9528820158179014	0.9529066869889223	0.9529323473874026	0.9529643791911564	0.9530082614314803
0.0	0.20995550295828902	0.4199017884373919	0.6298396397054534	0.8397668912260625	1.049677131124528	0.08812976891123046	0.298083792578183	0.5080282915884904	0.7179653041083893	0.9278943734728347	1.137813006160568	0.17624999029834904	0.38620144326566797	0.5961442105878956	0.8060808640701668	1.0160125421912183	1.2259395895715723	0.26436287096498706	0.47431127365959763	0.6842522613283909	0.8941889243131771	1.104123331006718	1.3140571787007527	0.35247059803532205	0.5624158211765331	0.7723553801406738	0.9822921079709056	1.192228472748418	1.4021671688405173	0.4405733387649039	0.6505172497988698	0.8604564969427716	1.070392987482567	1.2803295555314156	1.4902698272877135	0.0	0.0	0.0	0.0	0.0	0.0	0.19051558928060738	0.1905246791458784	0.19053176872537067	0.19053933713360383	0.19054983592718505	0.1905671036131002	0.381037176892199	0.381054143454785	0.381067570942929	0.3810816072881442	0.38110072823375807	0.3811302503370748	0.5715651072866288	0.5715882565474657	0.5716066436886771	0.5716257603006488	0.5716511077747983	0.5716885336323313	0.762099053658264	0.76212632633254	0.7621482176773017	0.7621710099745737	0.7622004577923437	0.7622425152242887	0.952637311746873	0.9526668343344591	0.9526916087352554	0.9527173882614448	0.9527495794599601	0.9527936849927968
0.0	0.21000317964510004	0.4199971042258014	0.6299825523504565	0.8399573406913121	1.0499150124895613	0.08833607078110249	0.2983377485123729	0.5083298625891847	0.7183144570195191	0.9282910704420501	1.1382571969791893	0.17666253092981796	0.3866616207165512	0.5966519861643633	0.8066362129733206	1.0166154473500482	1.2265900416415867	0.26498160762969825	0.47497763122608266	0.6849662041936734	0.8949504372256951	1.1049324136086907	1.3149138458598102	0.3532955052803135	0.5632883325159534	0.7732754672781593	0.9832597637830125	1.1932437078299678	1.4032300127042674	0.4416043941434832	0.6515959018710387	0.8615827215347522	1.0715667767693275	1.2815509224990085	1.4915388088626265	0.0	0.0	0.0	0.0	0.0	0.0	0.1904723422426526	0.1904814624980627	0.19048858114206382	0.1904961858369695	0.19050674033509998	0.19052410539377282	0.38095072056877916	0.3809677471401688	0.3809812294622528	0.3809953321775661	0.3810145523572152	0.3810442343962779	0.5714354752486724	0.5714587106318838	0.5714771733471923	0.5714963795855312	0.5715218563829503	0.5715594784543211	0.761926277231428	0.7619536544571504	0.7619756362122231	0.7619985345858346	0.7620281307419166	0.7620704042121811	0.9524214138379221	0.9524510515441048	0.9524759293046946	0.9525018282156533	0.9525341792010683	0.9525785085320402
0.0	0.21005101126928724	0.42009272986341506	0.6301259296392531	0.8401484093785963	1.0501536672147576	0.08854252227955471	0.2985920087716917	0.5086318926075639	0.7186642235932611	0.9286885356387964	1.1387023104968559	0.1770753704972071	0.38712225170092807	0.5971603698370831	0.8071923245273279	1.017219269737528	1.2272415656240863	0.2656007923580786	0.4756445914043209	0.6856809041646593	0.8957128617601422	1.1057425624375805	1.3157717340330142	0.3541210096418513	0.5641615954705953	0.7741964604843511	0.9842284801677343	1.194260158112568	1.404294226600219	0.44263619565072243	0.6526754545446416	0.8627100011614104	1.0727417755680821	1.282773653588979	1.4928093093848944	0.0	0.0	0.0	0.0	0.0	0.0	0.19042897448427912	0.1904381250778097	0.19044527281273832	0.1904529138735247	0.19046352423261617	0.19048098697366253	0.3808640229574542	0.3808811094814877	0.38089464668521905	0.3809088159118565	0.38092813558949157	0.38095797801454295	0.5713054814430704	0.5713288029249619	0.5713473412894833	0.5713666373443155	0.571392243796117	0.5714300625750828	0.7617530186379754	0.7617805004254419	0.7618025726913965	0.7618255773683281	0.7618553222348295	0.76189781224827	0.9522049134277162	0.9522346662880957	0.9522596475380656	0.9522856660907729	0.9523181772549328	0.9523627308882187
0.0	0.21009899828497677	0.4201886662588364	0.6302697729347985	0.8403400991048505	1.050393097569947	0.08874912400998312	0.29884657441211687	0.5089343831529417	0.7190146057924657	0.9290867714795689	1.139148349584136	0.17748851020623813	0.3875833378766401	0.5976693637165985	0.8077492012957956	1.0178240123707154	1.2278941649904926	0.26622042695763837	0.4763121564538859	0.686396363953416	0.8964762010814921	1.1065537811117476	1.3166308472928636	0.35494711352906455	0.5650356129016493	0.7751183630729175	0.985198260891708	1.1952778278162886	1.405359815202281	0.4436687462973877	0.6537559112824944	0.863838339738062	1.0739179882471843	1.2839977536232074	1.49408133413011	0.0	0.0	0.0	0.0	0.0	0.0	0.19038548577283956	0.1903946666517881	0.1904018435038404	0.19040952100958075	0.19042018738592756	0.19043774811892922	0.38077708359311224	0.38079423001256235	0.3808078221452285	0.38082205802421576	0.38084147746354463	0.38087148072434496	0.5711751251721314	0.5711985327278242	0.5712171468161933	0.5712365328774447	0.5712622693144142	0.5713002852937342	0.7615792769475553	0.7616068633058595	0.7616290261828065	0.7616521373899056	0.7616820313385987	0.7617247383987266	0.9519878093532221	0.9520176774022131	0.9520427622707226	0.95206890072208	0.952101572456536	0.9521463508948635
0.0	0.21014714114874827	0.4202849143255739	0.6304140836074039	0.8405324116968165	1.0506333058372128	0.08895587657841522	0.2991014464947081	0.5092373357421653	0.7193656055899665	0.9294857803932948	1.1395953171264803	0.17790195126789735	0.3880448809092431	0.5981789699236181	0.8083068458549449	1.0184296782817313	1.2285478432297399	0.26684051324378516	0.4769803286446982	0.6871125862848081	0.8972404583699661	1.1073660732672488	1.3174911897320016	0.3557738193616111	0.5659103876832845	0.7760411783729567	0.9861691097394524	1.196296721181531	1.4064267832071398	0.4447020491074062	0.6548372755630247	0.8649677411980878	1.0750954191955064	1.2852232274465456	1.4953548883992835	0.0	0.0	0.0	0.0	0.0	0.0	0.19034187587458515	0.1903510869855677	0.1903582929807183	0.1903660070103506	0.1903767295601278	0.19039438859462893	0.3806899020084366	0.3807071082650131	0.3807207553734838	0.38073505804564595	0.38075457751013103	0.380784742055952	0.5710444057348558	0.5710678993382918	0.5710865892246656	0.571106065482063	0.5711319322346563	0.5711701459060846	0.7614050512254046	0.7614327421624416	0.7614549957500354	0.7614782137140178	0.7615082571163375	0.7615511817253113	0.9517701004458902	0.9518000837167275	0.9518252723325143	0.9518515309393476	0.9518843636353566	0.9519293673799946
0.0	0.21019544031965046	0.42038147498207235	0.6305588630347829	0.8407253489911032	1.0508742943109701	0.08916278059353146	0.2993566260856445	0.5095407518996682	0.7197172249686487	0.9298855648214172	1.1400432160243217	0.1783156948984784	0.38850688247206566	0.5986891905890891	0.8088652607937012	1.0190362705178644	1.2292026038483947	0.2674610530398872	0.4776491102571041	0.6878295738965926	0.898005636821144	1.1081794425579632	1.3183527654633553	0.3566011295697608	0.5667859227027474	0.7769649097291119	0.9871410305134982	1.1973168424691738	1.4074951353344194	0.44573610711795764	0.6559195508803783	0.8660982094930557	1.0762740728225781	1.2864500799269711	1.4966299775190124	0.0	0.0	0.0	0.0	0.0	0.0	0.19029814455465952	0.19030738584361329	0.19031462100761623	0.19032237163994273	0.19033315051920424	0.19035090816470798	0.3806024777338937	0.3806197437682476	0.3806334458989774	0.38064781550493887	0.38066743525779484	0.38069776153741347	0.5709133224269175	0.5709369020508649	0.570955667808926	0.5709752344519978	0.5710012318503387	0.5710396437046161	0.7612303405323235	0.7612581360547965	0.7612804804522398	0.761303805399692	0.7613339986267339	0.7613771412853508	0.9515517855316241	0.9515818840563695	0.951607176547754	0.9516335555668164	0.9516665496153393	0.9517117791660901
0.0	0.2102438962592156	0.4204783491517417	0.6307041126020945	0.8409189128342458	1.051116065298037	0.08936983666665729	0.2996121142562314	0.509844633157491	0.7200694659214842	0.9302861272179452	1.1404920491931396	0.17872974231956537	0.38896934424620705	0.59920002785421	0.8094244487137207	1.0196437921416128	1.2298584503707135	0.2680820481772504	0.4783185035818677	0.6885473295394249	0.8987717396459836	1.1089938926556273	1.3192155786201871	0.3574290465943695	0.5676622208603511	0.7778895605015741	0.9881140270344069	1.1983381959606068	1.4085648763267302	0.4467709233794673	0.6570027407444275	0.867229748592743	1.0774539535586238	1.2876783159556393	1.497906606841547	0.0	0.0	0.0	0.0	0.0	0.0	0.19025429157709378	0.19026356298927974	0.19027082734766967	0.1902786146613563	0.19028945002603295	0.19030730659199782	0.3805148102977231	0.3805321360494512	0.3805458932484815	0.3805603299286664	0.38058005023285757	0.38061053869455025	0.5707818745406483	0.5708055401567074	0.5708243818596676	0.570844039077745	0.5708701674516228	0.5709087779784701	0.7610551439246559	0.761083044038082	0.7611054793441305	0.7611289115015114	0.7611592549240299	0.7612026161317182	0.9513328634307558	0.9513630772403038	0.9513884737351941	0.9514149734231693	0.9514481292148709	0.9514935850700625
0.0	0.21029250943147784	0.4205755377629936	0.6308498337019983	0.8411131050827781	1.0513586211177262	0.08957704541181602	0.2998679120829711	0.5101489810553708	0.72042233045164	0.9306874700495799	1.1409418195636039	0.17914409475814255	0.3894322679206649	0.5997114838705765	0.8099844122295541	1.0202522462308665	1.2305153863388414	0.2687035004952797	0.47898851092035016	0.689265855977056	0.899538770071037	1.1098094272500696	1.3200796333563458	0.35825757288708576	0.5685392850696992	0.778815134066325	0.9890881031410298	1.199360785958008	1.4096360109499644	0.44780650095583185	0.6580868486810146	0.868362362485399	1.0786350658548423	1.2889079404471804	1.4991847817451078	0.0	0.0	0.0	0.0	0.0	0.0	0.19021031670479835	0.1902196181848039	0.190226911762897	0.19023473583647288	0.1902456278423706	0.19026358363820714	0.3804268992259211	0.38044428463357055	0.3804580969465319	0.3804726008411639	0.3804924219594018	0.3805230730509383	0.5706500613650144	0.5706738129436226	0.5706927306642264	0.5707124786464441	0.5707387383253112	0.5707775480134212	0.7608794604542565	0.760907465162973	0.7609299914759396	0.7609535310695827	0.7609840250579893	0.7610276053128	0.9511133329580052	0.9511436620820896	0.9511691627079863	0.9511957833214907	0.9512291012467388	0.9512747839032175
0.0	0.2103412803029852	0.42067304174926573	0.6309960277346908	0.841307927603281	1.0516019641019054	0.08978440744571194	0.30012402064755844	0.5104537971407491	0.7207758205724967	0.9310895957957451	1.1413925300816183	0.1795587534465561	0.3898956551923091	0.6002235608001675	0.810545153968646	1.0208616358789175	1.2311734153128355	0.26932541184142494	0.47965913458446763	0.6899851559863035	0.9003067313384338	1.110626050049204	1.3209449338462738	0.3590867109102872	0.569417118257635	0.7797416338150981	0.990063262690483	1.2003846167843302	1.4107085439932947	0.4488428429243713	0.6591718782319161	0.8694960551777207	1.0798174141833947	1.2901389583397016	1.5004645076338974	0.0	0.0	0.0	0.0	0.0	0.0	0.19016621969956027	0.19017555119130192	0.19018287401419684	0.19019073492605387	0.1902016837288518	0.19021973906391915	0.3803387440422353	0.38035618904330804	0.38037005651542255	0.3803846277645251	0.380404549959266	0.3804353641279033	0.5705178821856074	0.5705417196960455	0.5705607135065736	0.5705805524418711	0.5706069437548403	0.5706459530918706	0.76070328916848	0.7607313984756507	0.7607540158934104	0.7607776631495256	0.7608083080738869	0.7608521078724857	0.9508931929224658	0.9509236373896662	0.950949242273668	0.9509759840692534	0.951009464518118	0.9510553744712408
0.0	0.21039020934281802	0.42077086204905795	0.6311426961079596	0.841503382272455	1.0518460965950887	0.08999192338776316	0.300380441036932	0.5107590829688409	0.7211299383077373	0.9314925069486946	1.1418441837084454	0.17997371962258316	0.3903595077659696	0.6007362608154511	0.8111066765714581	1.0214719641946026	1.231832540870826	0.2699477840712841	0.48033037689681324	0.6907052323571913	0.9010756267060382	1.111443764779208	1.3218114842852016	0.3599164631372178	0.570295723364397	0.7806690631555527	0.9910395095583384	1.201409692783511	1.4117824802694023	0.44987995237598183	0.6602578329550143	0.870630830695043	1.081001003037614	1.2913713745950126	1.5017457899383455	0.0	0.0	0.0	0.0	0.0	0.0	0.1901220003220349	0.19013136176876103	0.19013871386134013	0.19014661168973246	0.19015761744498105	0.1901757726285835	0.3802503442681483	0.3802678487991058	0.38028177147518955	0.38029641021858585	0.3803164337520284	0.380347411444505	0.5703853362846202	0.5704092596950179	0.5704283296672905	0.5704482597444132	0.5704747830202559	0.5705139924928219	0.7605266291101485	0.76055484301777	0.7605775516377642	0.76060130678244	0.760632103012476	0.7606761228501357	0.9506724421275645	0.9507030019653131	0.9507287112341207	0.9507555744682779	0.9507892178305304	0.9508353555741577
0.0	0.21043929702260666	0.4208689996059684	0.6312898402372376	0.8416994709771927	1.052091020954525	0.09019959386013864	0.3006371743433287	0.5110648401027073	0.7214846856914369	0.9318962060136192	1.1422967834208315	0.1803889945295016	0.39082382735452353	0.6012495860994896	0.8116689826915924	1.022083234302444	1.2324927666091734	0.27057061904870594	0.48100224019077714	0.6914260878930872	0.9018454594476057	1.1122625751846946	1.322679288889339	0.36074683205211366	0.5711751033437625	0.7815974255114346	0.9920168476388035	1.2024360183206697	1.4128578246146917	0.45091783241528854	0.6613447164244671	0.8717666930815263	1.0821858369322097	1.2926051941988494	1.5030286341153505	0.0	0.0	0.0	0.0	0.0	0.0	0.19007765833173856	0.19008704967603207	0.1900944310629623	0.19010236588600596	0.19011342874912512	0.19013168409050865	0.38016169942286254	0.3801792634191302	0.38019324134359556	0.3802079477209088	0.3802280728549915	0.3802592145175213	0.5702524229408242	0.5702764322181658	0.5702955784235468	0.5703155998310463	0.5703422553981901	0.570381665491857	0.7603494793175213	0.7603777978264292	0.7604005977456704	0.7604244610048759	0.7604554089099581	0.7604996492805509	0.9504510793710239	0.9504817546056112	0.9505075683855335	0.9505345533146943	0.9505683599798072	0.9506147260062949
0.0	0.2104885438165453	0.42096745536872077	0.6314374615456436	0.841896195614632	1.052336739550267	0.09040741948773234	0.3008942216642721	0.5113710701132572	0.7218400647680784	0.9323006955086769	1.1427503322110506	0.1808045794160459	0.39128861567886514	0.6017635388459237	0.8122320749957889	1.0226954493426597	1.2331540961424947	0.27119391864572473	0.4816747268104954	0.6921477254106665	0.902616232852759	1.1130824850287035	1.3235483518958797	0.36157782015013623	0.5720552611629947	0.782526724322538	0.9929952808446957	1.2034635977820962	1.4139345818892932	0.4519564861605863	0.6624325322306636	0.8729036464001259	1.0833719204032508	1.2938404221608706	1.504313045648289	0.0	0.0	0.0	0.0	0.0	0.0	0.1900331934870443	0.1900426146708255	0.19005002537655963	0.19005799727223194	0.1900691173985092	0.190087473206858	0.3800728090232922	0.3800904324192644	0.38010446563612227	0.3801192397867759	0.3801394667831747	0.38017077286144113	0.5701191414295574	0.5701432365396875	0.5701624590490877	0.5701825719753236	0.5702093601618495	0.5702489713611258	0.7601718388242785	0.7602002619341542	0.7602231532492305	0.7602471248488177	0.7602782247979675	0.7603226861939566	0.9502291034448417	0.9502598941014238	0.9502858125183822	0.9503129193989227	0.9503468897560685	0.9503934845562614
0.0	0.21053795020140872	0.42106623029119783	0.6315855614640332	0.8420935580922247	1.0525832547652554	0.09061540089822948	0.3011515841026552	0.5116777745793478	0.7221960775926692	0.9327059779651253	1.143204833087054	0.18122047553653078	0.3917538744680461	0.6022781212591286	0.8127959561640989	1.0233086124713553	1.23381653310387	0.2718176847427465	0.4823478391110527	0.6928701477401304	0.9033879502272244	1.1139034980929539	1.3244186775632703	0.36240942993759356	0.5729361998030803	0.7834569630449593	0.9939748131077139	1.2044924355755386	1.4150127569773678	0.4529959167440857	0.6635212839804859	0.8740416947328703	1.0845592580084618	1.2950770635149704	1.5055990300473456	0.0	0.0	0.0	0.0	0.0	0.0	0.18998860554517558	0.18999805650970492	0.1900054965584825	0.19001350560462169	0.19002468314921037	0.19004313973364348	0.37998367258405047	0.3800013553130948	0.38001544386595737	0.3800302859291749	0.38005061504930093	0.380082085988451	0.5699854910227046	0.570009671930334	0.5700289708142151	0.570049175447356	0.5700760965809968	0.5701159093693264	0.7599937066594956	0.7600222343688725	0.7600452171759525	0.7600692973416584	0.760100549703545	0.7601452326159774	0.9500065131352587	0.9500374192378636	0.9500634424173974	0.9500906715056412	0.9501248059436922	0.9501716300069158
0.0	0.21058751665657108	0.42116532533247897	0.6317341414310542	0.8422915603278104	1.0528305689954112	0.09082353872208432	0.30140926276673713	0.5119849550877991	0.7225527262307754	0.9331120559273755	1.1436602890725411	0.18163668415081288	0.39221960545925627	0.6027933355542144	0.813360628889904	1.0239227268605604	1.2344800811448977	0.27244191922849087	0.48302157945844343	0.6935933577251865	0.9041606148928302	1.1147256181778613	1.325290270171246	0.3632416639318945	0.573817922258703	0.7843881451510891	0.9949554483784491	1.2055225361302329	1.4160923547871542	0.4540361273118828	0.6646109752972985	0.8751808421808699	1.0857478543272492	1.2963151233193235	1.5068865928495774	0.0	0.0	0.0	0.0	0.0	0.0	0.18994389426219782	0.18995337494807876	0.1899608443639273	0.18996889063823205	0.1899801257561494	0.18999868342571724	0.3798942896174324	0.3799120316118951	0.3799261755439779	0.3799410856587835	0.3799615171637805	0.379993153408419	0.5698514709886727	0.5698757376573849	0.5698951129857627	0.5699154095137869	0.5699424639219244	0.56998247878168	0.75981508184761	0.75984371415388	0.7598667885487176	0.7598909775061659	0.7599223826491052	0.7599672875676036	0.9497833072227174	0.9498143287942515	0.9498404568615232	0.9498678084137439	0.9499021073212714	0.9499491611353255
0.0	0.2106372436640179	0.4212647414568641	0.6318832028931832	0.8424902042496646	1.0530786846496965	0.09103183359256628	0.3016672587702014	0.5122926132334644	0.7229100127586033	0.9335189319530849	1.1441167032070674	0.18205320652438395	0.39268581039792866	0.6033091839571427	0.8139260958800442	1.024537795698369	1.2351447439358485	0.2730666240001334	0.4836959502297254	0.6943173582232145	0.9049342301876852	1.1155488491027281	1.3261631340210338	0.36407452466170626	0.574700431538413	0.7853202741297947	0.9959371906265779	1.2065539038971083	1.417173380251188	0.45507712102413905	0.6657016098211397	0.87632109286452	1.0869377139609169	1.2975546066566128	1.5081757396191526	0.0	0.0	0.0	0.0	0.0	0.0	0.18989905939301638	0.18990856974019835	0.18991606854693432	0.18992415212696337	0.18993544497308862	0.18995410403676957	0.3798046596334112	0.37982246082462146	0.3798366601787462	0.3798516384839645	0.3798721726347068	0.37990397462889025	0.5697170805923846	0.5697414329846406	0.5697608848270894	0.5697812734377865	0.5698084614474497	0.5698486788599251	0.7596359634084124	0.7596647003078325	0.7596878663857715	0.7597121643604753	0.7597437226524278	0.7597888500651832	0.9495594844818511	0.9495906215441066	0.9496168546239065	0.9496443288963309	0.9496787926616049	0.9497260767127556
0.0	0.21068713170837172	0.42136447963392504	0.6320327473048023	0.8426894917966017	1.0533276041502424	0.09124028614577377	0.30192557323219515	0.5126007506192957	0.7232679392630912	0.9339266086132748	1.1445740785461838	0.1824700439283916	0.39315249103778577	0.6038256687047988	0.8144923598549163	1.025153822189064	1.2358105251658136	0.27369180096332874	0.48437095381306927	0.6950421521053413	0.9057087994662782	1.1163731947058695	1.327037273435503	0.36490801466701245	0.5755837306647102	0.786253353486528	0.9969200438409977	1.2075865433489479	1.418255838326487	0.45611890105515207	0.6667931912088177	0.877462450923623	1.0881288415328143	1.2987955186342033	1.5094664759475505	0.0	0.0	0.0	0.0	0.0	0.0	0.1898541006913623	0.18986364063914343	0.18987116886037347	0.1898792898235451	0.18989064055261776	0.1899094013193148	0.37971478213960946	0.3797326424578845	0.3797468972764813	0.3797619439107379	0.3797825809678277	0.3798145491550587	0.5695823190952357	0.5696067571723813	0.5696262855980371	0.5696467664790087	0.5696740884168713	0.5697145088622746	0.7594563503569901	0.7594851918446892	0.7595084497006679	0.7595328569180317	0.759564568726601	0.7596099191203648	0.949335043681413	0.9493662962550737	0.9493926344718261	0.9494202317206369	0.9494548607316253	0.9495023755045984
0.0	0.2107371812768992	0.4214645408385196	0.6321827761282202	0.8428894249180022	1.0535773299323843	0.09144889702063562	0.302184207277338	0.5129093688563588	0.723626507841931	0.9343350884923592	1.1450324181614757	0.18288719763964836	0.3936196491408561	0.604342792045015	0.815059423548504	1.0257708095531535	1.2364774285427493	0.274317452032236	0.4850465926077908	0.6957677422564797	0.9064843260995256	1.1171986588446665	1.3279126927592257	0.36574213649912773	0.5764678226740669	0.7871873867433553	0.9979040120298625	1.2086204589804324	1.4193397339946003	0.4571614705933936	0.6678857231339569	0.8786049205174409	1.0893212416883957	1.300037864384208	1.510758807453634	0.0	0.0	0.0	0.0	0.0	0.0	0.18980901790979463	0.18981858739682486	0.18982614505594683	0.18983430347953847	0.18984571224615646	0.18986457502469378	0.37962465664130407	0.3796425760159541	0.37965688634106415	0.3796720014427856	0.37969274166655087	0.37972487648977227	0.5694471857551019	0.5694717094773728	0.5694913145549375	0.5695118878935987	0.5695393440859773	0.5695799680434237	0.7592762417037365	0.7593051877737219	0.7593285375022784	0.7593530541876004	0.7593849198800317	0.7594304937401082	0.9491099835842879	0.949141351688937	0.9491677951667045	0.9491955156480438	0.9492303102924121	0.9492780562703859
0.0	0.2107873928595339	0.4215649260508372	0.6323332908337407	0.8430900055739055	1.0538278644447754	0.09165766685895117	0.30244316203578486	0.5132184695639198	0.7239857206036778	0.9347443741882769	1.145491725140716	0.1833046689407111	0.3940872864775763	0.6048605562366957	0.8156272897085262	1.0263887610275426	1.2371454577936711	0.27494357912962963	0.48572286902448447	0.696494131575486	0.9072608134749497	1.1180252453957689	1.3287893963587032	0.3665768927208598	0.5773527106171117	0.7881223774391649	0.998889099220813	1.209655655308392	1.420425072261887	0.45820483284168945	0.668979209287199	0.8797485058249206	1.0905149190954682	1.3012816490637598	1.5120527397839445	0.0	0.0	0.0	0.0	0.0	0.0	0.18976381079968888	0.18977340976397283	0.189780996884177	0.18978919284532478	0.18980065980394253	0.189819624903062	0.3795342826414027	0.3795522610007358	0.379566626874014	0.3795818105814282	0.3796026542319202	0.3796349561335091	0.5693116798263045	0.5693362891528329	0.5693559709505778	0.5693766369341584	0.5694042277070098	0.5694450556545144	0.7590956364543049	0.7591246870994689	0.7591481287947455	0.7591727551732197	0.759204775116398	0.7592505729266372	0.9488843029474349	0.948915786601561	0.9489423354640504	0.9489701794340224	0.9490051400991334	0.9490531177637314
0.0	0.21083776694889295	0.42166563625643205	0.6324842928997123	0.843291235735074	1.0540792101494698	0.0918665963053995	0.3027024386432518	0.5135280543694869	0.7243455796678082	0.9351544683125664	1.1459520025879568	0.18372245911989746	0.39455540482682394	0.605378963549867	0.8161959610965026	1.0270076798656154	1.237814616664752	0.27557018418692564	0.4863997854850665	0.6972213229752187	0.9080382649967558	1.1188529582551874	1.329667388622473	0.36741228590653097	0.5782383975586682	0.7890583291297215	0.9998753094610491	1.2106921368718955	1.4215118581596176	0.45924899101726063	0.6700736533762625	0.8808932110447688	1.0917098784442836	1.3025268778551176	1.5133482786128258	0.0	0.0	0.0	0.0	0.0	0.0	0.18971847911123113	0.1897281074901312	0.1897357240944013	0.1897439576700997	0.18975548297502645	0.18977455070338436	0.37944365964043253	0.37946169691175974	0.3794761183744769	0.37949137082561335	0.37951231816260456	0.3795447875843667	0.5691758005595923	0.569200495448413	0.5692202540341829	0.5692410128497283	0.5692687385286479	0.5693097709431191	0.7589145336095844	0.7589436888217115	0.7589672225774599	0.7589919588741787	0.7590241334346269	0.7590701556774169	0.9486580005218571	0.9486895997428617	0.9487162541134292	0.9487442218281035	0.9487793489010165	0.9488275587323007
0.0	0.21088830404029268	0.42176667244625465	0.6326357838125758	0.8434931173830581	1.0543313695220011	0.0920756860075517	0.3029620382410441	0.5138381249088545	0.7247060871647801	0.9355653734904418	1.1464132536236218	0.18414056947131272	0.3950240059759608	0.6058980162657356	0.8167654404878286	1.027627569337325	1.2384849089214285	0.27619726914422577	0.48707734442283485	0.6979493193826144	0.908816684085923	1.1196818013384007	1.330546673961234	0.36824831864205393	0.5791248865778464	0.7899952453877741	1.0008626468174515	1.211729908232389	1.4226000967441312	0.4602939483518173	0.671169059126051	0.8820390403955769	1.0929061244476788	1.3037735559658254	1.514645429642597	0.0	0.0	0.0	0.0	0.0	0.0	0.18967302259341284	0.1896826803236521	0.1896903264347666	0.18969859770186795	0.18971018150726587	0.18972935217342946	0.37935278713652937	0.3793708832461699	0.3793853603392157	0.3794006816719056	0.37942173295488724	0.3794543703380512	0.5690395472021262	0.5690643276101829	0.5690841630513999	0.5691050148857727	0.5691328757959921	0.5691741131532243	0.7587329321656799	0.7587621919354534	0.7587858178450394	0.7588106642849956	0.758842993828874	0.7588892409851332	0.9484310750525766	0.9484627898567809	0.9484895498584373	0.9485176415738518	0.9485529354413227	0.9486013779177868
0.0	0.2109390046317692	0.4218680356166926	0.6327877650669247	0.8436956525102763	1.054584345051484	0.09228493661591433	0.3032219619761202	0.5141486828261876	0.7250672452361375	0.9359770923609172	1.14687548138465	0.18455900129493366	0.39549309172093666	0.6064177166768129	0.8173357306719198	1.028248432729359	1.239156338348587	0.2768248359504355	0.48775554828260737	0.698678123738847	0.9095960741803835	1.1205117785805558	1.331427256808064	0.3690849935250678	0.5800121807681993	0.7909331298032322	1.0018511153767804	1.212768973973913	1.4236897930970718	0.4613397080917136	0.6722654302788295	0.8831859981160171	1.0941036618412923	1.3050216886289479	1.5159441986038087	0.0	0.0	0.0	0.0	0.0	0.0	0.1896274409940218	0.18963712801168717	0.18964480365222036	0.1896531126874345	0.18966475514731687	0.189684029059761	0.3792616646254198	0.379279819498706	0.37929435226259145	0.37930974261446815	0.3793308981026481	0.3793637038878595	0.5689029189974525	0.5689277848806037	0.5689476972442712	0.5689686422841522	0.5689966387505375	0.5690380815252043	0.7585508311138757	0.7585801954308841	0.758603913587293	0.7586288703953821	0.7586613552884862	0.7587078278376566	0.9482035252785885	0.9482353556812405	0.9482622214366567	0.948290437408821	0.9483258984573018	0.9483745740558638
0.0	0.21098986922409388	0.4219697267696017	0.632940238165553	0.8438988431200782	1.0548381392406923	0.09249434878392117	0.3034822110010991	0.5144597297740449	0.7254290560345491	0.9363896275768616	1.1473386890245671	0.18497775589659615	0.3959626638662927	0.6069380670869341	0.8179068344522468	1.0288702733451904	1.2398289087506287	0.27745288656325345	0.4884343995207272	0.6994077389993478	0.9103764387350589	1.1213428939365193	1.33230914161849	0.3699223131649423	0.5809002832377423	0.7918719859832017	1.0028407192457254	1.2138093387031692	1.4247809523254709	0.46238627349797456	0.6733627705942662	0.8843340884649	1.095302495383638	1.3062712811031585	1.5172445912553487	0.0	0.0	0.0	0.0	0.0	0.0	0.18958173405963707	0.18959145030018243	0.18959915549250564	0.18960750237239946	0.18961920364062892	0.1896385811077327	0.3791702916004113	0.3791885051616938	0.3792030936365539	0.37921855314505315	0.37923981309735344	0.37927278772466944	0.5687659151854871	0.568790866498513	0.5688108558512196	0.5688318942831093	0.5688600266301584	0.5689016752958056	0.7583682294406151	0.7583976982933599	0.7584215087892009	0.758446576190224	0.7584792167979831	0.7585259152180224	0.9479753499328368	0.9480072959481183	0.9480342675796308	0.9480626080645295	0.9480982366801675	0.9481471458761634
0.0	0.2110408983207924	0.42207174691234395	0.6330932046195109	0.8441026912268201	1.0550927546061535	0.09270392316796726	0.3037427864743134	0.5147712674134501	0.7257915217238989	0.9368029818051081	1.1478028797136126	0.18539683458805972	0.39643272422524495	0.6074590698113607	0.8184787546464565	1.0294930945052165	1.240502623951629	0.27808142294926663	0.4891139006051767	0.7001381681339391	0.9111577812220129	1.122175151381048	1.3331923328706754	0.37076028018289886	0.581789197109094	0.792811817552144	1.003831462551084	1.2148510070497183	1.425873579561964	0.4634336478464351	0.6744610838495908	0.8854833157213524	1.0965026298563014	1.3075223386729569	1.5185466133846754	0.0	0.0	0.0	0.0	0.0	0.0	0.1895359015356216	0.1895456469338708	0.1895533817001535	0.1895617665011506	0.18957352673143735	0.18959300806148077	0.3790786675523768	0.3790969397250297	0.3791115839506262	0.3791271127529865	0.3791484774280414	0.37918162133692473	0.5686285350024934	0.5686535716991018	0.5686736381070254	0.5686947701172452	0.5687230386690865	0.5687648936981253	0.7581851261274708	0.7582146995033731	0.7582386024308847	0.7582637806495505	0.7582965773370262	0.7583435021044008	0.947746547742176	0.9477786093832096	0.9478056870128261	0.9478341522664214	0.9478699488350598	0.9479190921022368
0.0	0.21109209242816176	0.4221740970578218	0.633246665948157	0.8443071988559333	1.0553481936782347	0.0929136604274359	0.30400368955985335	0.5150832974139544	0.7261546444793651	0.9372171577265497	1.1482680566388537	0.1858162386870644	0.39690327461975855	0.6079807271768719	0.8190514940864805	1.0301168995468855	1.2411774877954802	0.27871044708402865	0.489794054015673	0.7008694141269467	0.9119401051305798	1.1230085549089373	1.3340768350655856	0.37159889721210704	0.5826789255195891	0.7937526281520062	1.00482334943991	1.2158939836661435	1.4269676799649715	0.46448183442785673	0.6755603738397284	0.8866336841849677	1.0977040700641065	1.308774866648852	1.5198502708080202	0.0	0.0	0.0	0.0	0.0	0.0	0.18948994316611587	0.189499717656266	0.18950748201847714	0.18951590481685746	0.18952772416275734	0.18954730966391795	0.37898679196974266	0.37900512267616915	0.37901982269189305	0.37903542092515585	0.3790568905813095	0.3790902042106229	0.568490777681064	0.568515899713897	0.5685360432428087	0.5685572690175021	0.5685856740978921	0.5686277359615923	0.7580015201511203	0.7580311980365275	0.7580551934875828	0.7580804827485097	0.7581134358803947	0.7581605874700728	0.9475171174273411	0.9475492947061975	0.947576478455602	0.9476050687338378	0.9476410336410149	0.9476904114515243
0.0	0.21114345205528964	0.4222767782245163	0.6334006236792156	0.8445123680440008	1.055604459001237	0.09312356122469373	0.3042649214275813	0.5153958214536688	0.7265184264874722	0.9376321580362109	1.148734223004275	0.18623596951731838	0.39737431688055447	0.6085030415217902	0.8196250556185803	1.0307416918247594	1.2418535041459744	0.27933996095205293	0.49047486224368037	0.7016014799772311	0.9127234139674163	1.1238431085350886	1.3349626527270761	0.3724381668976904	0.5835694716213037	0.7946944214422658	1.005816384079575	1.2169382732281342	1.4280632587188016	0.4655308365479507	0.6766606443773417	0.8877851981758673	1.0989068208351982	1.3100288703674625	1.5211555693705063	0.0	0.0	0.0	0.0	0.0	0.0	0.1894438586940304	0.18945366220965495	0.18946145618956406	0.1894699170614634	0.18948179567637627	0.18950148565672564	0.37889466433847335	0.3789130535001105	0.37892780934498493	0.37894347714599513	0.3789650520412992	0.3789985358293	0.5683526424500972	0.5683778497707376	0.5683980704860057	0.5684193902111401	0.5684479321434612	0.5684902013119447	0.7578174104833151	0.7578471928635084	0.7578712809296195	0.7578966814573389	0.7579297913979557	0.7579771702833994	0.9472870577029089	0.9473193506306141	0.9473466406211728	0.9473753561799773	0.9474114898109266	0.9474611026353175
0.0	0.21119497771407028	0.4223797914365194	0.633555079348824	0.844718200838821	1.055861553133477	0.09333362622513454	0.30452648325319165	0.5157088412193408	0.7268828699461835	0.9380479854433561	1.1492013820309035	0.1866560284085887	0.3978458528472162	0.6090260151961049	0.8201994421034863	1.0313674747106711	1.2425306768869753	0.2799699665469404	0.4911563277925541	0.702334368698348	0.9135077112566772	1.1246788162947041	1.3358497904021016	0.37327809189688627	0.5844608385812313	0.7956372011001226	1.0068105706579795	1.2179838804347094	1.4291603210338895	0.46658065752756417	0.6777618992930334	0.8889378620349196	1.1001108870212757	1.3112843551917688	1.5224625149464166	0.0	0.0	0.0	0.0	0.0	0.0	0.18939764786104074	0.18940748033509283	0.18941530395427125	0.18942380297568098	0.1894357410128489	0.18945553578034963	0.37880228414206135	0.37882073167938585	0.3788355433920687	0.378851280897475	0.37887296128968695	0.378906615674021	0.5682141285347827	0.5682394210937605	0.5682597190603547	0.5682811329217223	0.5683098120289818	0.5683522889712154	0.7576327960908608	0.7576626829500624	0.7576868637223863	0.7577123757413442	0.7577456428546435	0.7577932495078025	0.9470563672772733	0.9470887758638159	0.9471161722165827	0.947145013311872	0.9471813160515218	0.9472311643587344
0.0	0.21124666991922778	0.42248313772358015	0.6337100345016036	0.8449246992995011	1.0561194786474015	0.0935438560971997	0.3047883762182543	0.5160223584064207	0.7272479770649907	0.9384646426716019	1.1496695369569443	0.18707641669673838	0.3983178843682504	0.6095496505615547	0.8207746564165039	1.0319942515938525	1.2432090099225706	0.280600465871435	0.49183845317761893	0.7030680833186495	0.9142930005401397	1.1255156822434327	1.3367382526608855	0.3741186748791184	0.5853530295813785	0.7965809708206174	1.007805913383692	1.2190308100083835	1.430258872146986	0.46763130070276765	0.6788641424354566	0.8900916801238733	1.1013162734977495	1.3125413265112909	1.5237711134393945	0.0	0.0	0.0	0.0	0.0	0.0	0.18935131040757633	0.18936117177239195	0.1893690250522141	0.18937756229898076	0.18938955991148618	0.18940945977398826	0.3787096508615051	0.3787281566940386	0.37874302431282536	0.37875883165908053	0.378780617805661	0.37881444322335756	0.5680752351565679	0.5681006129033667	0.5681209881858624	0.568142496369082	0.5681713129739091	0.5682139981576981	0.757447675935573	0.7574776672569531	0.7575019408262962	0.7575275645608563	0.7575609892104161	0.7576088241017203	0.94682504485259	0.9468575691069286	0.9468850719426508	0.9469140388303321	0.9469505110633054	0.9470005953206649
0.0	0.21129852918833092	0.4225868181211348	0.6338654906907026	0.8451318654965162	1.0563782381296627	0.09375425151237408	0.3050506015102256	0.5163363747190883	0.727613750064955	0.9388821324589738	1.1501386910378513	0.18749713572372217	0.3987904133010972	0.6100739499916545	0.821350701447555	1.03262202588099	1.2438885071771422	0.28123146093742324	0.4925212409261838	0.703802626881314	0.9150792853772489	1.12635371045743	1.3376280440969956	0.37495991852600624	0.5862460478187891	0.797525734316672	1.008802416486005	1.2200790666952352	1.431358917321242	0.46868276942488674	0.6799673776713615	0.8912466568254193	1.1025229851638185	1.3137997897421811	1.5250813707825528	0.0	0.0	0.0	0.0	0.0	0.0	0.18930484607281678	0.18931473626011813	0.1893226192217627	0.18933119476958765	0.1893432521103517	0.18936325737558932	0.3786167639753014	0.37863532802161587	0.3786502515844424	0.3786661289078038	0.3786880210659147	0.37872201795338056	0.5679359615331467	0.5679614244162108	0.567981877078793	0.5680034797693111	0.5680324341939557	0.5680753280859374	0.7572620489742624	0.7572921447399461	0.7573165111967702	0.7573422468712163	0.7573758294202401	0.7574238930185924	0.9465930891247579	0.9466257290548284	0.9466533384939522	0.9466824314299273	0.9467190735405419	0.9467693942137514
0.0	0.21135055604181122	0.42269083367034205	0.6340214494778516	0.8453397015117804	1.0566378341812064	0.09396481314524237	0.30531316032252276	0.516650891870344	0.7279801911788166	0.9393004575580327	1.1506088475464722	0.1879181868376962	0.3992634415122582	0.6105989158718399	0.8219275801013404	1.0332508009964065	1.2445691725955654	0.28186295376609577	0.49320469357772134	0.7045380024445436	0.915866569345332	1.1271929050335918	1.3385191693275944	0.3758018255315704	0.5871398965057677	0.7984714953193287	1.0098000842151929	1.2211286552651837	1.432460461846502	0.4697350670607318	0.6810716088858436	0.8924027965434554	1.103731026942753	1.3150597503275252	1.526393292938791	0.0	0.0	0.0	0.0	0.0	0.0	0.18925825459468576	0.18926817353558448	0.18927608620003566	0.18928470012447476	0.18929681734625547	0.1893169283218437	0.3785236229594333	0.37854224513715645	0.3785572246816018	0.37857317211813174	0.37859517054463415	0.37862933933764814	0.5677963068784415	0.5678218548451821	0.5678423849516496	0.5678640823347421	0.5678931749010727	0.5679362779667095	0.7570759141587099	0.7571061143497851	0.757130573784212	0.7571564216227504	0.7571901624340663	0.7572384552068362	0.9463604987833885	0.9463932543961112	0.9464209705587875	0.946450189798956	0.9464870021712244	0.9465375597243589
0.0	0.21140275100298808	0.42279518541813405	0.6341779124334378	0.8455482094387486	1.0568982694173994	0.09417554167347714	0.30557605385453707	0.5169659115820479	0.7283473026510593	0.9397196207359656	1.151080009773164	0.18833957139299612	0.3997369708772996	0.6111245505994962	0.8225052952973948	1.0338805803821407	1.2452510101433136	0.28249494638790884	0.49388881368385457	0.7052742130815759	0.9166548560396364	1.1280332700896165	1.339411632993527	0.3766443986021859	0.5880345788698583	0.7994182575777565	1.0107989208425425	1.2221795805120446	1.4335635110393854	0.4707881969925637	0.6821768399823338	0.8935601037031042	1.1049404037819361	1.3163212137374094	1.527706885900888	0.0	0.0	0.0	0.0	0.0	0.0	0.18921153570983795	0.18922148333483857	0.1892294257228874	0.1892380780993506	0.18925025535474121	0.18927047234817268	0.37843022728734377	0.3784489075131649	0.3784639430764541	0.37847996076202034	0.37850206571347234	0.37853640684717993	0.5676562704025635	0.5676819033993659	0.5677025110131356	0.5677243032739091	0.5677535343034111	0.5677968470069843	0.756889270435615	0.7569195750321394	0.7569441275339563	0.7569700877607187	0.7570039871967783	0.7570525096097948	0.9461272725117406	0.9461601438130282	0.9461879668191182	0.9462173126193815	0.9462542956370106	0.9463050905325107
0.0	0.2114551145980784	0.42289987441723537	0.6343348811365345	0.8457573913824541	1.0571595464680765	0.09438643777787452	0.3058392833116792	0.517281435584975	0.7287150867379739	0.9401396247746582	1.1515521810258755	0.18876129075020748	0.4002110032809324	0.6116508565840486	0.823083849970185	1.0345113674980546	1.2459340238065764	0.2831274408427036	0.4945736038084857	0.7060112618808225	0.9174441490734775	1.1288748097641625	1.3403054397594885	0.3774876404567458	0.5889300981540172	0.800366024859432	1.0117989306605442	1.2232318472537305	1.4346680702434969	0.4718421626182888	0.6832830748828036	0.8947185827509259	1.1061511206530885	1.3175841854691537	1.529022155691746	0.0	0.0	0.0	0.0	0.0	0.0	0.18916468915366066	0.1891746653926639	0.18918263752490946	0.18919132842866052	0.18920356587008766	0.18922388918872923	0.37833657642993923	0.3783553146196146	0.3783704062386215	0.3783864943088976	0.3784087060415523	0.3784432199504601	0.5675158513118184	0.5675415692840482	0.5675622544681594	0.5675841417915529	0.5676135116053268	0.5676570344099297	0.7567021167466019	0.7567325257276103	0.7567571713862756	0.7567832442253213	0.7568173026481982	0.7568660551657428	0.9458934089867285	0.9459263959814932	0.9459543259505746	0.9459837985668385	0.94602095261323	0.9460719853118954
0.0	0.21150764735622402	0.42300490172621774	0.6344923571749832	0.8459672494596183	1.0574216679776771	0.09459750214238563	0.3061028499054382	0.517597465618901	0.7290835457077731	0.9405604724708366	1.152025364630316	0.18918334627622874	0.40068554061710276	0.6121778362470792	0.8236632470692559	1.0351431658220074	1.2466182175924587	0.28376043917978294	0.49525906652790064	0.7067491519460013	0.9182344520783977	1.1297175282170346	1.3412005943142369	0.3783315538267499	0.5898264576167292	0.8013148009502837	1.0128001179830635	1.22428546033245	1.435774144829652	0.4728969673515607	0.684390317527894	0.8958782381550752	1.1073631825524513	1.3188486710475227	1.5303391083646276	0.0	0.0	0.0	0.0	0.0	0.0	0.18911771466025917	0.1891277194425654	0.1891357213394161	0.18914445084557222	0.1891567486252942	0.18917717857638375	0.37824266985555993	0.37826146592391846	0.3782766136351688	0.3782927722256345	0.3783150909954379	0.37834977811340803	0.5673750488086612	0.5674008517006717	0.5674216145177905	0.5674435970885767	0.5674731060073361	0.567516839374868	0.7565144520281611	0.756544965371673	0.7565697042763212	0.7565958899516401	0.7566301077230291	0.7566790908078295	0.9456589068788489	0.9456920095710104	0.9457200466223825	0.9457496463105614	0.9457869717688118	0.9458382427297953
0.0	0.21156034980950839	0.42311026840953353	0.6346503421454436	0.8461777857987176	1.0576846366053294	0.09480873545411372	0.3063667548533952	0.5179140034326333	0.7294526818406379	0.9409821666361313	1.1524995639300362	0.18960573934426664	0.40116058478900424	0.6127054920223565	0.8242434895592754	1.035775978849917	1.2473035955290614	0.2843939434579231	0.49594520443079715	0.7074878863961804	0.9190257687042283	1.130561429629263	1.3420971013706897	0.37917614145633793	0.590723660532058	0.802264589654759	1.013802487145424	1.2253404246148079	1.4368817401959948	0.47395261462184063	0.685498571876993	0.8970390744053955	1.1085765945008967	1.3201146760248539	1.5316577500033013	0.0	0.0	0.0	0.0	0.0	0.0	0.1890706119624519	0.1890806452167646	0.18908867689843953	0.189097445081971	0.18910980335207608	0.18913034024271919	0.3781485070299706	0.3781673608909196	0.3781825647305937	0.3781987939765357	0.3782212200391246	0.37825608079936945	0.5672338620916832	0.5672597498468219	0.567280590359245	0.5673026683620325	0.5673323167061026	0.5673762610972619	0.7563262752116302	0.7563568928946575	0.7563817251341044	0.7564080238696196	0.7564424013508353	0.7564916154640584	0.9454237648521571	0.9454569832446497	0.9454851274973398	0.9455148545133599	0.9455523517662603	0.9456038614470619
0.0	0.21161322249297623	0.42321597553755497	0.634808837653452	0.8463890025400612	1.057948455024947	0.09502013840336213	0.3066309993792914	0.5182310507840978	0.7298224974288248	0.9414047100972032	1.1529747822865732	0.19002847133393141	0.4016361377091924	0.6132338263559692	0.824824580420189	1.036409810095934	1.2479901616656728	0.2850279557455021	0.49663202011843305	0.7082274683659469	0.9198181026192764	1.131406518203309	1.3429949656661488	0.38002140610244356	0.5916217101898192	0.8032153947960163	1.014806042504621	1.226396744992036	1.4379908617682486	0.47500910787456846	0.6866078419084257	0.8982010960136292	1.1097913615441592	1.3213822059813058	1.5329780867223088	0.0	0.0	0.0	0.0	0.0	0.0	0.18902338079176315	0.1890334424461923	0.18904150393272248	0.1890503108684524	0.18906272978085717	0.18908337391802388	0.3780540874163457	0.37807299898287655	0.3780882589868123	0.3781045590233246	0.3781270926340247	0.3781621274691015	0.5670922903555893	0.5671182629162049	0.5671391811858645	0.5671613548050983	0.5671911428944143	0.5672352987686926	0.7561375852231647	0.7561683072217187	0.7561932328844674	0.756219644904038	0.7562541824560141	0.7563036280572594	0.9451879815642301	0.9452213156590107	0.9452495672317799	0.9452794218315829	0.9453170912616194	0.9453688401180798
0.0	0.21166626594465246	0.4233220241866119	0.6349678453134788	0.8466009018358676	1.058213125925325	0.09523171168363632	0.30689558471304845	0.5185486094403794	0.7301929947767246	0.9418281056958215	1.1534510230795487	0.19045154363123915	0.40211220129960634	0.6137628417063675	0.825406522647279	1.0370446630925196	1.2486779200728664	0.2856624781205093	0.49731951620465475	0.7089679010054537	0.9206114575103922	1.1322527981631523	1.3438941919624061	0.3808673505348221	0.5925206098956273	0.804167220215992	1.015810788439405	1.2274544263800997	1.4391015149998396	0.4760664505712174	0.6877181316195282	0.8993643075135096	1.1110074887529453	1.3226512665249905	1.5343001246671162	0.0	0.0	0.0	0.0	0.0	0.0	0.1889760208784163	0.188986110860482	0.1889942021717117	0.1890030479343157	0.18901552764076324	0.18903627933128472	0.37795941047525594	0.37797837965944986	0.3779936958631458	0.37801006682513016	0.378032708238954	0.37806791758075936	0.5669503327911775	0.5669763900986271	0.5669973861870949	0.567019655607059	0.5670495837611641	0.5670939515768397	0.7559483809837111	0.7559792072728105	0.7560042264470564	0.7560307519744801	0.7560654499577679	0.756115127505061	0.9449515556661334	0.944985005464189	0.9450133644755379	0.9450433469150843	0.9450811889044383	0.945133177390733
0.0	0.21171948070556287	0.42342841543903326	0.6351273667489897	0.8468134858503463	1.0584786520102412	0.09544345599167059	0.30716051209081663	0.5188666811777896	0.7305641762009509	0.9422523562889734	1.1539282897067968	0.1908749576286701	0.4025887774916479	0.6142925405444617	0.8259893192512842	1.0376805413905867	1.2493668748426627	0.286297512670633	0.4980076953160052	0.7097091874805488	0.9214058370831173	1.1331002737544589	1.344794785045933	0.3817139775361568	0.5934203629710224	0.8051200697755471	1.0168167293504504	1.228513473719884	1.4402137053721056	0.4771246461894133	0.6888294450267878	0.9005287134609224	1.112224981223116	1.3239218632921732	1.5356238700143354	0.0	0.0	0.0	0.0	0.0	0.0	0.1889285319513259	0.18893865018796183	0.18894677134354984	0.18895565600755568	0.18896819665961395	0.18898905621017936	0.37786447566465226	0.3778835023776862	0.37789887481630435	0.37791531683847096	0.37793806631011595	0.3779734505898805	0.5668079885853156	0.5668341305799716	0.5668552045484634	0.5668775699532819	0.5669076384913259	0.5669522187054578	0.7557586614089749	0.7557895919626534	0.75581470473629	0.7558413439953056	0.7558762027700735	0.7559261127198597	0.9447144858023807	0.9447480513037362	0.944776517871911	0.9448066284071842	0.9448446433377322	0.9448968719063658
0.0	0.21177286731975498	0.4235351503831886	0.635287403592509	0.8470267567597818	1.0587450359985624	0.09565537202745908	0.30742578275502613	0.5191852677819393	0.7309360440304346	0.9426774647489781	1.1544065855845016	0.19129871472522464	0.4030658682262581	0.6148229253537207	0.8265729732585193	1.0383174485596391	1.250057030088689	0.28693306149334374	0.4986965600918286	0.7104513309729004	0.922201245061832	1.1339489492447494	1.345696749728069	0.3825612899021761	0.5943209727536088	0.8060739473546267	1.0178238696605364	1.2295738919773953	1.4413274383945178	0.4781836982230895	0.6899417861660183	0.9016943184341019	1.1134438440759042	1.3251940019475124	1.536949328971984	0.0	0.0	0.0	0.0	0.0	0.0	0.18888091373808924	0.18889106015564627	0.18889921117506736	0.18890813481485474	0.1889207365639149	0.18894170428106807	0.3777692824398493	0.37778836659200177	0.37780379530037067	0.3778203085172386	0.3778431663010851	0.37787872594936844	0.566665256920916	0.5666914835421729	0.5667126354515533	0.5667350970251922	0.5667653062659298	0.5668100993343509	0.7555684254093874	0.755599460200701	0.7556246666613252	0.755651419875616	0.7556864398016484	0.755736582608786	0.9444767706108927	0.9445104518146189	0.9445390260576173	0.944569264944627	0.944607453197941	0.9446599222997413
0.0	0.21182642633431745	0.4236422301135271	0.6354479574856768	0.8472407167526105	1.0590122806243392	0.09586746049426288	0.307691397954414	0.5195043710477854	0.7313086006064876	0.9431034339635715	1.1548859141472994	0.1917228163264421	0.4035434754539558	0.6153539986302297	0.8271574877109515	1.0389553881878686	1.2507483899462954	0.2875691266959213	0.4993861131843166	0.7111943346800624	0.9229976851898395	1.1347988289235036	1.3466000908451452	0.38340929044168637	0.5952224425971071	0.8070288568523317	1.0188322138146364	1.2306356861438725	1.4424427196048109	0.47924361018252276	0.6910551590924159	0.9028611270337057	1.114664082458009	1.3264676881841726	1.538276507779618	0.0	0.0	0.0	0.0	0.0	0.0	0.18883316596497982	0.1888433404892296	0.18885152139177572	0.18886048408157594	0.18887314707885053	0.18889422326898683	0.3776738302535119	0.377692971754169	0.3777084567667868	0.3777250413126846	0.37774800766279404	0.37778374310947915	0.5665221369769157	0.5665484481631977	0.566569678073984	0.566592236000253	0.5666225862620422	0.5666675926393537	0.755377671890079	0.7554088108911141	0.7554341111260321	0.7554609785192284	0.7554961599559245	0.7555465360736785	0.9442384087229639	0.944272205627185	0.9443008876627623	0.9443312551575481	0.9443696171148962	0.9444223271990081
0.0	0.21188015829940068	0.42374965573061846	0.6356090300793117	0.8474553680295034	1.0592803886369095	0.09607972209864775	0.3079573589440824	0.519823992779709	0.7316818482829043	0.9435302668360267	1.1553662788484198	0.19214726384447395	0.40402160113493124	0.6158857628828037	0.827742865666336	1.039594363882309	1.2514409585727306	0.2882057103955695	0.5000763572586436	0.7119382018156309	0.9237951612295434	1.1356499171023566	1.3475048132587022	0.3842579819767274	0.5961247758715295	0.807984802187115	1.0198417662801358	1.2316988612360238	1.4435595545692403	0.4803043855945274	0.6921695678807733	0.9040291438830503	1.1158857015418508	1.327742927724102	1.5396054127086292	0.0	0.0	0.0	0.0	0.0	0.0	0.18878528835693936	0.18879549091307796	0.18880370171785968	0.18881270353175536	0.18882542792827686	0.18884661289763985	0.3775781185556396	0.3775973173133008	0.3776128586643384	0.3776295146734047	0.37765258984351757	0.37768850151780564	0.5663786279282528	0.5664050236170206	0.5664263315893876	0.5664489860519418	0.5664794776527425	0.5665246977923077	0.7551863997508482	0.7552176429327294	0.7552430370289619	0.7552700188246438	0.7553053621310168	0.7553559720110533	0.943999398763223	0.9440333113651247	0.9440621013108	0.9440925976694353	0.9441311337117817	0.9441840852256619
0.0	0.2119340637682402	0.4238574283411997	0.63577062303348	0.8476707128034592	1.0595493628010157	0.09629215755050187	0.30822366698553944	0.5201441347915803	0.7320557894260475	0.9439579662852644	1.1558476831598203	0.19257205869812188	0.4045002472391076	0.6164182206330735	0.828329110198323	1.0402343792689697	1.2521347401472966	0.2888428147194656	0.5007672949930397	0.7126829356093397	0.9245936769625659	1.1365022181152429	1.3484109218556557	0.3851073673426334	0.5970279759632652	0.8089417872968894	1.0208525315469636	1.232763422296181	1.4446779488827615	0.4813660280025323	0.6932850166255806	0.9051983736282345	1.117108706525719	1.3290197263182004	1.5409360500624374	0.0	0.0	0.0	0.0	0.0	0.0	0.18873728063756795	0.18874751115021948	0.1887557518761674	0.1887647928880922	0.18877757883471116	0.18879887288938954	0.3774821467935466	0.37750140271583094	0.37751700043913483	0.377533728045319	0.377556912288853	0.37759300061925827	0.5662347289458365	0.5662612090735948	0.5662825951673796	0.566305346349721	0.5663359796070933	0.5663814139610311	0.7549946078861213	0.7550259552190188	0.755051443263307	0.7550785396850076	0.7551140452196843	0.755164889312063	0.9437597393495837	0.9437937676454212	0.9438226656184833	0.9438532910970788	0.9438920016050842	0.9439451949944954
