0.0	0.49999999999999983	0.9999999999999997	0.00044389204545416293	0.500443892045454	1.0004438920454537	0.000887784090908212	0.5008877840909081	1.0008877840909078	0.0	0.0	0.0	0.5000000000000002	0.5000000000000002	0.5000000000000002	1.0000000000000004	1.0000000000000004	1.0000000000000004
0.0	0.5000002955971059	1.000000591193224	0.0008877840904849295	0.5008880796874433	1.0008883752837103	0.0017755681802784622	0.501775863777089	1.0017761593735048	0.0	0.0	0.0	0.4999997044753956	0.4999997044762849	0.49999970447717423	0.9999994089511867	0.9999994089525698	0.999999408953953
0.0	0.5000007882621704	1.0000015765200183	0.001331676659337411	0.501332464920851	1.0013332531793693	0.0026633533156828902	0.5026641415765367	1.0026649298357224	0.0	0.0	0.0	0.4999992119337602	0.4999992119375918	0.4999992119414232	0.9999984238691916	0.9999984238751836	0.9999984238811752
0.0	0.5000014779982057	1.0000029559850305	0.001775570276293158	0.5017770482727506	1.0017785262613768	0.0035511405447638737	0.5035526185394618	1.0035540965298777	0.0	0.0	0.0	0.4999985223726278	0.49999852238260695	0.499998522392585	0.9999970447495469	0.9999970447652139	0.9999970447808789
0.0	0.5000023648094234	1.0000047295953052	0.0022194654656288817	0.5022218302714132	1.0022241950610793	0.004438930915167299	0.5044412957172817	1.004443660510701	0.0	0.0	0.0	0.4999976357888027	0.49999763580928397	0.4999976358297625	0.9999952715863221	0.999995271618568	0.9999952716508085
0.0	0.5000034487011974	1.0000068973602125	0.0026633627516429916	0.5026668114462975	1.0026702601121789	0.005326725474574655	0.5053301741626182	1.0053336228352971	0.0	0.0	0.0	0.4999965521783938	0.49999655221487976	0.49999655225135997	0.9999931043721954	0.9999931044297599	0.9999931044873125
0.0	0.5000047296800614	1.0000094592914437	0.003107262658639451	0.503111992328032	1.0031167219507118	0.006214525270689406	0.5062192549292812	1.0062239845631265	0.0	0.0	0.0	0.49999527153681744	0.49999527159595697	0.4999952716550864	0.9999905430984594	0.9999905431919148	0.9999905432853489
0.0	0.5000062077537123	1.0000124154030177	0.0035511657109520483	0.5035573734484423	1.0035635811150807	0.007102331351270012	0.507108539072306	1.007114746756045	0.0	0.0	0.0	0.49999379385879344	0.4999937939483804	0.49999379403795136	0.9999875877550133	0.9999875878967625	0.9999875880384772
0.0	0.5000078829310055	1.000015765711272	0.003995072432934146	0.5040029553405362	1.0040108381460338	0.007990144764122761	0.5079980276479407	1.0080059104782888	0.0	0.0	0.0	0.49999211913835007	0.499992119267322	0.4999921193962704	0.9999842383303731	0.999984238534647	0.9999842387388694
0.0	0.5000097552219595	1.0000195102348717	0.004438983348967641	0.5044487385385172	1.0044584935866836	0.008877966557115459	0.5088877217136646	1.0088974767964947	0.0	0.0	0.0	0.49999024736881964	0.49999024754725635	0.4999902477256604	0.9999804948116625	0.9999804950945177	0.9999804953773
0.0	0.500011824637754	1.0000236489948058	0.004882898983481951	0.504894723577802	1.004906547982522	0.00976579777820469	0.5097776223282139	1.0097894467797255	0.0	0.0	0.0	0.49998817854284033	0.49998817878196233	0.49998817902104115	0.9999763571846164	0.9999763575639327	0.9999763579431502
0.0	0.5000140911907301	1.0000281820143877	0.005326819860935585	0.5053409109950016	1.0053550018814026	0.010653639475415096	0.5106677305515608	1.0106818214994493	0.0	0.0	0.0	0.4999859126523561	0.4999859129645233	0.4999859132766357	0.9999718254335814	0.999971825929059	0.9999718264244077
0.0	0.5000165548943907	1.000033109319255	0.005770746505842083	0.5057873013279478	1.005803855833566	0.01154149269688493	0.5115580474449593	1.0115746020295848	0.0	0.0	0.0	0.49998344968861663	0.4999834500873271	0.4999834504859702	0.9999668995415151	0.9999669001746725	0.9999669008076668
0.0	0.5000192157634019	1.0000384309373738	0.006214679442762759	0.5062338951156882	1.0062531103916372	0.012429358490843114	0.5124485740709244	1.0124677894464826	0.0	0.0	0.0	0.49998078964217574	0.4999807901420639	0.49998079064187206	0.9999615794899829	0.9999615802841543	0.9999615810781247
0.0	0.5000220738135915	1.0000441468990349	0.006658619196317577	0.506680692898494	1.0067027661106325	0.013317237905649943	0.5133393114932703	1.0133613848289618	0.0	0.0	0.0	0.49997793250289324	0.4999779331197288	0.49997793373647215	0.999955865259162	0.9999558662394948	0.9999558672195856
0.0	0.5000251290619498	1.0000502572368548	0.007102566291187524	0.5071276952178647	1.0071528235479628	0.01420513198977865	0.5142302607770933	1.014255389258293	0.0	0.0	0.0	0.49997487825993425	0.4999748790106206	0.4999748797612038	0.99994975682784	0.9999497580212924	0.9999497592144593
0.0	0.5000283815266305	1.0000567619857792	0.0075465212521193545	0.5075749026165326	1.0076032832634416	0.015093041791847908	0.5151214229888054	1.0151498038182338	0.0	0.0	0.0	0.49997162690176833	0.49997162780434123	0.4999716287068024	0.9999432541734133	0.9999432556087515	0.9999432570437595
0.0	0.5000318312269515	1.0000636611830822	0.00799048460394396	0.5080223156384824	1.0080541458193033	0.015980968360637175	0.5160127991961495	1.016044629595044	0.0	0.0	0.0	0.4999681784161692	0.49996817948979516	0.49996818056330444	0.999936357271886	0.999936358979682	0.9999363606871032
0.0	0.5000354781833926	1.0000709548683644	0.008434456871550554	0.5084699348289233	1.0085054117801746	0.016868912745052103	0.5169043904681636	1.016939867677448	0.0	0.0	0.0	0.4999645327902167	0.4999645340551917	0.4999645353200502	0.9999290660978741	0.9999290681105033	0.9999290701227144
0.0	0.5000393224175999	1.0000786430835593	0.008878438579934407	0.5089177607343409	1.0089570817131293	0.0177568759942079	0.517796197875268	1.0178355191567254	0.0	0.0	0.0	0.49996069001029286	0.499960691488041	0.49996069296567935	0.9999213806245983	0.9999213829762367	0.9999213853274169
0.0	0.500043363952382	1.0000867258729271	0.009322430254159469	0.5093657939024557	1.0094091561876442	0.018644859157366515	0.5186882224891985	1.0187315851266423	0.0	0.0	0.0	0.49995665006208606	0.49995665177515786	0.49995665348813517	0.9999133008238911	0.9999133035505129	0.9999133062766418
0.0	0.5000476028117133	1.0000952032830606	0.009766432419392108	0.5098140348822607	1.0098616357756387	0.01953286328399303	0.5195804653830665	1.019628066683512	0.0	0.0	0.0	0.49995241293058795	0.4999524149026591	0.4999524168746617	0.9999048266661914	0.9999048298055666	0.9999048329444218
0.0	0.5000520390207345	1.0001040753628865	0.010210445600904563	0.5102624842240248	1.0103145210514803	0.02042088942376337	0.5204729276313663	1.0205249649262058	0.0	0.0	0.0	0.4999479786000929	0.4999479808559627	0.49994798311180283	0.9998959581205435	0.9998959617122352	0.9998959653033901
0.0	0.5000566726057494	1.0001133421636597	0.010654470324056942	0.5107111424792723	1.01076781259196	0.021308938626541447	0.5213656103099508	1.0214222809561226	0.0	0.0	0.0	0.49994334705420124	0.4999433496197912	0.49994335218540603	0.9998866951546034	0.9998866992399651	0.9998867033247869
0.0	0.5000615035942308	1.0001230037389732	0.011098507114332096	0.5111600102008228	1.0112215109763374	0.02219701194243076	0.522258514496087	1.0223200158772523	0.0	0.0	0.0	0.4999385182758143	0.4999385211781667	0.4999385240806169	0.9998770377346284	0.9998770423568022	0.9998770469784496
0.0	0.5000665320148171	1.0001330601447527	0.011542556497324273	0.5116090879427768	1.011675616786324	0.023085110421763137	0.5231516412684422	1.0232181707961574	0.0	0.0	0.0	0.49993349224713796	0.49993349551441424	0.499933498781883	0.999866985825485	0.9998669910293984	0.9998669962328193
0.0	0.5000717578973143	1.0001435114392607	0.011986618998746373	0.5120583762605254	1.0121301306060941	0.02397323511510955	0.5240449917070972	1.0241167468219892	0.0	0.0	0.0	0.49992826894968007	0.4999282726111597	0.4999282762729513	0.9998565393906436	0.999856545223007	0.9998565510549364
0.0	0.5000771812726954	1.000154357683095	0.01243069514443547	0.5125078757107546	1.01258505302229	0.024861387073294824	0.5249385668935597	1.0250157450664998	0.0	0.0	0.0	0.4999228483642522	0.49992285245033086	0.49992285653686974	0.9998456983921812	0.9998457049014859	0.9998457114104439
0.0	0.5000828021731027	1.0001655989391924	0.01287478546036531	0.5129575868514602	1.0130403846240368	0.025749567347413918	0.5258323679107832	1.0259151666440633	0.0	0.0	0.0	0.49991723047096753	0.49991723501315577	0.4999172395559853	0.9998344627907781	0.9998344700272932	0.9998344772635824
0.0	0.5000886206318467	1.000177235272828	0.013318890472635342	0.5134075102419359	1.013496126002931	0.026637776988824434	0.5267263958431583	1.026815012671666	0.0	0.0	0.0	0.49991141524924215	0.4999114202801639	0.49991142531194516	0.9998228325457202	0.9998228405614901	0.9998228485771942
0.0	0.5000946366834078	1.0001892667516177	0.01376301070749456	0.5138576464427987	1.0139522777530672	0.02752601704917654	0.5276206517765443	1.0277152842689405	0.0	0.0	0.0	0.49990540267779315	0.4999054082311842	0.49990541378569486	0.9998108076148952	0.999810816463737	0.9998108253127181
0.0	0.5001008503634368	1.000201693445519	0.014207146691334464	0.5143079960159825	1.0144088404710323	0.028414288580413	0.5285151367982696	1.0286159825581656	0.0	0.0	0.0	0.49989919273463945	0.499899198845346	0.49989920495747925	0.9997983879547938	0.9997983976922956	0.9997984074301921
0.0	0.500107261708755	1.0002145154268316	0.014651298950699512	0.5147585595247484	1.0148658147559158	0.02930259263478292	0.5294098519971456	1.0295171086642805	0.0	0.0	0.0	0.4998927853971014	0.4998927921010786	0.4998927988068419	0.9997855735205098	0.9997855842040269	0.9997855948882516
0.0	0.5001138707573548	1.000227732770199	0.015095468012289415	0.5152093375336878	1.015323201209313	0.030190930264850965	0.5303047984634771	1.0304186637148958	0.0	0.0	0.0	0.4998861806418004	0.4998861879761109	0.49988619531262485	0.9997723642657389	0.9997723759543918	0.9997723876441297
0.0	0.5001206775484013	1.000241345552611	0.015539654402967357	0.5156603306087321	1.0157810004353371	0.031079302523509558	0.5311999772890748	1.0313206488403082	0.0	0.0	0.0	0.49987937844465813	0.4998793864474704	0.49987939445296775	0.9997587601427766	0.9997587728974486	0.9997587856536547
0.0	0.5001276821222324	1.0002553538534036	0.015983858649766095	0.5161115393171587	1.0162392130406248	0.03196771046399066	0.5320953895672681	1.032223065173512	0.0	0.0	0.0	0.4998723787808968	0.49987238749148366	0.49987239620530804	0.9997447611025196	0.9997447749858539	0.9997447888712513
0.0	0.5001348845203591	1.000269757754261	0.01642808127988522	0.5165629642275892	1.0166978396343351	0.03285615513986788	0.5329910363929076	1.0331259138502036	0.0	0.0	0.0	0.49986518162503846	0.49986519108377575	0.4998652005463806	0.9997303670944642	0.9997303821708614	0.9997303972499392
0.0	0.500142284785467	1.0002845573392163	0.016872322820707213	0.5170146059100057	1.0171568808281664	0.033744637605076074	0.5338869188623852	1.034029196008801	0.0	0.0	0.0	0.4998577869509054	0.4998577971992703	0.49985780745221786	0.9997155780667066	0.9997155944023223	0.9997156107413332
0.0	0.5001498829614163	1.0002997526946544	0.017316583799792458	0.5174664649357477	1.017616337236354	0.03463315891391609	0.53478303807364	1.0349329127904525	0.0	0.0	0.0	0.4998501947316186	0.4998502058121882	0.49985021689814824	0.9997003939659405	0.9997004116286822	0.999700429295641
0.0	0.5001576790932443	1.0003153439093144	0.017760864744902037	0.5179185418775353	1.018076209475696	0.035521720121082324	0.5356793951261876	1.0358370653390654	0.0	0.0	0.0	0.49984240493959753	0.49984241689604714	0.49984242885879593	0.9996848147374557	0.9996848337969809	0.9996848528616619
0.0	0.5001656732271635	1.0003313310742876	0.01820516618397374	0.518370837309445	1.0185364981655265	0.036410322281638166	0.536575991121094	1.03674165480128	0.0	0.0	0.0	0.499834417546561	0.4998344304236629	0.49983444330808224	0.9996688403251415	0.9996688608528544	0.9996688813867897
0.0	0.5001738654105646	1.000347714283022	0.018649488645159067	0.5188233518069483	1.0189972039277575	0.03729896645106475	0.5374728271610266	1.0376466823265234	0.0	0.0	0.0	0.4998262325235258	0.4998262463671474	0.49982626021922344	0.999652470671482	0.9996524927405316	0.9996525148170088
0.0	0.5001822556920171	1.0003644936313243	0.019093832656806094	0.5192760859468962	1.0194583273868638	0.03818765368524721	0.5383699043502422	1.0385521490669964	0.0	0.0	0.0	0.4998178498408058	0.4998178646979083	0.49981787956473045	0.9996357057175556	0.9996357294028324	0.9996357530968929
0.0	0.500190844121269	1.0003816692173597	0.01953819874747513	0.5197290403075343	1.0199198691698983	0.03907638504049371	0.5392672237946049	1.0394580561776938	0.0	0.0	0.0	0.4998092694680127	0.49980928538664954	0.49980930131640944	0.9996185454030364	0.9996185707811702	0.9996185961696068
0.0	0.5001996307492482	1.000399241141654	0.01998258744594197	0.520182215468507	1.020381829906497	0.03996516157354365	0.5401647866015957	1.0403644048164133	0.0	0.0	0.0	0.4998004913740556	0.49980050840337076	0.49980052544536113	0.9996009896661926	0.9996010168155497	0.9996010439769047
0.0	0.500208615628064	1.0004172095070962	0.020426999281201046	0.5206356120108623	1.020844210228886	0.04085398434158157	0.5410625938803282	1.041271196143773	0.0	0.0	0.0	0.4997915155271396	0.49979153371736623	0.49979155192198	0.9995830384438846	0.9995830674445652	0.9995830964591286
0.0	0.5002177988110077	1.0004355744189413	0.020871434782474354	0.5210892305170619	1.021307010771891	0.041742854402245975	0.5419606467415577	1.042178431323222	0.0	0.0	0.0	0.4997823418947657	0.49978236129722453	0.4997823807159535	0.9995646916715644	0.9995647226053996	0.9995647535552069
0.0	0.5002271803525541	1.0004543359848115	0.021315894479216987	0.5215430715709874	1.021770232172946	0.04263177281364249	0.5428589462976965	1.0430861115210561	0.0	0.0	0.0	0.49977297044373015	0.4997729911108278	0.4997730117962619	0.9995459492832739	0.999545982233824	0.9995460152026541
0.0	0.5002367603083606	1.0004734943146951	0.02176037890111619	0.5219971357579392	1.022233875072091	0.04352074063434805	0.5437574936628159	1.0439942379064195	0.0	0.0	0.0	0.4997634011401255	0.499763423125353	0.499763445131179	0.9995268112116478	0.9995268462641985	0.999526881337572
0.0	0.5002465387352705	1.0004930495209536	0.022204888578101455	0.5224514236646489	1.0226979401119878	0.04440975892342302	0.5446562899526629	1.0449028116513248	0.0	0.0	0.0	0.499753633949338	0.49975365730726923	0.49975368068826986	0.9995072773879078	0.9995073146294684	0.9995073518946451
0.0	0.5002565156913121	1.0005130017183195	0.022649424040354253	0.5229059358792896	1.0231624279379288	0.045298828740435136	0.5455553362846828	1.0458118339306741	0.0	0.0	0.0	0.4997436688360489	0.49974369362233895	0.4997437184343918	0.9994873477418654	0.9994873872611656	0.9994874268071433
0.0	0.5002666912357013	1.0005333510239007	0.023093985818301962	0.5233606729914705	1.0236273391978352	0.046187951145445674	0.5464546337780071	1.0467213059222504	0.0	0.0	0.0	0.4997335057642328	0.49973353203561643	0.4997335583356929	0.9994670222019189	0.9994670640894062	0.9994671060069181
0.0	0.500277065428843	1.0005540975571845	0.023538574442637343	0.5238156355922594	1.0240926745422798	0.04707712719904781	0.5473541835534945	1.0476312288067589	0.0	0.0	0.0	0.4997231446971564	0.49972317251144655	0.49972320035761086	0.9994463006950501	0.9994463450428877	0.9994463894244006
0.0	0.5002876383323291	1.000575241440033	0.023983190444310534	0.524270824274172	1.0245584346244752	0.047966357962355544	0.5482539867337175	1.0485416037678126	0.0	0.0	0.0	0.49971258559738096	0.499712615013467	0.4997126444648752	0.9994251831468305	0.9994252300488935	0.9994252769886058
0.0	0.5002984100089427	1.0005967827966915	0.024427834354540365	0.5247262396311874	1.0250246201002924	0.048855644497017646	0.5491540444429795	1.0494524319919527	0.0	0.0	0.0	0.4997018284267596	0.4997018595046057	0.4997018906215047	0.9994036694814142	0.9994037190332881	0.999403768627128
0.0	0.5003093805226589	1.0006187217537903	0.02487250670482542	0.52518188225876	1.025491231628275	0.04974498786524967	0.5500543578073493	1.0503637146686844	0.0	0.0	0.0	0.49969087314643573	0.49969090594707954	0.499690938790806	0.9993817596215366	0.9993818119205137	0.9993818642661372
0.0	0.5003205499386445	1.000641058440344	0.025317208026938924	0.5256377527538141	1.0259582698696321	0.05063438912981417	0.5509549279546394	1.051275452990455	0.0	0.0	0.0	0.4996797197168452	0.49967975430239586	0.4996797889353753	0.9993594534885172	0.9993595086335942	0.999359563830383
0.0	0.5003319183232602	1.0006637929877558	0.0257619388529385	0.5260938517147559	1.0264257354882536	0.05152384935404934	0.5518557560144377	1.052187648152688	0.0	0.0	0.0	0.49966836809771403	0.49966840453135075	0.49966844101709634	0.9993367510022557	0.9993368090941313	0.999336867243191
0.0	0.5003434857440611	1.000686925529818	0.026206699715176533	0.5265501797414843	1.0268936291507198	0.05241336960188009	0.552756843118119	1.0531003013537932	0.0	0.0	0.0	0.49965681824805874	0.4996568565940293	0.4996568949971411	0.9993136520812331	0.9993137132223047	0.999313774426463
0.0	0.5003552522697989	1.0007104562027183	0.02665149114629677	0.5270067374353897	1.0273619515263046	0.05330295093782045	0.5536581903988493	1.054013413795176	0.0	0.0	0.0	0.4996450701261847	0.49964511044980364	0.49964515083596756	0.9992901566425075	0.9992902209368688	0.9992902853006731
0.0	0.500367217970423	1.000734385145039	0.02709631367924565	0.5274635253993661	1.027830703286987	0.054192594426988316	0.5545597989916017	1.054926986681252	0.0	0.0	0.0	0.49963312368968615	0.4996331660573332	0.4996332084933199	0.9992662646017147	0.999266332155153	0.9992663997848691
0.0	0.5003793829170806	1.0007587124977595	0.02754116784727696	0.5279205442378164	1.0282998851074567	0.05508230113512298	0.5554616700331738	1.0558410212194662	0.0	0.0	0.0	0.49962097889544616	0.4996210233745646	0.49962106792822863	0.9992419758730682	0.9992420467930615	0.999242117796671
0.0	0.5003917471821191	1.0007834384042607	0.027986054183957425	0.5283777945566601	1.0287694976651258	0.05597207212858802	0.5563638046621939	1.0567555186203006	0.0	0.0	0.0	0.499608635699635	0.49960868235873	0.4996087290990089	0.9992172903693555	0.9992173647650698	0.999217439252269
0.0	0.500404310839087	1.0008085630103258	0.028430973223166497	0.5288352769633338	1.0292395416401279	0.0568619084743736	0.5572662040191231	1.0576704800972772	0.0	0.0	0.0	0.49959609405771055	0.4995961429663476	0.4995961919632607	0.9991922080019391	0.9991922859842257	0.999192364066423
0.0	0.5004170739627348	1.0008340864641436	0.028875925499111214	0.5292929920668074	1.0297100177153362	0.05775181124013559	0.5581688692462957	1.0585859068669998	0.0	0.0	0.0	0.4995833539244172	0.49958340515322036	0.4995834564778681	0.9991667286807547	0.9991668103621473	0.9991668921524616
0.0	0.5004300366290182	1.0008600089163135	0.02932091154632824	0.5297509404775887	1.0301809265763722	0.058641781494180076	0.5590718014879069	1.0595018001491445	0.0	0.0	0.0	0.49957041525378415	0.4995704688744344	0.49957052259899715	0.9991408523143074	0.9991409378090191	0.999141023422278
0.0	0.5004431989150967	1.0008863305198432	0.029765931899680853	0.5302091228077198	1.0306522689115984	0.05953182030547572	0.5599750018900239	1.0604181611664694	0.0	0.0	0.0	0.49955727799912714	0.4995573340843608	0.49955739028209795	0.9991145788096749	0.9991146682335962	0.9991147577863337
0.0	0.5004565608993373	1.0009130514301563	0.0302109870943809	0.5306675396708018	1.031124045412149	0.06042192874368768	0.5608784716006231	1.0613349911448553	0.0	0.0	0.0	0.49954394211304565	0.4995440007366527	0.4995440594819017	0.9990879080725026	0.9990880015431977	0.9990880951536529
0.0	0.5004701226613144	1.0009401718050919	0.030656077665976788	0.5311261916819834	1.0315962567719175	0.06131210787915918	0.5617822117695718	1.0622522913132881	0.0	0.0	0.0	0.49953040754742356	0.49953046878424595	0.49953053015242144	0.9990608400070046	0.9990609376437092	0.999061035431824
0.0	0.5004838842818125	1.00096769180491	0.031101204150374387	0.531585079457984	1.0320689036875819	0.06220235878294605	0.5626862235486654	1.0631700629038978	0.0	0.0	0.0	0.49951667425342755	0.4995167381793574	0.4995168022469503	0.9990333745159601	0.9990334764395783	0.9990335785269956
0.0	0.500497845842826	1.0009956115922916	0.03154636708382969	0.532044203617087	1.0325419868585985	0.06309268252680998	0.5635905080916207	1.064088307151952	0.0	0.0	0.0	0.49950274218150753	0.4995028088734855	0.499502875718062	0.9990055115007149	0.9990056178338166	0.9990057243438785
0.0	0.5005120074275631	1.0010239313323452	0.031991567002966834	0.5325035647791604	1.0330155069872267	0.0639830801832469	0.5644950665541076	1.0650070252958912	0.0	0.0	0.0	0.4994886112813942	0.49948868081740805	0.4994887505176086	0.9989772508611765	0.9989773617279943	0.9989774727857401
0.0	0.500526369120445	1.0010526511926063	0.032436804444768846	0.5329631635656475	1.0334894647785176	0.06487355282547988	0.5653999000937415	1.0659262185773204	0.0	0.0	0.0	0.4994742815021004	0.4994743539611829	0.4994744265967214	0.9989485924958159	0.9989487080222426	0.998948823754407
0.0	0.5005409310071083	1.0010817713430422	0.032882079946593375	0.5334230005995854	1.0339638609403359	0.06576410152747879	0.5663050098701053	1.0668458882410339	0.0	0.0	0.0	0.4994597527919191	0.49945982825414664	0.4994599039058096	0.9989195363016652	0.9989196566152505	0.9989197771502618
0.0	0.5005556931744065	1.0011112919560543	0.03332739404618177	0.5338830765056145	1.0344386961833714	0.0666547273639809	0.5672103970447716	1.0677660355350387	0.0	0.0	0.0	0.49944502509842353	0.4994451036449141	0.4994451823945594	0.9988900821743157	0.9988902074042639	0.9988903328722422
0.0	0.5005706557104127	1.0011412132064836	0.033772747281653644	0.5343433919099767	1.034913971221138	0.06754543141048513	0.5681160627812992	1.0686866617105535	0.0	0.0	0.0	0.49943009836846475	0.4994301800813766	0.4994302620119327	0.9988602300079152	0.9988603602850818	0.998860490817837
0.0	0.5005858187044183	1.001171535271609	0.03421814019151645	0.5348039474405233	1.035389686769982	0.06843621474326847	0.5690220082452488	1.0696077680220235	0.0	0.0	0.0	0.49941497254817374	0.4994150575107033	0.49941514270616866	0.998829979695171	0.9988301151520603	0.9988302508830903
0.0	0.5006011822469387	1.0012022583311575	0.03466357331467967	0.5352647437267348	1.0358658435491073	0.06932707843941067	0.569928234604213	1.0705293557271556	0.0	0.0	0.0	0.4993996475829571	0.4993997358793375	0.4993998244247793	0.9987993311273412	0.9987994718981033	0.9987996129625921
0.0	0.5006167464297111	1.0012333825673008	0.03510904719044508	0.5357257813997092	1.0363424422805603	0.07021802357678295	0.5708347430278028	1.071451426086903	0.0	0.0	0.0	0.49938412341749944	0.4993842151329988	0.4993843071145521	0.9987682841942406	0.9987684304146681	0.9987685769494842
0.0	0.5006325113456983	1.0012649081646618	0.03555456235852443	0.536187061092183	1.0368194836892564	0.07110905123407324	0.5717415346876766	1.0723739803654981	0.0	0.0	0.0	0.4993683999957612	0.4993684952166806	0.4993685907215476	0.9987368387842346	0.9987369905917604	0.9987371427354546
0.0	0.5006484770890892	1.001296835310317	0.036000119359037554	0.5366485834385303	1.0372969685029787	0.07200016249079365	0.5726486107575485	1.073297019830461	0.0	0.0	0.0	0.4993524772609784	0.4993525760746504	0.4993526751910993	0.9987049947842402	0.998705152317934	0.9987053102107378
0.0	0.5006646437553031	1.0013291641938038	0.03644571873253049	0.5371103490747849	1.037774897452404	0.07289135842730293	0.5735559724132142	1.0742205457526295	0.0	0.0	0.0	0.49933635515565983	0.4993364576504466	0.4993365604678109	0.9986727520797201	0.9986729154802857	0.9986730792641094
0.0	0.5006810114409871	1.0013618950071157	0.03689136101995824	0.5375723586386209	1.0382532712710812	0.07378264012478754	0.5744636208325306	1.0751445594061366	0.0	0.0	0.0	0.49932003362158994	0.49932013988688156	0.49932024649555895	0.9986401105546876	0.9986402799644603	0.9986404497828912
0.0	0.5006975802440212	1.001395027944713	0.03733704676271424	0.5380346127693864	1.0387320906954711	0.07467400866530882	0.5753715571954672	1.0760690620684672	0.0	0.0	0.0	0.4993035125998252	0.4993036227260379	0.4993037332174897	0.9986070700917006	0.9986072456546435	0.9986074216529444
0.0	0.5007143502635202	1.0014285632035254	0.037782776502624016	0.5384971121080996	1.0392113564649421	0.07556546513179246	0.5762797826840975	1.0769940550204495	0.0	0.0	0.0	0.49928679203069337	0.4992869061092677	0.4992870205760177	0.9985736305718589	0.9985738124335609	0.9985739947586673
0.0	0.5007313215998326	1.0014625009829516	0.0382285507819511	0.538959857297454	1.0396910693217767	0.07645701060804809	0.5771882984826182	1.077919539546276	0.0	0.0	0.0	0.4992698718537944	0.4992699899771935	0.49927010851282716	0.998539791874807	0.9985399801824794	0.9985401689829986
0.0	0.5007484943545457	1.0014968414848675	0.03867437014340186	0.5394228489818274	1.0401712300111834	0.07734864617876813	0.5780971057773521	1.078845516933509	0.0	0.0	0.0	0.4992527520079978	0.4992528742697056	0.4992529969688692	0.9985055538787285	0.9985057487812017	0.9985059442074109
0.0	0.5007658686304859	1.0015315849136284	0.03912023513014449	0.5398860878073017	1.0406518392813189	0.07824037292956858	0.5790062057567896	1.079771988473124	0.0	0.0	0.0	0.49923543243144225	0.4992355589259617	0.49923568588436146	0.9984709164603451	0.9984711181080661	0.9984713203119102
0.0	0.5007834445317195	1.0015667314760697	0.039566146285790096	0.5403495744216451	1.0411328978832692	0.07913219194696024	0.5799155996115612	1.080698955459482	0.0	0.0	0.0	0.49921791306153634	0.49921804388438756	0.49921817519878875	0.9984358794949182	0.9984360880399475	0.9984362971750376
0.0	0.500801222163557	1.0016022813815155	0.04001210415441989	0.5408133094743427	1.0416144065710862	0.0800241043183912	0.5808252885344837	1.08162641919038	0.0	0.0	0.0	0.49920019383495495	0.4992003290826735	0.49920046485089953	0.998400442856242	0.9984006584522507	0.998400874673862
0.0	0.5008192016325536	1.00163823484178	0.040458109280582494	0.5412772936165948	1.0420963661017846	0.08091611113224531	0.5817352737205587	1.082554380967051	0.0	0.0	0.0	0.4991822746876403	0.4991824144577753	0.4991825547787069	0.9983646064166449	0.9983648292189117	0.9983650526839819
0.0	0.5008373830465104	1.0016745920711703	0.04090416220929827	0.5417415275013229	1.042578777235351	0.08180821347785652	0.5826455563669896	1.0834828420941813	0.0	0.0	0.0	0.49916415555480104	0.4991642999459134	0.49916444491948775	0.9983283700469885	0.9983286002123963	0.998328831079524
0.0	0.5008557665144792	1.001711353286494	0.0413502634860708	0.5422060117831847	1.0430616407347624	0.08270041244552281	0.5835561376731986	1.084411803879932	0.0	0.0	0.0	0.49914583637090915	0.4991459854825698	0.49914613520977974	0.9982917336166611	0.9982919713036946	0.9982922097331368
0.0	0.5008743521467605	1.0017485187070578	0.04179641365688671	0.5426707471185732	1.0435449573659834	0.08359270912651033	0.58446701884083	1.0853412676359409	0.0	0.0	0.0	0.4991273170697029	0.4991274710024908	0.49912762558538387	0.9982546969935832	0.9982549423623255	0.9982551885159965
0.0	0.5008931400549091	1.0017860885546772	0.04224261326822166	0.5431357341656279	1.0440287278979838	0.08448510461307014	0.5853782010737721	1.0862712346773502	0.0	0.0	0.0	0.4991085975841818	0.4991087564396822	0.4991089159813598	0.9982172600441975	0.9982175132563272	0.9982177672977967
0.0	0.5009121303517342	1.0018240630536766	0.04268886286705123	0.5436009735842449	1.044512953102748	0.08537759999844796	0.586289685578167	1.0872017063228157	0.0	0.0	0.0	0.49908967784660846	0.49908984172741117	0.4990900063320277	0.9981794226334738	0.9981796838522619	0.9981799459467526
0.0	0.5009313231513016	1.0018624424308942	0.04313516300085401	0.5440664660360833	1.044997633755284	0.08627019637690078	0.5872014735624294	1.088132683894528	0.0	0.0	0.0	0.49907055778850673	0.49907072679820413	0.4990708965709662	0.9981411846249035	0.9981414540152103	0.9981417243295971
0.0	0.5009507185689365	1.0019012269156877	0.043581514217614865	0.544532212184571	1.0454827706336314	0.08716289484370333	0.588113566237256	1.0890641687182252	0.0	0.0	0.0	0.4990512373406604	0.49905141158384564	0.4990515866310112	0.9981025458804984	0.9981028236087705	0.9981031023115778
0.0	0.5009703167212253	1.0019404167399377	0.04402791706583588	0.5449982126949171	1.0459683645188764	0.08805569649515897	0.5890259648156378	1.0899961621232062	0.0	0.0	0.0	0.4990317164331126	0.4990318960153776	0.49903207644425507	0.9980635062607884	0.9980637924950556	0.9980640797564561
0.0	0.5009901177260174	1.0019800121380509	0.04447437209453486	0.5454644682341122	1.0464544161951534	0.08894860242861087	0.5899386705128737	1.0909286654423462	0.0	0.0	0.0	0.49901199499516485	0.4990121800230986	0.49901236594204595	0.9980240656248206	0.9980243605346929	0.9980246565265053
0.0	0.5010101217024281	1.0020200133469659	0.04492087985326196	0.545930979470948	1.0469409264496679	0.08984161374246463	0.5908516845465953	1.091861680012125	0.0	0.0	0.0	0.4989920729553757	0.49899226353656234	0.49899245505498646	0.997984223830156	0.9979845275868204	0.9979848324825081
0.0	0.5010303287708393	1.0020604206061554	0.04536744089209113	0.54639774707601	1.0474278960726884	0.09073473153617867	0.5917650081367583	1.0927952071726186	0.0	0.0	0.0	0.4989719502415607	0.49897214648457766	0.49897234371293336	0.9979439807328697	0.9979442935090873	0.9979446074837564
0.0	0.5010507390529038	1.0021012341576345	0.04581405576163882	0.5468647717216993	1.047915325857575	0.09162795691029742	0.5926786425056798	1.093729248267541	0.0	0.0	0.0	0.49895162678078986	0.4989518287952059	0.4989520318449951	0.9979033361875456	0.9979036581576481	0.9979039813880456
0.0	0.5010713526715457	1.0021424542459612	0.0462607250130688	0.5473320540822392	1.0484032166007848	0.09252129096645728	0.5935925888780453	1.094663804644251	0.0	0.0	0.0	0.49893110249938777	0.4989313103957611	0.4989315193795321	0.9978622900472768	0.997862621387164	0.9978629540516758
0.0	0.5010921697509644	1.0021840811182439	0.046707449198088016	0.5477995948336737	1.048891569101874	0.09341473480738705	0.5945068484809121	1.0955988776537606	0.0	0.0	0.0	0.4989103773229317	0.4989105912128081	0.49891080624415457	0.9978208421636616	0.9978211830507976	0.9978215253294472
0.0	0.5011131904166342	1.0022261150241418	0.04715422886895857	0.54826739465388	1.049380384163511	0.09430828953693027	0.5954214225437316	1.096534468650756	0.0	0.0	0.0	0.49888945117625244	0.49888967117216343	0.4988898923657237	0.9977789923868058	0.9977793430002161	0.9977796950746625
0.0	0.5011344147953097	1.002268556215875	0.04760106457850622	0.5487354542225821	1.0498696625914952	0.09520195626005393	0.5963363122983641	1.0974705789936183	0.0	0.0	0.0	0.4988683239834304	0.49886855019889115	0.49886877767034726	0.997736740565314	0.9977371010855824	0.9977374631391184
0.0	0.5011558430150271	1.0023114049482265	0.048047956880130575	0.5492037742213619	1.0503594051947684	0.09609573608287314	0.5972515189791033	1.0984072100444486	0.0	0.0	0.0	0.49884699566779594	0.49884722821730343	0.4988474620833806	0.9976940865462911	0.9976944571555566	0.9976948293731068
0.0	0.5011774752051046	1.0023546614785444	0.048494906327790785	0.5496723553336461	1.050849612785404	0.09698963011263381	0.5981670438226608	1.099344363169054	0.0	0.0	0.0	0.4988254661519297	0.4988257051509608	0.4988259455294263	0.997651030175342	0.9976514110572955	0.9976517936254149
0.0	0.501199311496147	1.0023983260667504	0.04894191347603563	0.5501411982447403	1.0513402861786436	0.09788363945775046	0.5990828880682079	1.1002820397369932	0.0	0.0	0.0	0.4988037353576591	0.49880398092266864	0.498804227932331	0.9976075712965656	0.9976079626364469	0.9976083557433189
0.0	0.5012213520200486	1.0024423989753448	0.049388978879995576	0.5506103036418236	1.0518314261928963	0.09877776522781216	0.5999990529573836	1.1012202411215875	0.0	0.0	0.0	0.49878180320605786	0.4987820554544767	0.49878230921518507	0.9975637097525537	0.997564111737148	0.9975645155725824
0.0	0.5012435969099927	1.0024868804694067	0.04983610309539079	0.551079672213957	1.0523230336497447	0.09967200853358421	0.6009155397342977	1.1021589686999225	0.0	0.0	0.0	0.4987596696174466	0.49875992866767954	0.49876018930032284	0.9975194453843914	0.9975198582020263	0.997520272957458
0.0	0.5012660463004572	1.002531770816605	0.05028328667854235	0.5515493046520997	1.0528151093739688	0.10056637048703687	0.6018323496455629	1.1030982238528886	0.0	0.0	0.0	0.49873733451138913	0.4987376004828131	0.49873786810931897	0.9974747780316503	0.9974752018721925	0.9974756277406794
0.0	0.5012887003272154	1.0025770702871988	0.05073053018637183	0.5520192016491091	1.053307654193545	0.10146085220134095	0.6027494839402927	1.1040380079651757	0.0	0.0	0.0	0.49871479780669303	0.49871507081965516	0.4987153455629894	0.99742970753239	0.9974301425872422	0.9974305797634635
0.0	0.5013115591273385	1.0026227791540443	0.0511778341764083	0.5524893638997511	1.0538006689396608	0.10235545479088938	0.603666943870125	1.104978322425303	0.0	0.0	0.0	0.4986920594214081	0.49869233959722353	0.4986926215813892	0.9973842337231541	0.9973846801852515	0.9973851288655059
0.0	0.5013346228391994	1.0026688976926006	0.05162519920680323	0.5529597921007182	1.0542941544467341	0.10325017937131444	0.6045847306892428	1.1059191686256407	0.0	0.0	0.0	0.49866911927282453	0.4986694067337746	0.4986696960838112	0.9973383564389674	0.9973388145027747	0.9973392748849786
0.0	0.5013578916024733	1.0027154261809323	0.052072625836322536	0.5534304869506225	1.0547881115524096	0.10414502705948497	0.6055028456543726	1.106860547962411	0.0	0.0	0.0	0.49864597727747295	0.4986462721468031	0.4986465689887858	0.9972920755133353	0.9972925453748435	0.9972930176585292
0.0	0.5013813655581416	1.0027623648997164	0.05252011462436099	0.5539014491500133	1.0552825410975781	0.10503999897352628	0.6064212900248076	1.1078024618357136	0.0	0.0	0.0	0.4986226333511227	0.49862293575304073	0.4986232402140794	0.9972453907782409	0.9972458726349637	0.9972463570212776
0.0	0.501405044848495	1.0028097141322485	0.05296766613094895	0.5543726794013879	1.0557774439263918	0.10593509623283548	0.6073400650624262	1.1087449116495487	0.0	0.0	0.0	0.4985990874087796	0.4985993974684532	0.4985997096766918	0.9971983020641403	0.9971987961151109	0.997199292806812
0.0	0.5014289296171348	1.002857474164446	0.053415280916757304	0.5548441784091972	1.0562728208862702	0.10683031995809407	0.6082591720317063	1.109687898811831	0.0	0.0	0.0	0.4985753393646862	0.4985756572082414	0.49857597729285713	0.9971508091999629	0.9971513156457309	0.9971518248471887
0.0	0.5014530200089757	1.0029056452848533	0.05386295954309759	0.5553159468798486	1.0567686728279064	0.10772567127126725	0.609178612199727	1.1106314247343958	0.0	0.0	0.0	0.4985513891323204	0.4985517148868392	0.49855204297804173	0.9971029120131094	0.9971034310557374	0.9971039529729301
0.0	0.5014773161702504	1.0029542277846508	0.05431070257193997	0.5557879855217289	1.0572650006052944	0.10862115129563672	0.6100983868362059	1.1115754908330397	0.0	0.0	0.0	0.4985272366243925	0.4985275704179112	0.49852790664694174	0.997054610329445	0.9970551421725052	0.997055677013018
0.0	0.5015018182485093	1.003003221957655	0.054758510565906166	0.5562602950451966	1.0577618050757212	0.10951676115579285	0.6110184972134912	1.1125200985275132	0.0	0.0	0.0	0.49850288175284674	0.49850322371435346	0.49850356821348407	0.9970059039733027	0.9970064488218736	0.997006996794897
0.0	0.5015265263926262	1.0030526281003294	0.055206384088291136	0.5567328761626094	1.0582590870997999	0.11041250197766637	0.6119389446065991	1.1134652492415633	0.0	0.0	0.0	0.49847832442885703	0.49847867468829005	0.49847902759082274	0.9969567927674752	0.9969573508281383	0.9969579121444663
0.0	0.5015514407527983	1.0031024465117837	0.05565432370304992	0.5572057295883108	1.0587568475414562	0.11130837488851883	0.6128597302932041	1.114410944402923	0.0	0.0	0.0	0.49845356456282885	0.49845392325107435	0.49845428469134034	0.9969072765332183	0.9969078480140549	0.996908422886083
0.0	0.5015765614805517	1.003152677493786	0.056102329974822646	0.5576788560386611	1.0592550872679645	0.11220438101697781	0.6137808555536792	1.1153571854433593	0.0	0.0	0.0	0.4984286020643949	0.49842896931328495	0.4984293394266439	0.9968573550902425	0.99685794020083	0.9968585288425535
0.0	0.5016018887287423	1.0032033213507647	0.0565504034689282	0.5581522562320315	1.059753807149944	0.11310052149303128	0.6147023216710923	1.116303973798668	0.0	0.0	0.0	0.4984034368424156	0.49840381278472623	0.4984041917075654	0.9968070282567139	0.9968076272081223	0.996808229835135
0.0	0.5016274226515584	1.0032543783898127	0.05699854475137455	0.5586259308888171	1.0602530080613732	0.11399679744805008	0.6156241299312302	1.117251310908702	0.0	0.0	0.0	0.4983780688049785	0.4983784535744274	0.49837884144416084	0.9967562958492525	0.9967569088540418	0.9967575256835333
0.0	0.5016531634045269	1.0033058489207007	0.05744675438887173	0.5590998807314563	1.0607526908796168	0.1148932100148036	0.616546281622621	1.1181991982173989	0.0	0.0	0.0	0.49835249785939295	0.49835289159063756	0.4983532885457054	0.9967051576829226	0.9967057849551384	0.996706416205893
0.0	0.5016791111445112	1.0033577332558719	0.05789503294882486	0.5595741064844213	1.0612528564854116	0.11578976032745815	0.61746877803653	1.1191476371727749	0.0	0.0	0.0	0.49832672391219496	0.4983271267408302	0.49832753292069776	0.9966536135712413	0.9966542553264122	0.9966549012188067
0.0	0.5017052660297177	1.003410031710456	0.058343380999346696	0.5600486088742374	1.0617535057628953	0.11668644952159767	0.6183916204669871	1.120096629226959	0.0	0.0	0.0	0.49830074686914083	0.49830115893169724	0.4983015744768543	0.996601663326167	0.9966023197813008	0.9966029805373031
0.0	0.5017316282196983	1.0034627446022744	0.05879179910927118	0.5605233886294992	1.0622546395996233	0.11758327873424627	0.6193148102108124	1.1210461758362211	0.0	0.0	0.0	0.4982745666352069	0.49827498806914833	0.4982754131211083	0.9965493067580979	0.9965499781316781	0.9965506539748452
0.0	0.5017581978753515	1.0035158722518407	0.05924028784814556	0.5609984464808633	1.0627562588865629	0.11848024910385963	0.6202383485676067	1.1219962784609636	0.0	0.0	0.0	0.49824818311459085	0.4982486140583124	0.4982490487596114	0.9964965436758751	0.9964972301878576	0.9964979213433336
0.0	0.5017849751589285	1.0035694149823748	0.05968884778625159	0.561473783161076	1.063258364518127	0.1193773617703599	0.6211622368397951	1.1229469385657704	0.0	0.0	0.0	0.49822159621070566	0.4982220368035316	0.498222481297728	0.9964433738867707	0.9964440757585802	0.9964447824530948
0.0	0.5018119602340325	1.0036233731198012	0.06013747949460057	0.5619493994049677	1.0637609573921687	0.12027461787513512	0.6220864763326239	1.1238981576194045	0.0	0.0	0.0	0.4981948058261831	0.4981952562083648	0.49819571064003815	0.9963897971964942	0.9963905146510208	0.9963912371128874
0.0	0.5018391532656251	1.00367774699276	0.06058618354493989	0.5624252959494652	1.0642640384099982	0.1211720185610437	0.6230110683541721	1.1248499370948237	0.0	0.0	0.0	0.49816781186286874	0.4981682721755824	0.4981687366903327	0.996335813409183	0.9963365466707786	0.9963372851298924
0.0	0.5018665544200281	1.0037325369326129	0.06103496050977511	0.5629014735336163	1.0647676084764108	0.12206956497245948	0.6239360142153978	1.1258022784692314	0.0	0.0	0.0	0.49814061422182165	0.4981410846071662	0.4981415593516131	0.9962814223274014	0.9962821716218766	0.9962829263097128
0.0	0.5018941638649257	1.003787743273446	0.061483810962353946	0.5633779328985754	1.0652716684996744	0.12296725825524679	0.6248613152301161	1.1267551832240543	0.0	0.0	0.0	0.4981132128033141	0.49811369340430905	0.49811417852609113	0.9962266237521403	0.9962273893067605	0.9962281604563727
0.0	0.5019219817693695	1.003843366352081	0.06193273547668937	0.5638546747876323	1.0657762193915623	0.12386509955679956	0.6257869727150429	1.127708652844993	0.0	0.0	0.0	0.4980856075068279	0.49808609846741114	0.4980865941151851	0.9961714174828102	0.996172199526292	0.9961729873723103
0.0	0.5019500083037802	1.0038994065080764	0.06238173462755737	0.5643316999462106	1.0662812620673543	0.12476309002604018	0.626712987989795	1.1286626888220226	0.0	0.0	0.0	0.49805779823105506	0.4980582996960808	0.4980588060195205	0.9961158033172419	0.9961166020797498	0.9961174068583788
0.0	0.5019782436399508	1.003955864083737	0.06283080899050852	0.5648090091218833	1.0667867974458554	0.12566123081344002	0.6276393623769143	1.1296172926494203	0.0	0.0	0.0	0.49802978487389565	0.49803029698913215	0.49803081413892814	0.9960597810516825	0.9960605967648254	0.9960614187138424
0.0	0.5020066879510513	1.0040127394241207	0.06327995914187216	0.5652866030643814	1.0672928264494086	0.12655952307102983	0.6285660972018827	1.130572465825786	0.0	0.0	0.0	0.4980015673324553	0.49800209024458264	0.4980026183724411	0.9960033504807901	0.9960041833776175	0.9960050227363709
0.0	0.502035341411631	1.0040700328770444	0.06372918565875899	0.5657644825255987	1.067799350003902	0.12745796795240846	0.6294931937931333	1.1315282098540542	0.0	0.0	0.0	0.49797314550304456	0.49797367935965253	0.4979742186182946	0.9959465113976333	0.9959473617126319	0.9959482187220392
0.0	0.5020642041976213	1.0041277447930894	0.0641784891190795	0.5662426482596132	1.068306369038794	0.12835656661276726	0.6304206534820771	1.1324845262415248	0.0	0.0	0.0	0.4979445192811777	0.49794506423076357	0.4979456147739245	0.9958892635936882	0.995890131562778	0.9958910064653242
0.0	0.5020932764863406	1.0041858755256108	0.06462787010154161	0.5667211010226895	1.0688138844871191	0.12925532020890002	0.6313484776031185	1.1334414164998825	0.0	0.0	0.0	0.4979156885615698	0.4979162447535362	0.49791680673596467	0.9958316068588325	0.9958324927193636	0.9958333857590992
0.0	0.5021225584564946	1.0042444254307379	0.06507732918564729	0.5671998415732752	1.0693218972854857	0.13015422989919306	0.632276667493645	1.1343988821451871	0.0	0.0	0.0	0.49788665323813847	0.4978872208227909	0.49788779440024816	0.9957735409813492	0.995774444972098	0.995775356394637
0.0	0.5021520502881834	1.0043033948673903	0.06552686695172685	0.5676788706720437	1.0698304083741257	0.13105329684368036	0.6332052244940899	1.1353569246979442	0.0	0.0	0.0	0.49785741320399785	0.4978579923325428	0.4978585776618018	0.9957150657479146	0.9957159881090802	0.9957169181615986
0.0	0.5021817521629027	1.0043627841972769	0.06597648398091567	0.5681581890818703	1.0703394186968709	0.1319525222040193	0.6341341499479084	1.1363155456830807	0.0	0.0	0.0	0.4978279683514604	0.4978285591760029	0.49782915641484754	0.9956561809436019	0.9956571219168024	0.995658070848036
0.0	0.5022116642635475	1.0044225937849067	0.0664261808551827	0.5686377975678658	1.070848929201192	0.13285190714352876	0.6350634452016206	1.1372747466299933	0.0	0.0	0.0	0.497798318572034	0.4977989212455753	0.4977995305527998	0.9955968863518752	0.9955978461801442	0.9955988142403871
0.0	0.502241786774417	1.0044828239975967	0.06687595815732908	0.5691176968973795	1.0713589408382052	0.13375145282718925	0.6359931116048159	1.1382345290725564	0.0	0.0	0.0	0.49776846375641925	0.49776907843285484	0.49776969996826276	0.9955371817545843	0.9955381606823671	0.9955391481234697
0.0	0.5022721198812149	1.0045434752054727	0.0673258164709902	0.569597887840001	1.071869454562675	0.13465116042166217	0.6369231505101719	1.1391948945491426	0.0	0.0	0.0	0.49773840379451145	0.49773903062862856	0.49773966455303204	0.9954770669319688	0.9954780652051186	0.9954790722804856
0.0	0.502302663771057	1.0046045477814847	0.06777575638064924	0.5700783711675823	1.072380471333043	0.13555103109529712	0.6378535632734704	1.1401558446026443	0.0	0.0	0.0	0.4977081385753947	0.4977087777228702	0.4977094241980892	0.9954165416626457	0.99541755952842	0.995418586493009
0.0	0.5023334186324719	1.0046660421014082	0.06822577847164092	0.5705591476542415	1.0728919921114328	0.13645106601815407	0.6387843512536195	1.1411173807804984	0.0	0.0	0.0	0.497677667987343	0.4976783196047409	0.4976789787936025	0.9953556057236124	0.9953566434306695	0.9953576905409885
0.0	0.5023643846554045	1.0047279585438518	0.06867588333015913	0.5710402180763744	1.0734040178636657	0.1373512663620069	0.639715515812661	1.1420795046346965	0.0	0.0	0.0	0.49764699191781864	0.497647656162588	0.49764832822892546	0.9952942588902428	0.9952953166886379	0.9952963842027441
0.0	0.5023955620312217	1.004790297490268	0.06912607154326564	0.5715215832126687	1.0739165495592795	0.13825163330036905	0.6406470583158014	1.143042217721822	0.0	0.0	0.0	0.4976161102534685	0.49761678728394104	0.4976174723925931	0.9952325009362807	0.9952335790774619	0.9952346672549596
0.0	0.502426950952715	1.0048530593249576	0.06957634369889136	0.5720032438441074	1.0744295881715353	0.13915216800849534	0.6415789801314165	1.144005521603056	0.0	0.0	0.0	0.49758502288012413	0.4975857128555119	0.49758641117232183	0.9951703316338387	0.9951714303706437	0.9951725394726821
0.0	0.5024585516141028	1.0049162444350765	0.0700267003858524	0.572485200753988	1.074943134677439	0.14005287166340946	0.6425112826310813	1.144969417844211	0.0	0.0	0.0	0.4975537296828001	0.4975544327631933	0.49755514445500837	0.9951077507533962	0.9951088703400484	0.9951100006293201
0.0	0.5024903642110369	1.004979853210646	0.07047714219384325	0.5729674547279213	1.0754571900577452	0.14095374544389525	0.6434439671895671	1.145933908015733	0.0	0.0	0.0	0.49752223054569095	0.49752294689205545	0.49752367212672594	0.9950447580637929	0.9950458987558973	0.9950470504966364
0.0	0.5025223889406037	1.0050438860445576	0.07092766971345899	0.5734500065538557	1.0759717552969847	0.14185479053053654	0.6443770351848835	1.1468989936927463	0.0	0.0	0.0	0.4974905253521708	0.49749125512634595	0.4974919940727244	0.9949813533322276	0.9949825153867676	0.9949836888447476
0.0	0.50255462600133	1.0051083433325827	0.07137828353619302	0.5739328570220796	1.0764868313834715	0.14275600810571787	0.645310487998284	1.1478646764550637	0.0	0.0	0.0	0.49745861398479063	0.49745935734948676	0.49746011017742714	0.9949175363242532	0.9949187199995864	0.9949199154421186
0.0	0.502587075593184	1.005173225473376	0.07182898425444385	0.5744160069252304	1.0770024193093128	0.14365739935363478	0.646244327014278	1.1488309578872002	0.0	0.0	0.0	0.4974264963252786	0.49742725344407485	0.4974280203244319	0.9948533068037769	0.9948545123596313	0.9948557300555626
0.0	0.5026197379175826	1.0052385328684894	0.07227977246152383	0.5748994570583094	1.077518520070432	0.1445589654603091	0.6471785536206527	1.1497978395784014	0.0	0.0	0.0	0.4973941722545351	0.49739494329187695	0.4973957243965052	0.9947886645330514	0.9947898922305215	0.9947911324502329
0.0	0.5026526131773935	1.0053042659223763	0.07273064875167425	0.5753832082186997	1.0780351346665877	0.14546070761362154	0.648113169208508	1.1507653231226815	0.0	0.0	0.0	0.4973616416526329	0.4973624267738298	0.497363222275583	0.9947236092726736	0.9947248593742168	0.9947261223896211
0.0	0.5026857015769383	1.0053704250423976	0.07318161372005602	0.5758672612061597	1.0785522641013705	0.14636262700329805	0.6490481751722463	1.1517334101188148	0.0	0.0	0.0	0.49732890439881605	0.4973297037700391	0.4973305138427691	0.9946581407815835	0.9946594135510162	0.9946606996355564
0.0	0.5027190033219975	1.0054370106388324	0.0736326679627652	0.5763516168228437	1.0790699093822296	0.14726472482093547	0.6499835729096027	1.1527021021703725	0.0	0.0	0.0	0.4972959603714968	0.4972967741597763	0.49729759897833253	0.9945922588170582	0.9945935545195514	0.9945948639481987
0.0	0.5027525186198156	1.0055040231248873	0.07408381207684779	0.5768362758733219	1.079588071520496	0.14816700226002477	0.6509193638216734	1.153671400885755	0.0	0.0	0.0	0.49726280944825313	0.49726363782147615	0.4972644775617047	0.9945259631347056	0.9945272820367821	0.9945286150860339
0.0	0.502786247679102	1.0055714629166985	0.0745350466602929	0.5773212391645736	1.0801067515313785	0.14906946051595135	0.6518555493129167	1.154641307878194	0.0	0.0	0.0	0.4972294515058297	0.49723029463273777	0.49723114947148067	0.9944592534884683	0.9944605958579975	0.9944619528058756
0.0	0.5028201907100383	1.0056393304333469	0.0749863723120502	0.5778065075060131	1.080625950433996	0.14997210078602047	0.6527921307911861	1.1556118247657938	0.0	0.0	0.0	0.49719588642013274	0.4971967444703194	0.49719761458541367	0.9943921296306115	0.9943934957368066	0.9943948768628551
0.0	0.5028543479242799	1.0057076260968603	0.07543778963202886	0.5782920817094899	1.0811456692513786	0.15087492426945706	0.6537291096677317	1.1565829531715324	0.0	0.0	0.0	0.4971621140662308	0.4971629872101393	0.4971638727804162	0.994324591311726	0.9943259814251393	0.994327387010423
0.0	0.5028887195349618	1.0057763503322261	0.07588929922111703	0.5787779625893132	1.0816659090104999	0.15177793216744484	0.6546664873572443	1.1575546947233135	0.0	0.0	0.0	0.49712813431835096	0.4971290227272716	0.4971299239325559	0.9942566382807194	0.9942580526732387	0.9942594830003411
0.0	0.5029233057567016	1.0058455035673963	0.07634090168117177	0.579264150962246	1.0821866707422714	0.15268112568310904	0.6556042652778422	1.1585270510539547	0.0	0.0	0.0	0.4970939470498785	0.49709485089594646	0.4970957679170555	0.9941882702848165	0.9941897092296612	0.994191164582682
0.0	0.5029581068056037	1.0059150862332966	0.07679259761503623	0.5797506476475254	1.0827079554815695	0.1535845060215479	0.6565424448511061	1.1595000238012274	0.0	0.0	0.0	0.4970595521333547	0.4970604715895472	0.49706140460829024	0.9941194870695536	0.9941209508412706	0.9941224315058245
0.0	0.5029931228992647	1.0059850987638372	0.07724438762655804	0.5802374534668869	1.083229764267264	0.15448807438986398	0.6574810275021161	1.1604736146078993	0.0	0.0	0.0	0.49702494944047326	0.49702588468060754	0.4970268338797849	0.9940502883787733	0.9940517772532329	0.9940532835164474
0.0	0.5030283542567761	1.0060555415959176	0.07769627232057179	0.5807245692445496	1.0837520981422055	0.15539183199714296	0.6584200146594329	1.1614478251217173	0.0	0.0	0.0	0.49699013884208104	0.4969910900408116	0.4969920556042138	0.9939806739546238	0.9939821882090158	0.9939837203595292
0.0	0.5030638010987296	1.0061264151694371	0.0781482523029214	0.5812119958072437	1.0842749581532591	0.1562957800544868	0.6593594077551366	1.1624226569954526	0.0	0.0	0.0	0.49695512020817395	0.49695608754099024	0.49695706965339714	0.9939106435375525	0.9939121834503823	0.9939137417783418
0.0	0.5030994636472207	1.0061977199273031	0.07860032818047206	0.5816997339842259	1.0847983453513232	0.15719991977503872	0.6602992082248551	1.163398111886932	0.0	0.0	0.0	0.49691989340789633	0.4969208770511202	0.4969218758983003	0.9938401968663034	0.9938417627173879	0.9938433475144475
0.0	0.5031353421258545	1.0062694563154422	0.07905250056111228	0.5821877846072877	1.0853222607913433	0.15810425237399034	0.6612394175077769	1.1643741914590575	0.0	0.0	0.0	0.4968844583095373	0.4968854584403205	0.49688647420903004	0.9937693336779109	0.9937709257483742	0.9937725373076929
0.0	0.5031714367597468	1.0063416247828014	0.0795047700537445	0.5826761485107463	1.0858467055323047	0.15900877906856994	0.6621800370466405	1.1653508973797957	0.0	0.0	0.0	0.4968488147805321	0.4968498315768537	0.49685086445483595	0.9936980537077015	0.9936996722799712	0.9937013108962109
0.0	0.5032077477755327	1.0064142257813664	0.07995713726832387	0.5831648265314928	1.0863716806372874	0.15991350107810245	0.6631210682878029	1.1663282313222545	0.0	0.0	0.0	0.49681296268745606	0.49681399632812007	0.4968150465041044	0.9936263566892822	0.9936280020470853	0.9936296680164091
0.0	0.5032442754013676	1.0064872597661638	0.08040960281584779	0.5836538195089823	1.08689718717346	0.16081841962399934	0.6640625126812307	1.1673061949646775	0.0	0.0	0.0	0.49677690189602547	0.49677795256065826	0.4967790202243593	0.993554242354543	0.9935559147829014	0.993557608402971
0.0	0.5032810198669336	1.0065607271952728	0.08086216730835727	0.5841431282852415	1.0874232262120913	0.16172353592976818	0.6650043716805158	1.168284789990463	0.0	0.0	0.0	0.4967406322710942	0.496741700140142	0.496742785482259	0.9934817104336487	0.9934834102188755	0.9934851317888501
0.0	0.5033179814034434	1.0066346285298335	0.08131483135896132	0.5846327537048972	1.0879497988285842	0.16262885122104476	0.6659466467429114	1.1692640180882061	0.0	0.0	0.0	0.4967041536766521	0.4967052389313784	0.4967063421435941	0.9934087606550367	0.993410488084732	0.9934122379052654
0.0	0.5033551602436439	1.0067089642340548	0.0817675955818285	0.5851226966151715	1.0884769061024735	0.16353436672559082	0.6668893393293334	1.1702438809517035	0.0	0.0	0.0	0.4966674659758236	0.49666856879830673	0.49666969007328676	0.9933353927454138	0.9933371481084605	0.9933389264816999
0.0	0.5033925566218233	1.0067837347752273	0.08222046059221191	0.5856129578659137	1.0890045491174654	0.16444008367333457	0.6678324509044079	1.1712243802800066	0.0	0.0	0.0	0.49663056903086356	0.4966316896039939	0.496632829135386	0.9932616064297479	0.9932633900163077	0.9932651972458908
0.0	0.5034301707738127	1.0068589406237278	0.08267342700643625	0.5861035383095891	1.0895327289614276	0.165346003296351	0.6687759829364532	1.172205517777407	0.0	0.0	0.0	0.4965934627031577	0.4965946012106353	0.49659575919306825	0.9931874014312696	0.9931892135327784	0.9931910499238323
0.0	0.5034680029369928	1.0069345822530311	0.0831264954419222	0.5865944388013096	1.090061446726427	0.1662521268289072	0.6697199368975317	1.173187295153493	0.0	0.0	0.0	0.4965561468532191	0.496557303479551	0.496558480108634	0.9931127774714638	0.993114618380628	0.9931164842397667
0.0	0.5035060533502979	1.00701066013972	0.08357966651718708	0.5870856601988389	1.0905907035087388	0.1671584555074613	0.6706643142634527	1.1741697141231586	0.0	0.0	0.0	0.4965186213406859	0.49651979627118376	0.4965209917435055	0.9930377342700665	0.9930396042808586	0.9930414999161812
0.0	0.5035443222542197	1.007087174763491	0.084032940851849	0.5875772033626006	1.0911205004088576	0.16806499057068205	0.6716091165137962	1.1751527764066294	0.0	0.0	0.0	0.4964808860243208	0.4964820794450979	0.4964832939582258	0.9929622715450627	0.9929641709527172	0.9929660966738054
0.0	0.5035828098908146	1.0071641266071705	0.08448631906664454	0.5880690691557019	1.0916508385315298	0.16897173325946793	0.6725543451319383	1.1761364837294965	0.0	0.0	0.0	0.49644294076200596	0.49644415285997506	0.49644538661245435	0.9928863890126775	0.9928883181136864	0.9928902742316031
0.0	0.5036215165037048	1.0072415161567154	0.08493980178342793	0.5885612584439356	1.0921817189857557	0.16987868481695712	0.6735000016050637	1.1771208378227287	0.0	0.0	0.0	0.4964047854107447	0.49640601637361503	0.4964072695649679	0.9928100863873776	0.9928120454794865	0.9928140323067733
0.0	0.5036604423380874	1.0073193439012325	0.08539338962518501	0.5890537720958018	1.0927131428848198	0.17078584648855252	0.6744460874241985	1.1781058404227154	0.0	0.0	0.0	0.496366419826655	0.49636766984292996	0.49636894267365467	0.9927333633818606	0.9927353527640643	0.9927373706147395
0.0	0.5036995876407355	1.0073976103329807	0.08584708321603345	0.5895466109825099	1.0932451113462958	0.17169321952192032	0.6753926040842105	1.1790914932712682	0.0	0.0	0.0	0.496327843864971	0.49632911312394506	0.4963304057955153	0.9926562197070556	0.9926582396795938	0.9926602888691507
0.0	0.5037389526600039	1.0074763159473812	0.08630088318123645	0.5900397759779975	1.093777625492069	0.17260080516701984	0.6763395530838443	1.1800777981156607	0.0	0.0	0.0	0.49628905738004	0.4962903460717967	0.4962916587866605	0.9925786550721198	0.9925807059364726	0.992582786781877
0.0	0.5037785376458368	1.0075554612430342	0.08675479014721187	0.5905332679589478	1.094310686448363	0.17350860467611892	0.6772869359257448	1.1810647567086605	0.0	0.0	0.0	0.49625006022531754	0.49625136854072627	0.4962527015023054	0.9925006691844263	0.9925027512433103	0.9925048640629984
0.0	0.5038183428497689	1.0076350467217206	0.08720880474153231	0.5910270878047901	1.0948442953457402	0.1744166193037979	0.6782347541164622	1.1820523708085349	0.0	0.0	0.0	0.496210852253369	0.4962121803840826	0.4962135337967714	0.9924222617495683	0.9924243753069323	0.992426520420809
0.0	0.5038583685249329	1.0077150728884168	0.08766292759294378	0.5915212363977262	1.0953784533191366	0.17532485030698233	0.6791830091664914	1.183040642179098	0.0	0.0	0.0	0.4961714333158647	0.49617278145431687	0.49617415552348165	0.9923434324713499	0.9923455778323702	0.992347755561807
0.0	0.5038986149260637	1.007795540251303	0.08811715933136251	0.592015714622732	1.0959131615078666	0.17623329894494297	0.6801317025902776	1.1840295725897196	0.0	0.0	0.0	0.4961318032635788	0.49613317160298115	0.4961345665349593	0.992264181051783	0.9922663585228592	0.9922685691906916
0.0	0.5039390823095035	1.0078764493217742	0.08857150058789279	0.5925105233675791	1.0964484210556509	0.1771419664793274	0.6810808359062513	1.1850191638153675	0.0	0.0	0.0	0.49609196194638655	0.4960933506807261	0.4960947666828251	0.992184507191082	0.9921867170798326	0.9921889610103587
0.0	0.5039797709332069	1.0079578006144498	0.08902595199483115	0.5930056635228458	1.0969842331106312	0.17805085417416136	0.6820304106368367	1.1860094176366183	0.0	0.0	0.0	0.49605190921326203	0.4960533185372985	0.49605475581779523	0.9921044105876596	0.992106653202918	0.9921089307218957
0.0	0.5040206810567465	1.0080395946471845	0.08948051418567063	0.5935011359819249	1.0975205988253849	0.17895996329587122	0.6829804283084775	1.1870003358396901	0.0	0.0	0.0	0.4960116449122761	0.4960130750215392	0.4960145337896789	0.9920238909381225	0.992026166589932	0.9920284780245773
0.0	0.5040618129413174	1.0081218319410779	0.08993518779511481	0.593996941641044	1.098057519356949	0.17986929511330538	0.6839308904516644	1.1879919202164753	0.0	0.0	0.0	0.4959711688905939	0.49597261998138037	0.4959741004473759	0.9919429479372661	0.9919452569368759	0.9919476026158608
0.0	0.5041031668497424	1.0082045130204844	0.09038997345908067	0.5944930813992728	1.098594995866833	0.180778850897738	0.6848817986009437	1.1889841725645525	0.0	0.0	0.0	0.49593048099447273	0.495931953263844	0.49593345563887475	0.991861581278071	0.9918639239379315	0.9918663041913818
0.0	0.5041447430464786	1.008287638413027	0.0908448718147163	0.5949895561585471	1.0991330295210495	0.18168863192290524	0.6858331542949592	1.1899770946872363	0.0	0.0	0.0	0.4958895810692587	0.49589107471503785	0.4958925992112493	0.9917797906516956	0.9917821672854543	0.9917845824449473
0.0	0.5041865417976207	1.008371208649603	0.09129988350039336	0.595486366823665	1.099671621490113	0.18259863946499344	0.6867849590764449	1.190970688393573	0.0	0.0	0.0	0.495848468959386	0.49584998418015513	0.4958515310106575	0.9916975757474752	0.991699986669972	0.9917024370685343
0.0	0.504228563370908	1.008455224264399	0.09175500915573055	0.5959835143023171	1.1002107729490784	0.18350887480268355	0.6877372144922758	1.191964955498398	0.0	0.0	0.0	0.49580714450837293	0.49580868150347035	0.49581025088233804	0.9916149362529134	0.9916173817801762	0.9916198677522822
0.0	0.5042708080357288	1.0085396857948987	0.09221024942159586	0.5964809995050934	1.1007504850775511	0.18441933921715353	0.6886899220934745	1.1929598978223477	0.0	0.0	0.0	0.49576560755882054	0.49576716652833813	0.4957687586706087	0.9915318718536801	0.9915343523029203	0.9915368741844891
0.0	0.5043132760631266	1.0086245937818965	0.09266560494011102	0.5969788233454936	1.101290759059704	0.18533003399209366	0.689643083435233	1.1939555171918868	0.0	0.0	0.0	0.49572385795240925	0.49572543909718947	0.49572705421886276	0.9914483822336042	0.9914508979232123	0.9914534560516063
0.0	0.5043559677258044	1.0087099487695048	0.09312107635466699	0.5974769867399472	1.1018315960843021	0.18624096041372962	0.69059670007694	1.194951815439339	0.0	0.0	0.0	0.4956818955298977	0.4956834990515311	0.4956851373695684	0.991364467074672	0.9913670183242126	0.9913696130382349
0.0	0.5043988832981317	1.0087957513051686	0.09357666430992617	0.5979754906078224	1.1023729973447176	0.18715211977083338	0.6915507735821984	1.1959487944029137	0.0	0.0	0.0	0.495639720131119	0.49564134623194095	0.4956430079642639	0.9912801260570183	0.9912827131872263	0.9912853448271187
0.0	0.5044420230561484	1.0088820019396738	0.09403236945183616	0.5984743358714438	1.1029149640389526	0.18806351335474572	0.6925053055188525	1.196946455926735	0.0	0.0	0.0	0.4955973315949791	0.49559898047806744	0.49560066584355755	0.9911953588589251	0.9911979821917006	0.9912006510991415
0.0	0.5044853872775724	1.0089687012271613	0.09448819242763248	0.5989735234561028	1.1034574973696558	0.1889751424593891	0.6934602974590073	1.1979448018608703	0.0	0.0	0.0	0.4955547297594533	0.49555640162862535	0.49555811084712265	0.9911101651568129	0.991112825015217	0.9911155315333188
0.0	0.504528976241803	1.0090558497251345	0.09494413388585674	0.599473054290079	1.1040005985441486	0.1898870083812924	0.6944157509790576	1.1989438340613607	0.0	0.0	0.0	0.49551191446158527	0.4955136095213949	0.49551534281369736	0.9910245446252398	0.9910272413334896	0.9910299858067968
0.0	0.5045727902299282	1.0091434479944739	0.09540019447635073	0.5999729293046419	1.1045442687744331	0.19079911241958877	0.6953716676596927	1.199943554390235	0.0	0.0	0.0	0.495468885537483	0.49547060399321796	0.49547236158108043	0.990938496936893	0.9909412308203573	0.9909440135948444
0.0	0.5046168295247299	1.0092314965994473	0.09585637485027787	0.6004731494340769	1.105088509277224	0.19171145587605654	0.6963280490859426	1.20094396471556	0.0	0.0	0.0	0.49542564282231677	0.4954273848799958	0.4954291669861291	0.9908520217625846	0.9908547931477796	0.9908576145708484
0.0	0.5046610944106888	1.0093199961077197	0.09631267566012647	0.6009737156156942	1.1056333212739617	0.19262404005512238	0.6972848968471856	1.2019450669114533	0.0	0.0	0.0	0.49538218615031765	0.4953839520166875	0.4953857588647575	0.990765118771249	0.9907679279858328	0.9907707884063108
0.0	0.5047055851739928	1.0094089470903695	0.09676909755972135	0.601474628789848	1.1061787059908403	0.1935368662638865	0.6982422125371824	1.2029468628581257	0.0	0.0	0.0	0.4953385153547722	0.4953403052373048	0.4953421370519317	0.990677787629932	0.9906806350027006	0.9906835347708384
0.0	0.5047503021025386	1.0094983501218933	0.0972256412042192	0.6019758898999344	1.1067246646588074	0.19444993581211845	0.6991999977540735	1.2039493544418804	0.0	0.0	0.0	0.4952946302680235	0.49529644437491327	0.4952983013816704	0.990590028003793	0.9905929138646757	0.9905958533321445
0.0	0.5047952454859419	1.009588205780224	0.09768230725014371	0.6024774998924357	1.1072711985136174	0.19536325001231478	0.7001582541004464	1.2049525435551898	0.0	0.0	0.0	0.4952505307214652	0.4952523692616259	0.495254251687039	0.9905018395560932	0.9905047642361474	0.9905077437560373
0.0	0.5048404156155414	1.0096785146467409	0.09813909635536976	0.6029794597169091	1.1078183087958262	0.19627681017968043	0.7011169831833218	1.2059564320966865	0.0	0.0	0.0	0.4952062165455399	0.495208079728602	0.49520998780014813	0.9904132219481923	0.9904161857795992	0.9904192057064167
0.0	0.5048858127844027	1.009769277306276	0.09859600917914307	0.6034817703260104	1.1083659967508162	0.19719061763216067	0.7020761866141886	1.2069610219712013	0.0	0.0	0.0	0.49516168756973933	0.49516357560604674	0.49516550955215355	0.9903241748395482	0.9903271781556081	0.9903302388452737
0.0	0.5049314372873284	1.0098604943471357	0.09905304638208169	0.6039844326755051	1.10891426362882	0.19810467369044957	0.7030358660090229	1.2079663150897935	0.0	0.0	0.0	0.49511694362259684	0.4951188567232043	0.49512081677324893	0.9902346978877032	0.9902377410228308	0.9902408428326767
0.0	0.5049772894208614	1.0099521663611053	0.0995102086262032	0.6044874477242991	1.109463110684953	0.19901897967803514	0.7039960229883365	1.2089723133698012	0.0	0.0	0.0	0.49507198453168777	0.49507392290835794	0.49507590929266615	0.9901447907482843	0.9901478740380034	0.9901510173267715
0.0	0.5050233694832922	1.0100442939434655	0.09996749657491143	0.6049908164344326	1.1100125391792146	0.19993353692118354	0.704956659177168	1.2099790187348403	0.0	0.0	0.0	0.49502681012362587	0.4950287739888261	0.49503078693867136	0.9900544530749952	0.9900575768559347	0.9900607619837739
0.0	0.5050696777746639	1.0101368776930015	0.10042491089301642	0.6054945397711056	1.1105625503765189	0.20084834674897123	0.70591777620512	1.2109864331148474	0.0	0.0	0.0	0.494981420224061	0.4949834097909606	0.49498544953856305	0.9899636845196128	0.9899668491295015	0.9899700764579659
0.0	0.5051162145967795	1.0102299182120178	0.10088245224674221	0.6059986187026918	1.1111131455467163	0.2017634104933053	0.706879375706387	1.2119945584461143	0.0	0.0	0.0	0.49493581465767583	0.49493783014014314	0.49493989691866874	0.9898724847319801	0.9898756905096421	0.9898789604016882
0.0	0.5051629802532063	1.010323416106347	0.10134012130373844	0.6065030542007559	1.1116643259646146	0.2026787294889427	0.707841459319779	1.2130033966713154	0.0	0.0	0.0	0.4948899932481842	0.49489203486078354	0.49489412890434314	0.9897808533600033	0.9897841006453529	0.9897874134653376
0.0	0.505209975049286	1.01041737198537	0.1017979187330837	0.607007847240066	1.1122160929100016	0.2035943050734989	0.7088040286887395	1.214012949739537	0.0	0.0	0.0	0.49484395581832574	0.49484602377631426	0.4948481453199625	0.9896887900496402	0.9896920791836774	0.9896954352973554
0.0	0.5052571992921365	1.0105117864620194	0.10225584520529876	0.607512998798609	1.112768447667663	0.20451013858747719	0.7097670854613773	1.2150232196063109	0.0	0.0	0.0	0.49479770218986596	0.49479979670919105	0.4948019459889255	0.9895962944449014	0.9895996257697071	0.9896030255442286
0.0	0.5053046532906608	1.0106066601527972	0.10271390139235279	0.6080185098576059	1.113321391527405	0.20542623137427576	0.7107306312904824	1.2160342082336368	0.0	0.0	0.0	0.4947512321835923	0.4947533534808883	0.49475553073364853	0.9895033661878417	0.9895067400465725	0.9895101838504812
0.0	0.5053523373555532	1.0107019936777883	0.10317208796767914	0.6085243814015336	1.1138749257840845	0.20634258478022205	0.7116946678335665	1.2170459175900326	0.0	0.0	0.0	0.49470454561931027	0.4947066939118955	0.4947088993755621	0.9894100049185529	0.9894134216554364	0.9894169098586666
0.0	0.5054002517993041	1.0107977876606682	0.10363040560617351	0.6090306144181277	1.1144290517376143	0.20725920015456997	0.7126591967528642	1.2180583496505375	0.0	0.0	0.0	0.4946576423158434	0.49465981782171714	0.4946620517351107	0.9893162102751631	0.9893196702354932	0.9893232032093677
0.0	0.5054483969362102	1.010894042728725	0.10408885498421484	0.6095372098984132	1.1149837706930061	0.2081760788495396	0.7136242197153838	1.2190715063967748	0.0	0.0	0.0	0.49461052209102585	0.49461272502886544	0.49461498763174555	0.9892219818938227	0.9892254854239543	0.9892290635411822
0.0	0.5054967730823768	1.010990759512863	0.10454743677966781	0.6100441688367105	1.1155390839603772	0.20909322222032367	0.7145897383929162	1.2200853898169612	0.0	0.0	0.0	0.4945631847617038	0.49456541535086146	0.4945677068839258	0.9891273194087064	0.9891308668560507	0.9891344904907248
0.0	0.5055453805557262	1.0110879386476204	0.10500615167189009	0.6105514922306499	1.1160949928549742	0.21001063162510009	0.7155557544620545	1.221100001905937	0.0	0.0	0.0	0.49451563014373123	0.494517888604231	0.4945202093091144	0.989032222452005	0.9890358141650247	0.9890394836926191
0.0	0.5055942196760054	1.0111855807711838	0.10546500034175528	0.6110591810812025	1.1166514986972118	0.21092830842508004	0.7165222696042516	1.2221153446652298	0.0	0.0	0.0	0.49446785805196497	0.4944701446044998	0.494472494723773	0.9889366906539161	0.9889403269821204	0.9889440427794879
0.0	0.5056432907647913	1.0112836865253994	0.10592398347164285	0.6115672363926755	1.1172086028126724	0.21184625398448878	0.7174892855058042	1.2231314201030443	0.0	0.0	0.0	0.49441986830026435	0.49442218316619285	0.49442456294336196	0.9888407236426425	0.9888444049365819	0.9888481673819519
0.0	0.5056925941454974	1.0113822565557855	0.10638310174546223	0.6120756591727429	1.1177663065321444	0.2127644696706087	0.7184568038579039	1.2241482302343203	0.0	0.0	0.0	0.49437166070148736	0.49437400410283083	0.4943764137823359	0.9887443210443854	0.9887480476556467	0.9887518571286228
0.0	0.5057421301433817	1.011481291511549	0.10684235584865753	0.6125844504324579	1.1183246111916418	0.2136829568537937	0.7194248263566593	1.2251657770807614	0.0	0.0	0.0	0.4943232350674868	0.4943256072269262	0.4943280470541404	0.9886474824833358	0.9886512547645375	0.9886551116460948
0.0	0.5057918990855519	1.0115807920455957	0.10730174646821174	0.6130936111862627	1.1188835181324197	0.21460171690747928	0.7203933547031105	1.2261840626708564	0.0	0.0	0.0	0.49427459120910916	0.4942769923499818	0.49427946257121047	0.9885502075816727	0.9885540258864597	0.9885579305589423
0.0	0.5058419013009746	1.0116807588145484	0.10776127429267399	0.6136031424520244	1.119443028701019	0.2155207512082272	0.7213623906032838	1.2272030890399424	0.0	0.0	0.0	0.49422572893618866	0.49422815928248526	0.49423066014496486	0.9884524959595518	0.9884563606425902	0.9884603134897092
0.0	0.5058921371204801	1.0117811924787563	0.1082209400121466	0.6141130452510271	1.1200031442492637	0.2164400611357107	0.7223319357681808	1.2282228582301982	0.0	0.0	0.0	0.494176648057547	0.49417910783390856	0.4941816395858055	0.9883543472351036	0.9883582586520763	0.9883622600589068
0.0	0.5059426068767696	1.0118820937023107	0.10868074431830975	0.614623320608004	1.1205638661343	0.21735964807275873	0.723301991913831	1.2292433722907048	0.0	0.0	0.0	0.4941273483809891	0.4941298378127037	0.49413240070311365	0.9882557610244265	0.9882597195320272	0.9882637698850062
0.0	0.5059933109044238	1.0119834631530598	0.10914068790442472	0.6151339695511484	1.1211251957186152	0.21827951340536142	0.7242725607613045	1.2302646332774663	0.0	0.0	0.0	0.4940778297132998	0.49408034902629944	0.49408294330524594	0.9881567369415786	0.9881607428975074	0.9881648425844312
0.0	0.5060442495399082	1.0120853015026223	0.10960077146535184	0.6156449931121383	1.1216871343700692	0.21919965852270765	0.7252436440367559	1.23128664325346	0.0	0.0	0.0	0.49402809186024066	0.4940306412810983	0.49403326719953206	0.988057274598573	0.9880613283615312	0.9880654777715526
0.0	0.506095423121581	1.0121876094264004	0.1100609956975459	0.616156392326138	1.1222496834619018	0.2201200848171798	0.726215243471426	1.2323094042886438	0.0	0.0	0.0	0.49397813462654794	0.4939807143824741	0.49398337219227184	0.9879573736053722	0.9879614755350569	0.9879656750586833
0.0	0.5061468319897005	1.0122903876035965	0.11052136129908208	0.6166681682318328	1.1228128443727774	0.22104079368439433	0.7271873608016906	1.2333329184600152	0.0	0.0	0.0	0.49392795781592785	0.4939305681347675	0.4939332580887308	0.9878570335698792	0.9878611840269784	0.9878654340560687
0.0	0.5061984764864315	1.0123936367172253	0.11098186896965533	0.617180321871434	1.1233766184867942	0.22196178652321327	0.7281599977690778	1.234357187851633	0.0	0.0	0.0	0.49387756123105453	0.49388020234128405	0.49388292469313844	0.9877562540979341	0.9877604534441216	0.987764754371884
0.0	0.506250356955854	1.0124973574541303	0.11144251941059938	0.6176928542907067	1.1239410071935212	0.22288306473577343	0.7291331561203059	1.235382214554664	0.0	0.0	0.0	0.4938269446735659	0.4938296168042897	0.4938323718086836	0.987655034793305	0.987659283391235	0.9876636356122245
0.0	0.5063024737439684	1.0126015505049963	0.11190331332487959	0.6182057665389685	1.124506011888003	0.22380462972747786	0.7301068376072808	1.2364080006673865	0.0	0.0	0.0	0.4937761079440616	0.49377881132500917	0.49378159923751286	0.9875533752576839	0.9875576734709861	0.9875620773811016
0.0	0.5063548271987045	1.0127062165643654	0.1123642514171242	0.6187190596691282	1.125071633970807	0.2247264829070586	0.7310810439871661	1.237434548295269	0.0	0.0	0.0	0.4937250508420992	0.4937277857036216	0.49373060678072606	0.9874512750906798	0.9874556232839539	0.9874600792804359
0.0	0.5064074176699279	1.0128113563306511	0.11282533439362144	0.6192327347376911	1.1256378748480338	0.22564862568655975	0.7320557770223743	1.2384618595509678	0.0	0.0	0.0	0.493673773166191	0.4936765397392577	0.4936793942383737	0.9873487338898113	0.9873531324286221	0.9873576409100502
0.0	0.5064602455094502	1.0129169705061576	0.1132865629623404	0.6197467928047886	1.1262047359313596	0.22657105948139167	0.7330310384806301	1.2394899365543997	0.0	0.0	0.0	0.49362227471379844	0.4936250732299943	0.4936279614094513	0.9872457512504964	0.9872502005013685	0.9872547618676585
0.0	0.5065133110710323	1.013023059797087	0.11374793783292292	0.6202612349341743	1.1267722186380331	0.22749378571031317	0.734006830134956	1.2405187814327319	0.0	0.0	0.0	0.4935705552813332	0.4935733859728551	0.49357630809190006	0.9871423267660544	0.9871468270964665	0.9871514417488683
0.0	0.5065666147103942	1.01312962491356	0.11420945971671304	0.6207760621932626	1.1273403243909257	0.22841680579548707	0.7349831537637381	1.2415483963204577	0.0	0.0	0.0	0.49351861466415103	0.4935214777638045	0.49352443408260094	0.9870384600276931	0.9870430118060733	0.9870476801471678
0.0	0.5066201567852237	1.0132366665696302	0.114671129326759	0.6212912756531397	1.1279090546185495	0.22934012116247995	0.7359600111507336	1.2425787833594117	0.0	0.0	0.0	0.49346645265654815	0.49346934839774426	0.4934723391773711	0.986934150624502	0.9869387542202225	0.9869434766539191
0.0	0.5066739376551807	1.0133441854832959	0.11513294737782043	0.6218068763885751	1.1284784107550747	0.23026373324028981	0.7369374040851039	1.243609944698808	0.0	0.0	0.0	0.4934140690517604	0.49341699766851244	0.49342002317096295	0.9868293981434506	0.9868340539268221	0.9868388308583564
0.0	0.5067279576819098	1.0134521823765241	0.11559491458638961	0.6223228654780555	1.1290483942403753	0.2311876434613729	0.7379153343614533	1.244641882495291	0.0	0.0	0.0	0.49336146364195527	0.49336442536887554	0.4933674858570564	0.9867242021693728	0.9867289105116394	0.9867337423475703
0.0	0.5067822172290439	1.013560657975257	0.1160570316706898	0.6228392440037859	1.1296190065200336	0.2321118532616526	0.7388938037798408	1.2456745989129507	0.0	0.0	0.0	0.4933086362182333	0.4933116312905297	0.4933147270282596	0.986618562284969	0.9866233235583024	0.9866282107065094
0.0	0.5068367166622136	1.0136696130094316	0.11651929935069513	0.62335601305172	1.1301902490453803	0.2330363640805507	0.7398728141458223	1.246708096123375	0.0	0.0	0.0	0.49325558657062213	0.49325861522409487	0.4932617464761037	0.9865124780707945	0.9865172926482895	0.9865222355179701
0.0	0.5068914563490554	1.013779048212996	0.11698171834813376	0.6238731737115708	1.1307621232735134	0.2339611773610003	0.7408523672704703	1.247742376305677	0.0	0.0	0.0	0.4932023144880732	0.4932053769591116	0.49320854399103914	0.9864059491052529	0.9864108173609214	0.9864158163625887
0.0	0.5069464366592188	1.013888964323924	0.11744428938650374	0.6243907270768341	1.1313346306673289	0.23488629454947435	0.7418324649704104	1.2487774416465387	0.0	0.0	0.0	0.49314881975845903	0.493151916284038	0.49315511936243295	0.986298974964591	0.9863038972733567	0.9863089528188362
0.0	0.5070016579643754	1.0139993620842314	0.11790701319108475	0.6249086742448086	1.1319077726955489	0.23581171709600796	0.7428131090678521	1.2498132943402507	0.0	0.0	0.0	0.49309510216856867	0.49309823298624555	0.49310147237856433	0.9861915552228891	0.9861965319605824	0.98620164446301
0.0	0.5070571206382258	1.014110242239993	0.11836989048894465	0.6254270163166101	1.1324815508327444	0.23673744645421546	0.7437943013906132	1.250849936588744	0.0	0.0	0.0	0.49304116150410493	0.49304432685201616	0.49304760282662186	0.9860836894520563	0.9860887209954086	0.9860938908692269
0.0	0.5071128250565098	1.0142216055413595	0.11883292200895357	0.6259457543971947	1.1330559665593671	0.23766348408131174	0.7447760437721503	1.2518873706016302	0.0	0.0	0.0	0.49298699754967995	0.49299019766653757	0.49299351049269874	0.9859753772218202	0.9859804639484586	0.9859856916094154
0.0	0.5071687715970107	1.0143334527425687	0.11929610848179002	0.6264648895953705	1.1336310213617669	0.23858983143813256	0.745758338051585	1.252925598596232	0.0	0.0	0.0	0.49293261008881367	0.4929358452139021	0.4929391951617917	0.9858666180997258	0.9858717603881677	0.9858770462533123
0.0	0.5072249606395678	1.0144457846019692	0.11975945063995982	0.6269844230238282	1.1342067167322332	0.23951648998916816	0.7467411860737483	1.2539646227976404	0.0	0.0	0.0	0.4928779989039275	0.4928812692771	0.4928846566177943	0.9857574116511211	0.9857626098807686	0.9857679543684494
0.0	0.5072813925660823	1.014558601882033	0.12022294921780143	0.6275043557991521	1.1347830541690136	0.2404434612025732	0.7477245896891976	1.2550044454387375	0.0	0.0	0.0	0.4928231637763422	0.4928264696380178	0.49282989464349514	0.985647757439154	0.9856530119902884	0.9856584155201505
0.0	0.5073380677605265	1.0146719053493725	0.1206866049514997	0.6280246890418436	1.135360035176345	0.24137074655019353	0.7487085507542521	1.2560450687602402	0.0	0.0	0.0	0.49276810448627406	0.4927714460774337	0.4927749090205734	0.9855376550247639	0.9855429662785405	0.9855484292715224
0.0	0.5073949866089509	1.0147856957747565	0.12115041857909006	0.6285454238763324	1.1359376612644738	0.24229834750758306	0.749693071131017	1.2570864950107334	0.0	0.0	0.0	0.4927128208128316	0.4927161983750151	0.49271969952959643	0.9854271039666758	0.9854324723051181	0.9854379951834491
0.0	0.5074521494994949	1.0148999739331308	0.12161439084048348	0.6290665614310117	1.1365159339496995	0.24322626555404148	0.7506781526874315	1.2581287264467267	0.0	0.0	0.0	0.4926573125340105	0.4926607263093132	0.49266426595001384	0.9853161038213896	0.9853215296273838	0.9853271128145815
0.0	0.5075095568223941	1.0150147406036318	0.12207852247746542	0.6295881028382447	1.1370948547543902	0.2441545021726172	0.7516637972972791	1.259171765332673	0.0	0.0	0.0	0.49260157942669097	0.49260502965775976	0.4926086080601551	0.9852046541431748	0.9852101378004646	0.9852157817213317
0.0	0.5075672089699881	1.0151299965696037	0.12254281423371487	0.6301100492343916	1.1376744252070163	0.24508305885014647	0.7526500068402348	1.2602156139410237	0.0	0.0	0.0	0.4925456212666342	0.49254910819666475	0.4925527256372264	0.9850927544840644	0.9850982963772449	0.9851040014578667
0.0	0.5076251063367294	1.0152457426186157	0.12300726685480425	0.630632401759818	1.138254646842169	0.2460119370772601	0.7536367832018803	1.2612602745522519	0.0	0.0	0.0	0.49248943782847887	0.4924929617012118	0.49249661845730663	0.9849804043938465	0.984986004908359	0.9849917715761004
0.0	0.5076832493191946	1.0153619795424838	0.12347188108822969	0.6311551615589367	1.138835521200612	0.24694113834842407	0.7546241282737564	1.2623057494549164	0.0	0.0	0.0	0.4924330288857347	0.4924365899454523	0.4924402862953411	0.9848676034200525	0.9848732629421787	0.9848790916256817
0.0	0.5077416383160903	1.015478708137283	0.12393665768340313	0.6316783297802051	1.1394170498292857	0.24787066416194692	0.755612043953375	1.26335204094568	0.0	0.0	0.0	0.4923763942107817	0.49237999270230426	0.49238372892514065	0.984754351107955	0.9847600700248116	0.9847659611539918
0.0	0.5078002737282618	1.0155959292033652	0.12440159739168134	0.6322019075761637	1.139999234281354	0.24880051602001999	0.7566005321442695	1.2643991513293682	0.0	0.0	0.0	0.492319533574866	0.4923231697435485	0.4923269461193778	0.9846406470005595	0.9846464257000925	0.9846523797061372
0.0	0.5078591559587052	1.0157136435453833	0.12486670096636014	0.632725896103442	1.1405820761162226	0.24973069542871829	0.757589594756007	1.2654470829189932	0.0	0.0	0.0	0.4922624467480928	0.49226612083982146	0.4922699376495793	0.9845264906385909	0.9845323295095699	0.9845383468249342
0.0	0.5079182854125721	1.0158318519722993	0.12533196916270198	0.6332502965227902	1.1411655768995743	0.25066120389804564	0.7585792337042374	1.2664958380358082	0.0	0.0	0.0	0.49220513349942746	0.4922088457606162	0.49221270328612754	0.9844118815604951	0.9844177809925079	0.9844238620509126
0.0	0.5079776624971827	1.015950555297412	0.12579740273793671	0.633775109999094	1.1417497382033988	0.2515920429419437	0.759569450910717	1.2675454190093438	0.0	0.0	0.0	0.49214759359668675	0.49215134427427354	0.49215524279825135	0.9842968193024214	0.9843027796858679	0.9843089249222964
0.0	0.5080372876220313	1.016069754338367	0.12626300245127883	0.6343003377013967	1.142334561606018	0.25252321407832257	0.7605602483033433	1.2685958281774479	0.0	0.0	0.0	0.4920898268065386	0.49209361614798214	0.49209755595402616	0.9841813033982225	0.9841873251243093	0.9841935349750046
0.0	0.5080971611987983	1.0161894499171822	0.126728769063939	0.6348259808029233	1.142920048692125	0.25345471882908455	0.7615516278161917	1.2696470678863356	0.0	0.0	0.0	0.4920318328944953	0.49203566114777136	0.49203964252036697	0.9840653333794407	0.9840714168401753	0.9840776917426372
0.0	0.508157283641357	1.016309642860259	0.1271947033391303	0.6353520404810925	1.1435062010527994	0.25438655872014204	0.762543591389539	1.2706991404906185	0.0	0.0	0.0	0.4919736116249121	0.49197747903851013	0.491981502263027	0.9839489087753048	0.9839550543634901	0.983961394756472
0.0	0.5082176553657854	1.0164303339984078	0.12766080604209235	0.6358785179175536	1.1440930202855588	0.25531873528144994	0.7635361409699086	1.2717520483533615	0.0	0.0	0.0	0.4919151627609804	0.4919190695838999	0.491923134946591	0.9838320291127173	0.9838382372219454	0.983844643545452
0.0	0.5082782767903726	1.0165515241668601	0.128127077940089	0.6364054142981899	1.1446805079943676	0.2562512500470224	0.7645292785100933	1.2728057938461126	0.0	0.0	0.0	0.49185648606472676	0.49186043254647377	0.4918645403344739	0.9837146939162513	0.9837209649408983	0.983727437636182
0.0	0.5083391483356311	1.0166732142052934	0.1285935198024316	0.6369327308131545	1.1452686657896847	0.2571841045549632	0.7655230059691976	1.273860379348957	0.0	0.0	0.0	0.49179758129700596	0.49180156768758937	0.491805718188914	0.9835969027081375	0.9836032370433574	0.9836097765529156
0.0	0.508400270424305	1.0167954049578471	0.1290601324004882	0.637460468656888	1.1458574952884895	0.2581173003474894	0.7665173253126699	1.2749158072505578	0.0	0.0	0.0	0.49173844821749796	0.4917424747674261	0.49174666827097013	0.9834786550082578	0.9834850530499767	0.983491659817549
0.0	0.5084616434813782	1.0169180972731395	0.12952691650768816	0.6379886290281306	1.1464469981143033	0.25905083897094594	0.7675122385123252	1.2759720799481873	0.0	0.0	0.0	0.4916790865847051	0.4916831535449821	0.4916873903405186	0.9833599503341397	0.9833664124790501	0.9833730869496152
0.0	0.508523267934086	1.01704129200429	0.12999387289954792	0.6385172131299598	1.1470371758972366	0.25998472197584666	0.7685077475463974	1.2770291998477896	0.0	0.0	0.0	0.49161949615594647	0.4916236037780686	0.4916278841562476	0.9832407882009451	0.9832473148465002	0.9832540574662727
0.0	0.5085851442119245	1.0171649900089395	0.1304610023536725	0.6390462221698016	1.147628030274012	0.2609189509168861	0.7695038543995609	1.2780871693640135	0.0	0.0	0.0	0.49155967668735295	0.4915638252233051	0.4915681494756522	0.9831211681214603	0.983127759665868	0.9831345708822956
0.0	0.5086472727466604	1.0172891921492684	0.13092830564978	0.639575657359464	1.1482195628880056	0.2618535273529774	0.770500561062978	1.279145990920267	0.0	0.0	0.0	0.4914996279338641	0.4915038176361161	0.4915081860550314	0.98300108960609	0.9830077464483069	0.9830146267100676
0.0	0.508709653972338	1.0174138992920112	0.1313957835696937	0.6401055199151366	1.1488117753892544	0.2627884528472572	0.7714978695343107	1.2802056669487383	0.0	0.0	0.0	0.49143934964922575	0.49144358077072886	0.49144799364948544	0.9828805521628522	0.9828872747025782	0.9828942244595769
0.0	0.5087722883252934	1.0175391123084851	0.13186343689737554	0.6406358110574385	1.1494046694345177	0.2637237289671292	0.7724957818177782	1.2812661998904673	0.0	0.0	0.0	0.4913788415859821	0.49138311438016524	0.49138757201290806	0.9827595552973626	0.9827663439350347	0.9827733636384002
0.0	0.5088351762441622	1.0176648320746051	0.13233126641893186	0.6411665320114306	1.1499982466872987	0.26465935728429024	0.7734942999241914	1.2823275921953865	0.0	0.0	0.0	0.4913181034954732	0.4913224182162394	0.49132692089798397	0.9826380985128295	0.982644953649616	0.9826520437516981
0.0	0.5088983181698883	1.0177910594709019	0.13279927292261556	0.6416976840066282	1.1505925088178641	0.265595339374732	0.7744934258709629	1.283389846322341	0.0	0.0	0.0	0.4912571351278319	0.49126149202955466	0.49126604005618574	0.9825161813100477	0.9825231033478423	0.9825302643022088
0.0	0.5089617145457375	1.017917795382549	0.1332674571988608	0.6422292682770476	1.1511874575033056	0.2665316768188023	0.7754931616821817	1.2844529647391763	0.0	0.0	0.0	0.4911959362319761	0.4912003355694956	0.49120492923776593	0.982393803187383	0.9824007925287987	0.9824080247902321
0.0	0.5090253658173034	1.018045040699374	0.13373582004027426	0.6427612860612046	1.1517830944275433	0.26746837120119993	0.7764935093886141	1.285516949922745	0.0	0.0	0.0	0.49113450655560853	0.49113894858422813	0.491143588191757	0.9822709636407718	0.9822780206891353	0.9822853247136298
0.0	0.509089272432521	1.018172796315886	0.1342043622416618	0.6432937386021537	1.1523794212813787	0.2684054241110192	0.7774944710277614	1.286581804358978	0.0	0.0	0.0	0.4910728458452092	0.4910773308206916	0.49108201666596374	0.9821476621637061	0.9821547873230514	0.9821621635678099
0.0	0.5091534348416756	1.0183010631312943	0.13467308460003216	0.6438266271475009	1.1529764397625175	0.26934283714176427	0.7784960486438839	1.2876475305429183	0.0	0.0	0.0	0.49101095384603194	0.4910154820245956	0.49102021440695964	0.982023898247226	0.982031091922289	0.9820385408457198
0.0	0.5092178534974136	1.0184298420495286	0.1351419879146222	0.6443599529494405	1.153574151575615	0.2702806118913901	0.779498244288052	1.2887141309787808	0.0	0.0	0.0	0.49094883030209974	0.4909534019404152	0.4909581811600825	0.9818996713799115	0.9819069339761234	0.9819144560378373
0.0	0.5092825288547519	1.018559133979259	0.13561107298689742	0.6448937172647641	1.154172558432297	0.27121874996231154	0.780501060018165	1.2897816081799833	0.0	0.0	0.0	0.49088647495620097	0.49089109031138706	0.4908959166694303	0.981774981047874	0.9817823129713558	0.9817899086321629
0.0	0.5093474613710887	1.0186889398339163	0.1360803406205698	0.6454279213548892	1.1547716620511972	0.2721572529614379	0.7815044978989957	1.2908499646691995	0.0	0.0	0.0	0.49082388754988515	0.4908285468795053	0.4908334206778572	0.9816498267347481	0.9816572283923042	0.9816648981142105
0.0	0.5094126515062162	1.0188192605317188	0.13654979162161845	0.6459625664858933	1.1553714641580048	0.2730961225002095	0.7825085600022406	1.291919202978423	0.0	0.0	0.0	0.4907610678234559	0.49076577138551436	0.4907706929269663	0.9815242079216774	0.9815316797207899	0.9815394239669946
0.0	0.5094780997223283	1.0189500969956866	0.13701942679829007	0.6464976539285212	1.15597196648548	0.2740353601946052	0.7835132484065344	1.2929893256489893	0.0	0.0	0.0	0.4906980155159692	0.49070276356890735	0.49070773315710803	0.9813981240873115	0.981405666436134	0.9814134856710257
0.0	0.5095438064840326	1.0190814501536662	0.13748924696111875	0.6470331849582173	1.1565731707734968	0.2749749676651767	0.7845185651974964	1.2940603352316344	0.0	0.0	0.0	0.4906347303652276	0.4906395231679203	0.4906445411073744	0.981271574707794	0.9812791880151455	0.9812870827042995
0.0	0.5096097722583618	1.0192133209383532	0.1379592529229459	0.6475691608551565	1.1571750787690869	0.2759149465370909	0.7855245124677847	1.2951322342865594	0.0	0.0	0.0	0.49057121210777516	0.4905760499195269	0.49058111651559366	0.9811445592567525	0.9811522439321112	0.9811602145422865
0.0	0.509675997514784	1.0193457102873125	0.13842944549892452	0.6481055829042591	1.1577776922264642	0.2768552984401371	0.7865310923171128	1.296205025383459	0.0	0.0	0.0	0.49050746047889304	0.4905123435594342	0.49051745911832606	0.9810170772052895	0.9810248336587871	0.9810328806579226
0.0	0.5097424827252127	1.0194786191429985	0.13889982550653565	0.6486424523952171	1.1583810129070606	0.2777960250087609	0.7875383068522941	1.297278711101574	0.0	0.0	0.0	0.4904434752125962	0.49044840382207905	0.49045356865086037	0.9808891280219763	0.9808969566643915	0.980905080521603
0.0	0.5098092283640195	1.019612048452781	0.13937039376560212	0.6491797706225205	1.1589850425795658	0.2787371278820926	0.7885461581872827	1.298353294029747	0.0	0.0	0.0	0.49037925604162624	0.4903842304406215	0.4903894448472071	0.9807607111728386	0.9807686124155912	0.9807768136011683
0.0	0.5098762349080451	1.0197459991689664	0.13984115109830533	0.6497175388854852	1.1595897830199657	0.2796786087039784	0.7895546484432158	1.299428776766474	0.0	0.0	0.0	0.4903148026974477	0.49031982314694067	0.4903250874400943	0.9806318261213486	0.9806398003764933	0.9806480793618959
0.0	0.5099435028366072	1.0198804722488137	0.140312098329193	0.6502557584882683	1.1601952360115662	0.2806204691230006	0.790563779748441	1.3005051619199404	0.0	0.0	0.0	0.49025011491024567	0.49025518167163223	0.4902604961609655	0.9805024723284208	0.980510520008641	0.9805188772664963
0.0	0.5100110326315176	1.0200154686545697	0.1407832362852052	0.6507944307399119	1.1608014033450529	0.2815627107925171	0.7915735542385745	1.3015824521080956	0.0	0.0	0.0	0.49018519240891556	0.4901903057439985	0.4901956707399693	0.9803726492523914	0.9803807707709932	0.9803892067750922
0.0	0.5100788247770887	1.02015098935348	0.14125456579566908	0.6513335569543437	1.1614082868184994	0.28250533537067213	0.7925839740565161	1.302660649958676	0.0	0.0	0.0	0.49012003492106315	0.4901251950920484	0.4901306109059593	0.980242356349018	0.9802505521199237	0.9802590673452183
0.0	0.5101468797601469	1.0202870353178175	0.14172608769233563	0.651873138450427	1.1620158882374303	0.2834483445204476	0.7935950413525159	1.3037397581092827	0.0	0.0	0.0	0.49005464217299743	0.49005984944249004	0.4900653163864872	0.9801115930714659	0.9801198635092081	0.9801284584318072
0.0	0.5102151980700435	1.0204236075249031	0.14219780280937513	0.6524131765519673	1.1626242094148376	0.28439173990966854	0.7946067582841887	1.304819779207409	0.0	0.0	0.0	0.4899890138897268	0.4899942685207273	0.48999978690779883	0.9799803588703002	0.9799887043900155	0.9799973794871821
0.0	0.5102837801986667	1.0205607069571314	0.14266971198340322	0.6529536725877507	1.1632332521712339	0.28533552321105077	0.7956191270165758	1.3059007159105136	0.0	0.0	0.0	0.48992314979495266	0.48992845205085306	0.48993402219482773	0.979848653193473	0.9798570742108957	0.9798658299610435
0.0	0.5103526266404539	1.0206983346019924	0.1431418160534919	0.6534946278915665	1.1638430183346835	0.28627969610221987	0.7966321497221741	1.306982570886061	0.0	0.0	0.0	0.48985704961106513	0.4898623997556452	0.48986802197119095	0.9797164754863148	0.9797249724177707	0.9797338093004607
0.0	0.5104217378924009	1.0208364914520929	0.14361411586118034	0.6540360438022278	1.1644535097408353	0.2872242602657399	0.7976458285809758	1.308065346811571	0.0	0.0	0.0	0.4897907130591394	0.48979611135656276	0.48980178595918517	0.9795838251915272	0.9795923984539273	0.9796013169498645
0.0	0.5104911144540768	1.0209751785051844	0.14408661225049366	0.6545779216636044	1.1650647282329694	0.2881692173891428	0.798660165780511	1.309149046374677	0.0	0.0	0.0	0.4897241398589283	0.4897295865737384	0.48973531387977937	0.9794507017491682	0.9794593517600025	0.9794683523510326
0.0	0.510560756827634	1.0211143967641834	0.1445593060679595	0.65512026282465	1.1656766756620336	0.28911456916496736	0.799675163515898	1.3102336722731847	0.0	0.0	0.0	0.489657329728859	0.48966282512597537	0.4896686054526116	0.9793171045966453	0.9793258317739768	0.9793349149430824
0.0	0.510630665517822	1.0212541472371996	0.14503219816261756	0.6556630686394253	1.1662893538866819	0.29006031729077686	0.8006908239898737	1.3113192272151175	0.0	0.0	0.0	0.48959028238602587	0.48959582673074026	0.4896016603959818	0.9791830331687019	0.9791918379311595	0.9792010041624574
0.0	0.5107008410319963	1.0213944309375533	0.14550528938603496	0.656206340467122	1.1669027647733061	0.2910064634691889	0.801707149412833	1.3124057139187644	0.0	0.0	0.0	0.4895229975461886	0.48952859110416097	0.4895344784268497	0.9790484868974125	0.9790573696641856	0.9790666194429227
0.0	0.5107712838801335	1.0215352488838056	0.14597858059233168	0.6567500796721039	1.167516910196092	0.2919530094079228	0.8027241420028911	1.313493135112757	0.0	0.0	0.0	0.48945547492376423	0.4894611179610189	0.48946705926082723	0.9789134652121677	0.9789224264029991	0.9789317602155497
0.0	0.5108419945748434	1.0216766020997825	0.14645207263817733	0.6572942876239148	1.1681317920370407	0.29289995681980396	0.8037418039858992	1.314581493536098	0.0	0.0	0.0	0.489387714231822	0.48939340701474365	0.4893994026121728	0.9787779675396634	0.9787870075748434	0.9787964259087052
0.0	0.5109129736313788	1.0218184916145945	0.1469257663828242	0.6578389656973224	1.16874741218602	0.29384730742281845	0.8047601375955099	1.3156707919382358	0.0	0.0	0.0	0.4893197151820804	0.4893254579774103	0.48933150819378884	0.9786419933038951	0.9786511126042552	0.978660615948046
0.0	0.5109842215676501	1.0219609184626661	0.14739966268810378	0.6583841152723284	1.169363772540792	0.2947950629401123	0.8057791450731905	1.3167610330790929	0.0	0.0	0.0	0.48925147748490005	0.4892572705597319	0.4892633757172145	0.9785055419261435	0.9785147409130497	0.978524329756504
0.0	0.5110557389042385	1.0221038836837617	0.14787376241846723	0.6589297377342229	1.1699808750070777	0.29574322510007056	0.806798828668315	1.3178522197291702	0.0	0.0	0.0	0.48918300084927746	0.4891888444710537	0.4891950048926193	0.9783686128249623	0.978377891920309	0.9783875667542746
0.0	0.5111275261644062	1.0222473883230063	0.14834806644097623	0.6594758344735849	1.1705987214985698	0.2966917956362958	0.8078191906381533	1.3189443546695472	0.0	0.0	0.0	0.48911428498284226	0.48912017941934993	0.48912639542880043	0.9782312054161726	0.9782405650423759	0.9782503263588103
0.0	0.5111995838741105	1.022391433430914	0.14882257562533102	0.6600224068863246	1.1712173139369888	0.2976407762876744	0.8088402332479513	1.3200374406919761	0.0	0.0	0.0	0.48904532959185015	0.4890512751112169	0.4890575470331755	0.9780933191128482	0.9781027596928399	0.9781126079848066
0.0	0.5112719125620164	1.0225360200634124	0.14929729084388524	0.660569456373711	1.1718366542521217	0.29859016879839223	0.809861958770959	1.3211314805989223	0.0	0.0	0.0	0.4889761343811779	0.488982131251868	0.48898845941177793	0.9779549533253065	0.9779644752825272	0.9779744110441927
0.0	0.51134451275951	1.0226811492818697	0.1497722129716608	0.6611169843423997	1.1724567443818652	0.2995399749179745	0.8108843694884836	1.3222264772036303	0.0	0.0	0.0	0.4889066990543171	0.4889127475451277	0.48891913226925043	0.9778161074610956	0.9778257112194886	0.9778357349461185
0.0	0.5114173850007099	1.022826822153118	0.15024734288635785	0.6616649922044548	1.1730775862722578	0.30049019640130564	0.8119074676899214	1.323322433330168	0.0	0.0	0.0	0.4888370233133705	0.4888431236934273	0.4888495653088411	0.9776767809249867	0.9776864669089915	0.9776965790969471
0.0	0.5114905298224808	1.02297303974948	0.15072268146837897	0.6622134813773862	1.1736991818775306	0.3014408350086728	0.8129312556728141	1.3244193518134966	0.0	0.0	0.0	0.4887671068590453	0.4887732593977989	0.4887797582323973	0.9775369731189615	0.9775467417535073	0.9775569429002418
0.0	0.5115639477644494	1.0231198031488005	0.15119822960084497	0.6627624532841812	1.1743215331601555	0.3023918925057952	0.8139557357428943	1.3255172354995302	0.0	0.0	0.0	0.48869694939064606	0.4887031543578677	0.48870971074035785	0.9773966834421971	0.9774065351526962	0.9774168257567515
0.0	0.5116376393690131	1.0232671134344649	0.1516739881696058	0.6633119093533245	1.1749446420908736	0.3033433706638549	0.8149809102141252	1.3266160872451866	0.0	0.0	0.0	0.48862655060607224	0.4886328082718498	0.488639422531751	0.9772559112910614	0.9772658465034026	0.9772762270644058
0.0	0.5117116051813559	1.0234149716954295	0.15214995806325593	0.6638618510188293	1.1755685106487417	0.30429527125952205	0.8160067814087412	1.3277159099184426	0.0	0.0	0.0	0.4885559102018108	0.4885622208365448	0.48856889330418696	0.9771146560590988	0.9771246751996413	0.9771351462183004
0.0	0.5117858457494617	1.0235633790262488	0.15262614017315768	0.6644122797202736	1.1761931408211823	0.30524759607500057	0.8170333516573067	1.3288167063984053	0.0	0.0	0.0	0.48848502787293063	0.48849139174733036	0.48849812275385224	0.9769729171370182	0.9769830206325849	0.9769935826106861
0.0	0.5118603616241281	1.0237123365271037	0.15310253539345295	0.6649631969028261	1.1768185346040236	0.3062003468980543	0.8180606232987572	1.3299184795753682	0.0	0.0	0.0	0.4884139033130761	0.4884203206981554	0.4884271105755032	0.9768306939126811	0.9768408821905518	0.9768515356309553
0.0	0.5119351533589783	1.0238618453038248	0.1535791446210778	0.6655146040172726	1.1774446940015373	0.3071535255220371	0.8190885986804399	1.3310212323508641	0.0	0.0	0.0	0.48834253621446316	0.4883490073815363	0.4883558564624621	0.9766879857710927	0.9766982592589979	0.9767090046656344
0.0	0.5120102215104766	1.0240119064679223	0.15405596875578353	0.6660665025200518	1.1780716210264899	0.30810713374592963	0.8201172801581663	1.3321249676377311	0.0	0.0	0.0	0.48827092626787233	0.4882774514885501	0.48828436010661014	0.9765447920943888	0.9765551512205028	0.97656598909837
0.0	0.5120855666379409	1.024162521136613	0.1545330087001538	0.6666188938732863	1.1786993177001865	0.3090611733743778	0.8211466700962637	1.3332296883601786	0.0	0.0	0.0	0.4881990731626433	0.488205652708829	0.48821262119838205	0.9764011122618245	0.9764115574547593	0.976422488309918
0.0	0.512161189303558	1.0243136904328494	0.15501026535961157	0.6671717795448036	1.1793277860525069	0.3100156462177107	0.8221767708676078	1.334335397453834	0.0	0.0	0.0	0.4881269765866683	0.4881336107305534	0.48814063942675934	0.9762569456497611	0.9762674773385593	0.97627850167813
0.0	0.5122370900723967	1.024465415485346	0.15548773964245116	0.6677251610081815	1.1799570281219638	0.31097055409199115	0.8232075848536861	1.3354420978658197	0.0	0.0	0.0	0.4880546362263869	0.48806132524044715	0.48806841447926513	0.9761122916316556	0.9761229102457842	0.9761340285779432
0.0	0.5123132695124213	1.0246176974286079	0.15596543245984623	0.6682790397427699	1.180587045955739	0.3119258988190469	0.8242391144446433	1.3365497925548124	0.0	0.0	0.0	0.48798205176678033	0.4879887959237717	0.4879959460419587	0.9759671495780499	0.9759778555473935	0.9759890683813691
0.0	0.5123897281945076	1.0247705374029599	0.15644334472586383	0.6688334172337207	1.1812178416097279	0.3128816822264884	0.8252713620393143	1.3376584844910908	0.0	0.0	0.0	0.48790922289136457	0.487916022464319	0.48792323379942804	0.9758215188565559	0.9758323126114098	0.9758436204574792
0.0	0.5124664666924545	1.0249239365545728	0.15692147735748804	0.6693882949720227	1.1818494171485874	0.3138379061477672	0.826304330045295	1.3387681766566193	0.0	0.0	0.0	0.48783614928218577	0.48784300454440715	0.48785027743478576	0.9756753988318475	0.9756862808029114	0.9756976841723963
0.0	0.5125434855830018	1.025077896035496	0.1573998312746365	0.6699436744545358	1.1824817746457865	0.3147945724221911	0.8273380208789739	1.339878872045096	0.0	0.0	0.0	0.4877628306198123	0.4877697418448724	0.4877770766296608	0.9755287888656436	0.9755397594840152	0.9755512588892783
0.0	0.5126207854458418	1.0252324170036835	0.15787840740017633	0.6704995571840195	1.1831149161836478	0.31575168289497413	0.828372436965595	1.3409905736620287	0.0	0.0	0.0	0.4876892665833301	0.48769623404506435	0.4877036310641941	0.9753816883167002	0.9753927480138678	0.9754043439683092
0.0	0.5126983668636352	1.025387500623024	0.15835720665994235	0.6710559446691658	1.1837488438533958	0.31670923941726314	0.8294075807392997	1.3421032845247918	0.0	0.0	0.0	0.4876154568503361	0.48762248082283943	0.48762994041703145	0.9752340965407954	0.9752452457486317	0.9752569387666851
0.0	0.512776230422026	1.02554314806337	0.15883622998274988	0.6716128384246273	1.1843835597551984	0.3176672438461643	0.8304434546431673	1.3432170076626815	0.0	0.0	0.0	0.48754140109693184	0.48754848185455474	0.4875560043653178	0.9750860128907187	0.9750972520414741	0.9751090426386027
0.0	0.5128543767096551	1.0256993605005678	0.15931547830042228	0.6721702399710583	1.1850190659982243	0.3186256980448006	0.8314800611292875	1.3443317461170028	0.0	0.0	0.0	0.4874670989977182	0.4874742368150623	0.48748182258469136	0.9749374367162585	0.9749487662425544	0.9749606549352473
0.0	0.5129328063181766	1.025856139116487	0.15979495254780007	0.6727281508351407	1.185655364700683	0.319584603882332	0.8325174026587964	1.3454475029411204	0.0	0.0	0.0	0.4873925502257875	0.48739974537770164	0.4874073947492761	0.974788367364188	0.9747997876990099	0.9748117750047784
0.0	0.5130115198422727	1.026013485099052	0.1602746536627624	0.6732865725496191	1.1862924579898755	0.32054396323398965	0.8335554817019244	1.3465642812005227	0.0	0.0	0.0	0.4873177544527183	0.4873250072142942	0.4873327205316762	0.9746388041782534	0.9746503157549443	0.9746624021923184
0.0	0.5130905178796671	1.026171399642269	0.16075458258624784	0.6738455066533364	1.186930348002244	0.32150377798112667	0.8345943007380622	1.347682083972901	0.0	0.0	0.0	0.4872427113485695	0.4872500219951377	0.4872577996029705	0.9744887464991633	0.9745003497514169	0.9745125358399406
0.0	0.5131698010311425	1.0263298839462596	0.16123474026226386	0.6744049546912598	1.1875690368834138	0.32246405001123474	0.8356338622557934	1.3488009143481985	0.0	0.0	0.0	0.48716742058187273	0.48717478938899844	0.4871826316327046	0.9743381936645725	0.9743498890264265	0.9743621752866547
0.0	0.5132493699005544	1.026488939217289	0.1617151276379153	0.674964918214523	1.1882085267882505	0.32342478121799667	0.8366741687529612	1.3499207754286924	0.0	0.0	0.0	0.4870918818196272	0.48709930906310595	0.48710721628888565	0.9741871450090724	0.9741989329149016	0.974211319868396
0.0	0.5133292250948481	1.026648566667801	0.16219574566341718	0.6755253987804567	1.1888488198809077	0.3243859735013194	0.8377152227367188	1.3510416703290602	0.0	0.0	0.0	0.4870160947272914	0.48702358068314494	0.4870315532379743	0.9740355998641739	0.9740474807486835	0.9740599689180088
0.0	0.5134093672240717	1.0268087675164426	0.16267659529211398	0.67608639795262	1.1894899183348704	0.32534762876736373	0.8387570267235717	1.3521636021764347	0.0	0.0	0.0	0.4869400589687794	0.4869476039132515	0.4869556421448809	0.9738835575583004	0.9738955318565194	0.9739081217652392
0.0	0.5134897969013952	1.0269695429881027	0.16315767748050058	0.6766479173008413	1.1901318243330152	0.32630974892859177	0.8397995832394439	1.3532865741104905	0.0	0.0	0.0	0.48686377420645094	0.4868713784160032	0.48687948267295533	0.9737310174167677	0.973743085564042	0.9737557777367151
0.0	0.513570514743123	1.0271308943139374	0.1636389931882374	0.6772099584012449	1.1907745400676504	0.3272723359037998	0.8408428948197239	1.3544105892835014	0.0	0.0	0.0	0.48678724010110797	0.48679490385241553	0.48680307448398386	0.9735779787617773	0.9735901411937626	0.9736029361559391
0.0	0.5136515213687126	1.0272928227314067	0.16412054337816928	0.6777725228362893	1.1914180677405712	0.3282353916181502	0.8418869640093147	1.3555356508604095	0.0	0.0	0.0	0.4867104563119854	0.4867181798819329	0.4867264172381797	0.9734244409123979	0.9734366980650532	0.9734495963432703
0.0	0.5137328174007869	1.0274553294842994	0.16460232901634667	0.6783356121948004	1.192062409563107	0.32919891800321865	0.8429317933626937	1.3566617620188974	0.0	0.0	0.0	0.48663342249674785	0.4866412061624249	0.4866495105941798	0.9732704031845585	0.9732827554941391	0.9732957576159177
0.0	0.5138144034651555	1.0276184158227764	0.16508435107205205	0.6788992280720192	1.1927075677561891	0.3301629169970365	0.8439773854439759	1.3577889259494729	0.0	0.0	0.0	0.4865561383114782	0.48656398235017545	0.4865723542090335	0.9731158648910261	0.973128312794077	0.9731414192879171
0.0	0.5138962801908274	1.027782083003395	0.16556661051779875	0.6794633720696133	1.193353544550376	0.3311273905441072	0.8450237428269436	1.3589171458555103	0.0	0.0	0.0	0.4864786034106739	0.4864865080998786	0.4864949477381984	0.9729608253413978	0.9729733692747464	0.9729865806701239
0.0	0.5139784482100259	1.0279463322891393	0.16604910832937467	0.6800280457957353	1.1940003421859253	0.3320923405954757	0.8460708680951295	1.36004642495335	0.0	0.0	0.0	0.4864008174472419	0.4864087830646337	0.48641729083553575	0.9728052838420913	0.9728179242428409	0.9728312410702028
0.0	0.514060908158211	1.0281111649494643	0.1665318454858426	0.6805932508650459	1.1946479629128401	0.33305776910873874	0.8471187638418507	1.3611767664723529	0.0	0.0	0.0	0.4863227800724861	0.4863308068959328	0.48633938315329756	0.972649239696319	0.9726619770018416	0.9726753997926026
0.0	0.5141436606740898	1.028276582260318	0.1670148229695675	0.6811589888987509	1.195296408990917	0.3340236780480977	0.848167432670271	1.3623081736549756	0.0	0.0	0.0	0.486244490936106	0.4862525792436593	0.4862612243421255	0.9724926922040859	0.9725055268520157	0.972519056138554
0.0	0.5142267063996363	1.0284425855041794	0.16749804176624208	0.6817252615246475	1.1959456826898103	0.3349900693844076	0.84921687719347	1.3634406497568572	0.0	0.0	0.0	0.48616594968618726	0.48617409975607834	0.48618281405104125	0.9723356406621702	0.9723485730903966	0.9723622094060499
0.0	0.5143100459801071	1.0286091759700913	0.1679815028648941	0.6822920703771461	1.1965957862890708	0.3359569450951933	0.8502671000344749	1.364574198046867	0.0	0.0	0.0	0.4860871559691958	0.4860953680798313	0.48610415192744066	0.9721780843641122	0.9721911150107726	0.9722048588898341
0.0	0.5143936800640608	1.028776354953698	0.1684652072579198	0.6828594170973241	1.1972467220782192	0.33692430716471444	0.8513181038263447	1.3657088218072095	0.0	0.0	0.0	0.48600810942996797	0.48601638385992546	0.486025237617084	0.9720200226001944	0.9720331519036675	0.9720470038813815
0.0	0.5144776093033718	1.0289441237572732	0.16894915594109036	0.6834273033329454	1.197898492356779	0.3378921575839851	0.8523698912122035	1.36684452433347	0.0	0.0	0.0	0.48592880971170715	0.48593714673973104	0.48594607076409235	0.9718614546574341	0.971874683056333	0.9718886436688916
0.0	0.5145618343532493	1.0291124836897585	0.16943334991358058	0.6839957307385087	1.198551099434343	0.33886049835082255	0.8534224648453088	1.3679813089347017	0.0	0.0	0.0	0.48584925645597454	0.48585765636097167	0.48586665101093857	0.971702379819566	0.971715707752731	0.9717297775372693
0.0	0.5146463558722536	1.0292814360667957	0.16991779017799338	0.6845647009752875	1.199204545630631	0.3398293314698988	0.8544758273891184	1.369119178933511	0.0	0.0	0.0	0.48576944930268323	0.4857779123637185	0.485786977998441	0.9715427973670291	0.9715562252735211	0.9715704047681136
0.0	0.5147311745223156	1.0294509822107654	0.17040247774036793	0.6851342157113587	1.199858833275537	0.3407986589527607	0.855529981517331	1.370258137666115	0.0	0.0	0.0	0.48568938789008864	0.4856979143863809	0.4857070513657546	0.9713827065769491	0.9713962348960425	0.9714105246396987
0.0	0.514816290968752	1.0296211234508175	0.17088741361020998	0.6857042766216468	1.2005139647091891	0.3417684828178874	0.8565849299139575	1.3713981884824293	0.0	0.0	0.0	0.4856090718547842	0.4856176620657016	0.4856268707503656	0.9712221067231285	0.9712357358943039	0.9712501364269642
0.0	0.5149017058802847	1.0297918611229104	0.17137259880050867	0.6862748853879612	1.201169942282005	0.342738805090721	0.8576406752733722	1.3725393347461388	0.0	0.0	0.0	0.4855285008316918	0.4855371550367478	0.48554643578808276	0.9710609970760278	0.9710747275389655	0.9710892394014974
0.0	0.5149874199290576	1.0299631965698441	0.17185803432776056	0.6868460436990363	1.2018267683547506	0.3437096278037243	0.8586972203003865	1.3736815798347872	0.0	0.0	0.0	0.4854476744540558	0.4854563929329047	0.4854657461130312	0.970899376902754	0.9709132090973268	0.9709278328315204
0.0	0.5150734337906553	1.030135131141298	0.1723437212119839	0.6874177532505652	1.2024844452985908	0.34468095299639623	0.8597545677102839	1.3748249271398316	0.0	0.0	0.0	0.4853665923534344	0.485375375385867	0.48538480135764367	0.970737245467043	0.9707511798333093	0.9707659159818732
0.0	0.5151597481441198	1.0303076661938642	0.17282966047675244	0.6879900157452491	1.203142975495157	0.34565278271534916	0.8608127202289128	1.3759693800667514	0.0	0.0	0.0	0.48528525415969426	0.48529410202563356	0.485303601152655	0.9705746020292488	0.9705886390074453	0.9706034881140029
0.0	0.5152463636719717	1.0304808030910892	0.1733158531492003	0.6885628328928243	1.2038023613365942	0.34662511901431975	0.8618716805927191	1.3771149420351025	0.0	0.0	0.0	0.4852036595009996	0.4852125724804963	0.4852221451270912	0.9704114458463217	0.9704255858768566	0.9704405484859411
0.0	0.5153332810602262	1.030654543203507	0.17380230026005952	0.6891362064101149	1.2044626052256302	0.34759796395422976	0.862931451548823	1.3782616164786097	0.0	0.0	0.0	0.4851218080038073	0.48513078637703566	0.48514043290826503	0.9702477761717986	0.9702620196952444	0.9702770963522954
0.0	0.5154205009984109	1.0308288879086736	0.17428900284367008	0.6897101380210613	1.2051237095756215	0.348571319603227	0.8639920358550778	1.379409406845243	0.0	0.0	0.0	0.4850396992928594	0.4850487433401128	0.4850584641217679	0.9700835922557881	0.9700979397128748	0.9701131309642337
0.0	0.5155080241795864	1.0310038385912097	0.1747759619380054	0.6902846294567662	1.2057856768106205	0.34954518803671897	0.8650534362801238	1.3805583165972932	0.0	0.0	0.0	0.48495733299117394	0.48496644299286035	0.4849762383914609	0.969918893344952	0.9699333451765599	0.9699486515694656
0.0	0.5155958513003651	1.0311793966428362	0.17526317858469698	0.6908596824555371	1.2064485093654365	0.3505195713374323	0.8661156556034663	1.381708349211468	0.0	0.0	0.0	0.48487470872003746	0.4848838849566752	0.4848937553394674	0.9697536786824901	0.9697682353296428	0.9697836574122278
0.0	0.5156839830609273	1.0313555634624079	0.1757506538290526	0.6914352987629218	1.2071122096856863	0.351494471595444	0.8671786966155235	1.382859508178955	0.0	0.0	0.0	0.4847918260989994	0.48480106885121294	0.4848110145861673	0.9695879475081296	0.969602609411987	0.9696181477332727
0.0	0.5157724201650453	1.031532340455961	0.176238388720083	0.6920114801317582	1.2077767802278705	0.3524698909082351	0.8682425621177039	1.384011797005525	0.0	0.0	0.0	0.4847086847458597	0.4847179942943749	0.4847280157501848	0.9694216990580999	0.9694364666599508	0.9694521217698437
0.0	0.5158611633200969	1.031709729036741	0.17672638431051374	0.6925882283222001	1.2084422234594099	0.35344583138072105	0.86930725492245	1.385165219211588	0.0	0.0	0.0	0.4846252842766665	0.4846346609023065	0.4846447584483858	0.969254932565128	0.9692698063063832	0.9692855787556706
0.0	0.5159502132370882	1.031887730625247	0.17721464165682396	0.6931655451017789	1.209108541858732	0.3544222951253183	0.8703727778533278	1.3863197783323058	0.0	0.0	0.0	0.48454162430570447	0.48455106828938516	0.48456124229586633	0.9690876472584151	0.9691026275806005	0.9691185179209458
0.0	0.5160395706306734	1.0320663466492717	0.17770316181925744	0.6937434322454334	1.2097757379153196	0.35539928426197354	0.8714391337450755	1.3874754779176601	0.0	0.0	0.0	0.48445770444548714	0.48446721606821286	0.4844774669059451	0.9689198423636217	0.968934929708371	0.9689509384923098
0.0	0.5161292362191722	1.032245578543937	0.17819194586184697	0.6943218915355532	1.2104438141297722	0.35637680091821144	0.8725063254436692	1.3886323215325365	0.0	0.0	0.0	0.4843735243067504	0.4843831038496094	0.48439343189015666	0.9687515171028541	0.9687667119119016	0.9687828396928373
0.0	0.5162192107245901	1.0324254277517337	0.17868099485243738	0.6949009247620204	1.2111127730138675	0.35735484722918315	0.8735743558063911	1.3897903127568119	0.0	0.0	0.0	0.48428908349844424	0.4842987312426044	0.4843091368582432	0.9685826706946482	0.9685979734098218	0.9686142207420212
0.0	0.5163094948726413	1.0326058957225677	0.17917030986271468	0.6954805337222623	1.2117826170906378	0.3583334253377144	0.8746432277019005	1.3909494551854493	0.0	0.0	0.0	0.48420438162772156	0.48421409785442593	0.4842245814181436	0.9684133023539468	0.9684287134171609	0.96844508085575
0.0	0.5164000893927638	1.032786983913789	0.17965989196822202	0.6960607202212825	1.2124533488944145	0.35931253739434965	0.8757129440102932	1.3921097524285713	0.0	0.0	0.0	0.4841194182999351	0.48412920329049736	0.48413976517598994	0.9682434112920939	0.9682589311453421	0.9682754192463016
0.0	0.5164909950181442	1.0329686937902438	0.18014974224838518	0.6966414860717111	1.2131249709709047	0.3602921855573994	0.8767835076231736	1.3932712081115577	0.0	0.0	0.0	0.48403419311862417	0.4840440471544244	0.4840546877360946	0.9680729967168078	0.968088625802156	0.9681052351223169
0.0	0.5165822124857339	1.033151026824304	0.18063986178653374	0.6972228330938417	1.2137974858772436	0.3612723719929784	0.8778549214437086	1.3944338258751154	0.0	0.0	0.0	0.4839487056855109	0.4839586290479909	0.48396934870094616	0.9679020578321736	0.9679177965917528	0.9679345276887924
0.0	0.5166737425362727	1.0333339844959173	0.18113025166993713	0.6978047631156917	1.2144708961820794	0.36225309887507917	0.8789271883867256	1.3955976093754003	0.0	0.0	0.0	0.48386295560048825	0.48387294857114743	0.4838837476711978	0.9677305938386199	0.9677464427146187	0.9677632961470557
0.0	0.5167655859143102	1.0335175682926463	0.18162091298980695	0.6983872779730249	1.2151452044656152	0.36323436838558354	0.8800003113787439	1.3967625622840691	0.0	0.0	0.0	0.483776942461612	0.4837870053220026	0.4837978842456587	0.9675586039329015	0.9675745633675593	0.9675915396947498
0.0	0.5168577433682221	1.033701779709705	0.18211184684134493	0.698970379509417	1.215820413319693	0.3642161827143438	0.8810742933580739	1.3979286882883957	0.0	0.0	0.0	0.48369066586509524	0.4837007988968181	0.48371175802128924	0.9673860873080895	0.9674021577436893	0.967419257525822
0.0	0.5169502156502352	1.0338866202500065	0.18260305432374266	0.6995540695762794	1.2164965253478413	0.3651985440592041	0.8821491372748619	1.3990959910913408	0.0	0.0	0.0	0.4836041254052968	0.48361432888999684	0.48362536859318866	0.9672130431535477	0.9672292250324088	0.9672464488305011
0.0	0.517043003516448	1.0340720914242045	0.18309453654023247	0.7001383500329308	1.2171735431653672	0.36618145462607643	0.8832248460911873	1.4002644744116692	0.0	0.0	0.0	0.4835173206747131	0.4835275948940748	0.4835387155545876	0.9670394706549167	0.9670557644193875	0.9670731127952806
0.0	0.5171361077268504	1.034258194750732	0.18358629459808687	0.7007232227466162	1.2178514693993958	0.36716491662896117	0.884301422781103	1.4014341419840102	0.0	0.0	0.0	0.48343025126397093	0.48344059649971405	0.48345179849684033	0.9668653689940987	0.9668817750865495	0.9668992486029043
0.0	0.5172295290453447	1.0344449317558462	0.18407832960866136	0.7013086895925718	1.2185303066889555	0.3681489322900208	0.8853788703307298	1.4026049975589736	0.0	0.0	0.0	0.4833429167618186	0.4833533332956935	0.4833646170094162	0.9666907373492405	0.9667072562120563	0.9667248554323487
0.0	0.5173232682397715	1.034632303973676	0.18457064268741163	0.7018947524540659	1.219210057685045	0.36913350383961907	0.886457191738321	1.403777044903239	0.0	0.0	0.0	0.48325531675511435	0.4832658048688976	0.4832771706798878	0.9665155748947097	0.9665322069702832	0.9665499324587995
0.0	0.517417326081927	1.03482031294626	0.18506323495391896	0.7024814132224435	1.2198907250506954	0.37011863351636604	0.8875363900143257	1.4049502877996367	0.0	0.0	0.0	0.48316745082882023	0.48317801080431017	0.4831894590939252	0.9663398808010837	0.9663566265318076	0.9663744788536405
0.0	0.517511703347585	1.0350089602235888	0.18555610753191257	0.7030686737971698	1.2205723114610347	0.37110432356717327	0.8886164681814647	1.4061247300472464	0.0	0.0	0.0	0.4830793185659946	0.4830899506850068	0.4831014818352879	0.9661636542351327	0.9661805140633932	0.9661984937844367
0.0	0.5176064008165222	1.035198247363656	0.18604926154930523	0.7036565360858911	1.2212548196033755	0.37209057624731473	0.8896974292748178	1.4073003754615088	0.0	0.0	0.0	0.4829909195477788	0.48300162409214165	0.48301323848581207	0.9659868943597951	0.9660038687279641	0.9660219764149093
0.0	0.5177014192725381	1.0353881759324988	0.1865426981382058	0.7042450020044674	1.2219382521772664	0.3730773938204575	0.8907792763418736	1.4084772278742963	0.0	0.0	0.0	0.48290225335339115	0.48291303060494134	0.48292472862540414	0.9658096003341643	0.9658266896845921	0.9658449259049228
0.0	0.5177967595034768	1.0355787475042393	0.18703641843495816	0.7048340734770328	1.222622611894574	0.3740647785587364	0.8918620124426262	1.4096552911340294	0.0	0.0	0.0	0.48281331956011864	0.48282416980069665	0.48283595183203254	0.965631771313472	0.9656489760884804	0.9656673414104684
0.0	0.5178924223012532	1.0357699636611395	0.1875304235801553	0.7054237524360358	1.2233079014795507	0.3750527327427845	0.8929456406496317	1.4108345691057624	0.0	0.0	0.0	0.48272411774330365	0.4827350412547492	0.48274690768171447	0.9654534064490625	0.9654707270909376	0.9654892220836381
0.0	0.5179884084618702	1.035961825993634	0.1880247147186666	0.7060140408222844	1.2239941236688954	0.3760412586617918	0.8940301640480841	1.412015065671274	0.0	0.0	0.0	0.48263464747634055	0.48264564454048825	0.4826575957485125	0.9652745048883851	0.9652919418393696	0.9653105670726168
0.0	0.5180847187854467	1.036154336100387	0.1885192929996814	0.7066049405850162	1.2246812812118528	0.3770303586135769	0.8951155857359152	1.4131967847291957	0.0	0.0	0.0	0.48254490833066144	0.48255597922933613	0.48256801560452045	0.9650950657749661	0.9651126194772526	0.9651313755216547
0.0	0.5181813540762389	1.0363474955883336	0.18901415957671258	0.7071964536819246	1.22536937687026	0.3780200349046135	0.8962019088238412	1.4143797301950807	0.0	0.0	0.0	0.48245489987572876	0.48246604489074113	0.4824781668198555	0.9649150882483936	0.9649327591441169	0.9649516465710523
0.0	0.5182783151426608	1.036541306072722	0.18950931560762743	0.7077885820792099	1.2260584134186185	0.3790102898500843	0.8972891364354388	1.4155639060014995	0.0	0.0	0.0	0.482364621679028	0.48237584109216997	0.4823880489626514	0.9647345714443033	0.9647523599755334	0.9647713793571453
0.0	0.5183756027973128	1.0367357691771704	0.19000476225469412	0.7083813277516537	1.2267483936441976	0.3800011257739659	0.8983772717072576	1.4167493160981812	0.0	0.0	0.0	0.48227407330605393	0.4822853673990942	0.4822976615990445	0.9645535144943509	0.9645714211030855	0.9645905730122776
0.0	0.518473217857003	1.036930886533709	0.1905005006845866	0.7089746926826457	1.2274393203470813	0.38099254500905055	0.8994663177888629	1.4179359644520777	0.0	0.0	0.0	0.4821832543203029	0.4821946233749825	0.482207004293166	0.9643719165261962	0.9643899416543537	0.9644092266647857
0.0	0.518571161142768	1.0371266597828226	0.19099653206841657	0.7095686788642358	1.2281311963402426	0.3819845498970034	0.9005562778429141	1.4191238550474625	0.0	0.0	0.0	0.48209216428326646	0.48210360858129403	0.4821160766071355	0.9641897766634911	0.9642079207529028	0.9642273394389858
0.0	0.5186694334799014	1.0373230905735056	0.19149285758177023	0.7101632882971997	1.228824024449636	0.3829771427884427	0.9016471550452733	1.4203129918860673	0.0	0.0	0.0	0.48200080275441737	0.4820123225774648	0.4820248781010472	0.9640070940258514	0.9640253575182548	0.9640449104551461
0.0	0.5187680356979759	1.0375201805633092	0.1919894784047265	0.7107585229910797	1.2295178075142623	0.38397032604296394	0.9027389525850518	1.4215033789871525	0.0	0.0	0.0	0.4819091692912012	0.481920764920899	0.48193340833296133	0.9638238677288392	0.9638422510658705	0.9638619388294696
0.0	0.518866968630868	1.0377179314183878	0.1924863957218899	0.7113543849642409	1.2302125483862478	0.38496410202921877	0.9038316736647126	1.4226950203876323	0.0	0.0	0.0	0.48181726344902726	0.4818289351669602	0.4818416668588951	0.963640096883946	0.9636586005071328	0.9636784236740763
0.0	0.5189662331167818	1.0379163448135487	0.19298361072241482	0.7119508762439206	1.2309082499309183	0.38595847312495446	0.9049253215001352	1.4238879201421641	0.0	0.0	0.0	0.48172508478125864	0.48173683286896096	0.4817496532328129	0.9634557805985721	0.963474404949326	0.9634943640969831
0.0	0.5190658299982754	1.0381154224323035	0.19348112460003358	0.7125479988662821	1.2316049150268786	0.38695344171707863	0.9060198993207049	1.4250820823232648	0.0	0.0	0.0	0.481632632839201	0.4816444575781521	0.4816573670066146	0.9632709179760041	0.9632896634956135	0.9633097592020814
0.0	0.5191657601222834	1.0383151659669136	0.1939789385530959	0.7131457548764764	1.232302546566098	0.387949010201724	0.9071154103694018	1.4262775110214205	0.0	0.0	0.0	0.48153990717209494	0.48155180884371473	0.4815648077301286	0.9630855081154001	0.9631043752450229	0.9631246080891217
0.0	0.5192660243401441	1.038515577118445	0.19447705378457733	0.7137441463286781	1.2330011474539722	0.38894518098428327	0.9082118579028612	1.4274742103451763	0.0	0.0	0.0	0.48144690732710377	0.4814588862127482	0.481471974951099	0.9628995501117649	0.9629185392924211	0.9629389098536895
0.0	0.5193666235076245	1.0387166575968176	0.19497547150212569	0.7143431752861569	1.2337007206094197	0.38994195647948965	0.9093092451914802	1.428672184421266	0.0	0.0	0.0	0.4813536328493038	0.48136568923026024	0.4813788682151762	0.9627130430559305	0.9627321547284949	0.9627526635871851
0.0	0.5194675584849444	1.0389184091208536	0.1954741929180843	0.7149428438213246	1.2344012689649537	0.3909393391114631	0.9104075755194873	1.429871437394707	0.0	0.0	0.0	0.48126008328167547	0.48127221743915816	0.48128548706590785	0.9625259860345385	0.9625452206397336	0.9625658683768068
0.0	0.5195688301368032	1.0391208334183315	0.19597321924951425	0.7155431540157843	1.2351027954667582	0.39193733131376407	0.9115068521850234	1.4310719734289075	0.0	0.0	0.0	0.4811662581650918	0.4811784703802373	0.4811918310447274	0.9623383781300173	0.9623577361084055	0.9623785233055272
0.0	0.5196704393324061	1.039323932226037	0.19647255171823885	0.7161441079604011	1.2358053030747829	0.39293593552947326	0.9126070785002472	1.4322737967057977	0.0	0.0	0.0	0.4810721570383081	0.48108444759217084	0.48109789969094374	0.9621502184205611	0.9621697002125378	0.9621906274520727
0.0	0.5197723869454883	1.0395277072898141	0.19697219155085488	0.7167457077553372	1.2365087947628057	0.39393515421122094	0.9137082577913894	1.4334769114259094	0.0	0.0	0.0	0.4809777794379528	0.48099014861150047	0.4810036925417321	0.9619615059801118	0.9619811120258979	0.9620021798909054
0.0	0.5198746738543438	1.0397321603646192	0.19747213997877855	0.7173479555101269	1.2372132735185333	0.3949349898212692	0.9148103933988626	1.434681321808513	0.0	0.0	0.0	0.4808831248985154	0.48089557297262436	0.48090920913212176	0.9617722398783344	0.9617919706179692	0.9618131796921985
0.0	0.5199773009418501	1.0399372932145736	0.19797239823827026	0.7179508533437259	1.2379187423436773	0.39593544483157334	0.9159134886773483	1.4358870320917314	0.0	0.0	0.0	0.48078819295233677	0.4808007202077874	0.48081444899498665	0.9615824191805984	0.9616022750539318	0.961623625921817
0.0	0.5200802690954962	1.0401431076130176	0.19847296757045926	0.7185544033845639	1.2386252042540338	0.3969365217238239	0.9170175469958666	1.4370940465326352	0.0	0.0	0.0	0.4806929831295977	0.4807055898470701	0.4807194116610338	0.9613920429479543	0.9614120243946401	0.9614335176412955
0.0	0.5201835792074069	1.0403496053425598	0.19897384922138123	0.7191586077706066	1.23933266227957	0.39793822298952386	0.9181225717378773	1.4383023694073696	0.0	0.0	0.0	0.4805974949583105	0.48061018141837986	0.48062409665879496	0.9612011102371175	0.9612212176966054	0.9612428539078205
0.0	0.5202872321743742	1.0405567881951394	0.19947504444200362	0.7197634686494121	1.240041119464512	0.39894055113003873	0.9192285663013617	1.4395120050112673	0.0	0.0	0.0	0.48050172796430435	0.4805144944474361	0.48052850351461146	0.9610096201004377	0.9610298540119663	0.9610516337742013
0.0	0.5203912288978797	1.040764657972072	0.19997655448826357	0.7203689881781915	1.240750578867428	0.39994350865667005	0.9203355340989186	1.4407229576589669	0.0	0.0	0.0	0.4804056816712187	0.4804185284577643	0.4804326317526284	0.9608175715858871	0.9608379323884767	0.9608598562888574
0.0	0.5204955702841251	1.0409732164841088	0.20047838062108983	0.7209751685238611	1.2414610435613098	0.40094709809071066	0.9214434785578494	1.4419352316845278	0.0	0.0	0.0	0.48030935560049	0.4803222829706821	0.48033648089478076	0.9606249637370329	0.9606454518694778	0.9606675204957907
0.0	0.52060025724406	1.0411824655514939	0.20098052410644257	0.7215820118631099	1.24217251663367	0.40195132196350386	0.9225524031202454	1.4431488314415464	0.0	0.0	0.0	0.4802127492713401	0.48022575750528823	0.48024005046078216	0.9604317955930151	0.9604524114938765	0.9604746254345641
0.0	0.5207052906934089	1.0413924070040175	0.20148298621534327	0.7221895203824565	1.242885001186624	0.4029561828165214	0.9236623112430931	1.4443637613032871	0.0	0.0	0.0	0.48011586220076663	0.4801289515784524	0.4801433399681149	0.9602380661885258	0.9602588102961244	0.96028117014028
0.0	0.5208106715527004	1.041603042681074	0.20198576822390407	0.7227976962783079	1.2435985003369792	0.4039616832014116	0.9247732063983504	1.4455800256627893	0.0	0.0	0.0	0.4800186939035303	0.48003186470480297	0.48004634893201753	0.9600437745537853	0.9600646473061938	0.960087153643557
0.0	0.5209164007472917	1.0418143744317117	0.20248887141334976	0.7234065417570054	1.2443130172163046	0.4049678256800583	0.9258850920730309	1.4467976289329745	0.0	0.0	0.0	0.4799212438921478	0.47993449639671965	0.4799490768654776	0.9598489197145268	0.9598699215495629	0.9598925749705143
0.0	0.5210224792074033	1.0420264041147014	0.20299229707008212	0.724016059034924	1.245028554971066	0.4059746128246804	0.9269979717693383	1.448016575546816	0.0	0.0	0.0	0.47982351167687415	0.479836846164316	0.47985152327921415	0.9596535006919619	0.9596746320471806	0.959697433142737
0.0	0.521128907868144	1.0422391335985874	0.20349604648567174	0.7246262503384895	1.2457451167626667	0.40698204721785	0.9281118490047084	1.4492368699574067	0.0	0.0	0.0	0.47972549676569537	0.47973891351543185	0.47975368768167004	0.9594575165027651	0.9594787778154518	0.9595017271772613
0.0	0.5212356876695385	1.0424525647617413	0.20400012095692127	0.7252371179042681	1.2464627057675657	0.407990131452594	0.9292267273119391	1.4504585166381154	0.0	0.0	0.0	0.47962719866431835	0.4796406979556235	0.47965556957900213	0.9592609661590547	0.9592823578662172	0.9593054560865545
0.0	0.5213428195565634	1.0426666994924347	0.2045045217858859	0.7258486639790241	1.2471813251773702	0.4089988681324458	0.9303426102392777	1.4516815200827102	0.0	0.0	0.0	0.4795286168761528	0.47954219898814526	0.47955716847506324	0.9590638486683554	0.9590853712067171	0.959108618878478
0.0	0.5214503044791668	1.0428815396888789	0.20500925027990446	0.72646089081977	1.2479009781989072	0.41000825987150574	0.931459501350501	1.45290588480546	0.0	0.0	0.0	0.4794297509023087	0.4794434161139474	0.47945848387139933	0.9588661630335942	0.9588878168395863	0.9589112145562833
0.0	0.521558143392307	1.0430970872593013	0.20551430775164056	0.7270738006938463	1.24862166805434	0.41101830929452154	0.9325774042250344	1.454131615341289	0.0	0.0	0.0	0.47933060024157675	0.4793443488316562	0.4793595152672301	0.9586679082530606	0.9586896937628153	0.958713242118572
0.0	0.5216663372559774	1.0433133441219957	0.20601969551911525	0.7276873958789792	1.249343397981252	0.4120290190369546	0.9336963224580431	1.455358716245896	0.0	0.0	0.0	0.47923116439042057	0.4792449966375663	0.4792602621594411	0.9584690833203917	0.9584910009697345	0.9585147005592811
0.0	0.5217748870352388	1.0435303122053865	0.2065254149057309	0.7283016786633365	1.2500661712327343	0.41304039174503226	0.9348162596605163	1.4565871920958688	0.0	0.0	0.0	0.47913144284296344	0.47914535902562744	0.4791607240425708	0.9582696872245452	0.9582917374489873	0.9583155888676556
0.0	0.5218837937002476	1.0437479934480858	0.20703146724031873	0.7289166513456035	1.25078999107749	0.4140524300758337	0.9359372194593815	1.4578170474888277	0.0	0.0	0.0	0.4790314350909782	0.4790454354874342	0.4790609004087999	0.958069718949779	0.9580919021845106	0.9581159060282285
0.0	0.5219930582262895	1.0439663897989597	0.20753785385716295	0.7295323162350404	1.2515148607999254	0.4150651366973474	0.9370592054975955	1.4590482870435493	0.0	0.0	0.0	0.47893114062387215	0.4789452255122114	0.4789607907479367	0.9578691774756217	0.9578914941555041	0.9579156510207911
0.0	0.5221026815938083	1.0441855032171872	0.20804457609604782	0.730148675651559	1.2522407837002552	0.4160785142885588	0.938182221434261	1.4602809154001133	0.0	0.0	0.0	0.4788305589286772	0.47884472858680344	0.4788603945474068	0.9576680617768522	0.9576905123364108	0.9577148228203727
0.0	0.522212664788436	1.0444053356723186	0.20855163530227888	0.730765731925773	1.2529677630945826	0.4170925655394941	0.9393062709447002	1.4615149372200043	0.0	0.0	0.0	0.4787296894900384	0.47874394419566363	0.4787597112922424	0.9574663708234773	0.9574889556968941	0.957513420397218
0.0	0.5223230088010292	1.0446258891443503	0.2090590328267237	0.7313834873990755	1.2536958023150142	0.41810729315130496	0.9404313577205761	1.4627503571862708	0.0	0.0	0.0	0.47862853179019715	0.4786428718208369	0.4786587404650645	0.9572641035806978	0.957286823201804	0.9573114427167532
0.0	0.5224337146276947	1.044847165623774	0.2095667700258548	0.7320019444237077	1.2544249047097533	0.4191226998363507	0.9415574854699994	1.4639871800036577	0.0	0.0	0.0	0.4785270853089843	0.478541510941953	0.4785574815460767	0.9570612590088946	0.9570841138111634	0.9571088887395723
0.0	0.522544783269824	1.0450691671116472	0.21007484826176964	0.7326211053628129	1.2551550736431887	0.42013878831824375	0.9426846579176099	1.465225410398721	0.0	0.0	0.0	0.4784253495238051	0.4784398610362118	0.47845593401305003	0.9568578360635993	0.9568808264801384	0.9569057574214077
0.0	0.522656215734127	1.0452918956196597	0.21058326890224424	0.7332409725905241	1.2558863124960162	0.42115556133194476	0.943812878804704	1.4664650531199905	0.0	0.0	0.0	0.4783233239096254	0.4783379215783688	0.4783540973413089	0.9566538336954656	0.9566769601590099	0.9567020477131012
0.0	0.5227680130326611	1.045515353170192	0.2110920333207567	0.7338615484920166	1.2566186246653195	0.42217302162382503	0.9449421518893264	1.4677061129380893	0.0	0.0	0.0	0.47822100793896216	0.47823569204072625	0.47825197100372174	0.956449250850251	0.9564725137931555	0.9564977585605862
0.0	0.5228801761828671	1.0457395417963873	0.21160114289653054	0.734482835463587	1.2573520135646865	0.4231911719517429	0.9460724809463831	1.4689485946458831	0.0	0.0	0.0	0.47811840108186704	0.47813317189311655	0.47814955447068475	0.9562440864687838	0.9562674863230158	0.9562928889048542
0.0	0.5229927062075999	1.0459644635422125	0.2121105990145678	0.7351048359127169	1.2580864826243021	0.4242100150851123	0.9472038697677393	1.4701925030586096	0.0	0.0	0.0	0.4780155028059164	0.47803036060289217	0.47804684721011154	0.956038339486943	0.9560618766840755	0.9560874376819353
0.0	0.523105604135162	1.0461901204625257	0.2126204030656901	0.735727552258148	1.2588220352910577	0.42522955380498845	0.9483363221623399	1.471437843014031	0.0	0.0	0.0	0.4779123125761975	0.47792725763491184	0.47794384868741957	0.9558320088356306	0.9558556838068343	0.95588140382287
0.0	0.523218870999338	1.0464165146231437	0.21313055644657003	0.7363509869299468	1.25955867502865	0.4262497909041243	0.949469841956299	1.4726846193725585	0.0	0.0	0.0	0.4778088298552949	0.47782386245152725	0.4778405583655166	0.9556250934407453	0.9556489066167815	0.9556747862536829
0.0	0.5233325078394275	1.0466436481009098	0.21364106055977963	0.7369751423695873	1.260296405317697	0.4272707291870707	0.9506044329930344	1.4739328370174205	0.0	0.0	0.0	0.47770505410327746	0.4777201745125696	0.47773697570478746	0.9554175922231553	0.9554415440343684	0.9554675838953555
0.0	0.5234465157002787	1.0468715229837597	0.21415191681381215	0.7376000210300051	1.2610352296558256	0.4282923714702254	0.9517400991333488	1.4751825008547763	0.0	0.0	0.0	0.47760098477768625	0.47761619327533783	0.47763310016308214	0.9552095040986744	0.9552335949749851	0.9552597956638028
0.0	0.5235608956323232	1.0471001413707914	0.2146631266231362	0.7382256253756873	1.261775151557795	0.42931472058193093	0.9528768442555631	1.4764336158138849	0.0	0.0	0.0	0.47749662133352017	0.47751191819458405	0.4775289311957011	0.955000827978034	0.9550250583489311	0.9550514204698446
0.0	0.523675648691612	1.047329505372337	0.21517469140823042	0.7388519578827424	1.262516174555605	0.43033777936254797	0.9540146722556258	1.4776861868472497	0.0	0.0	0.0	0.47739196322322114	0.477407348722499	0.4774244682553811	0.9547915627668524	0.9548159330613867	0.9548424572191754
0.0	0.5237907759398457	1.0475596171100232	0.2156866125956118	0.7394790210389592	1.2632583021985828	0.4313615506645206	0.955153587047208	1.4789402189307443	0.0	0.0	0.0	0.4772870098966652	0.4773024843087028	0.47731971079228547	0.9545817073656179	0.9546062180123938	0.9546329048123469
0.0	0.5239062784444156	1.0477904787168535	0.21619889161789102	0.7401068173439032	1.2640015380535217	0.4323860373524704	0.956293592561839	1.480195717063789	0.0	0.0	0.0	0.477181760801143	0.47719732440022566	0.47721465825398524	0.9543712606696492	0.954395912096818	0.9544227621447288
0.0	0.5240221572784347	1.04802209233727	0.21671152991380135	0.7407353493089758	1.264745885704771	0.43341124230326716	0.9574346927490074	1.4814526862694823	0.0	0.0	0.0	0.4770762153813503	0.4770918684414985	0.4771093100854494	0.9541602215690768	0.954185014204329	0.9542120281064901
0.0	0.5241384135207751	1.0482544601272283	0.21722452892823765	0.7413646194574914	1.2654913487543504	0.43443716840610536	0.9585768915762752	1.482711131594753	0.0	0.0	0.0	0.4769703730793727	0.47698611587433726	0.4770036657290294	0.953948588948812	0.9539735232193705	0.954000701582568
0.0	0.5242550482561017	1.048487584254265	0.21773789011230363	0.7419946303247585	1.2662379308220648	0.4354638185625951	0.9597201930294026	1.483971058110519	0.0	0.0	0.0	0.4768642333346729	0.4768800661379307	0.4768977246244469	0.9537363616885222	0.9537614380211346	0.9537887814526436
0.0	0.5243720625749142	1.0487214668975808	0.21825161492334993	0.7426253844581588	1.2669856355456253	0.4364911956868343	0.9608646011124617	1.4852324709118419	0.0	0.0	0.0	0.47675779558407283	0.47677371866882207	0.4767914862087755	0.9535235386625939	0.9535487574835254	0.9535762665911042
0.0	0.5244894575735765	1.0489561102481004	0.2187657048250143	0.7432568844172172	1.2677344665807482	0.43751930270550093	0.9620101198479584	1.4864953751180785	0.0	0.0	0.0	0.47665105926174495	0.4766670729009006	0.4766849499164321	0.9533101187401167	0.9533354804751429	0.9533631558670277
0.0	0.524607234354357	1.049191516508553	0.21928016128724995	0.7438891327736709	1.2684844276012661	0.4385481425579041	0.9631567532769235	1.487759775873014	0.0	0.0	0.0	0.4765440237991948	0.47656012826538424	0.47657811517915966	0.9530961007848476	0.9531216058592469	0.9531494481441469
0.0	0.5247253940254676	1.0494276878935487	0.2197949857864027	0.7445221321115845	1.2692355222992795	0.4395777181961261	0.9643045054590939	1.4890256783450786	0.0	0.0	0.0	0.4764366886252458	0.47645288419080406	0.4764709814260116	0.9528814836551806	0.9529071324937272	0.9529351422808193
0.0	0.5248439377010965	1.0496646266296463	0.22031017980520495	0.745155885027378	1.2699877543852192	0.4406080325850348	0.9654533804729576	1.4902930877274292	0.0	0.0	0.0	0.47632905316602814	0.4763453401029935	0.47636354808334114	0.9526662662041246	0.9526920592310812	0.9527202371300046
0.0	0.5249628665014491	1.0499023349554333	0.22082574483285605	0.7457903941299463	1.270741127588006	0.441639088702425	0.9666033824159358	1.4915620092381696	0.0	0.0	0.0	0.4762211168449621	0.4762374954250715	0.4762558145747842	0.9524504472792704	0.9524763849183809	0.9525047315392317
0.0	0.5250821815527852	1.0501408151216012	0.22134168236504348	0.7464256620407196	1.2714956456551487	0.4426708895390646	0.9677545154044666	1.4928324481204722	0.0	0.0	0.0	0.4761128790827434	0.4761293495774279	0.4761477803212453	0.9522340257227607	0.9522601083972431	0.9522886243505689
0.0	0.5252018839874585	1.050380069391024	0.22185799390399844	0.7470616913937566	1.272251312352877	0.4437034380988136	0.9689067835741627	1.4941044096427758	0.0	0.0	0.0	0.4760043392973279	0.4760209019777082	0.47603944474088133	0.9520170003712601	0.952043228503799	0.952071914400594
0.0	0.5253219749439513	1.0506201000388276	0.22237468095852467	0.7476984848358091	1.2730081314662394	0.44473673739867337	0.9700601910798964	1.4953778990989042	0.0	0.0	0.0	0.4758954969039202	0.475912152040802	0.4759308072490912	0.951799370055932	0.9518257440686715	0.951854600520371
0.0	0.5254424555669197	1.0508609093524803	0.2228917450440588	0.7483360450264271	1.273766106799255	0.4457707904689107	0.9712147420959677	1.4966529218082798	0.0	0.0	0.0	0.475786351314953	0.47580309917882263	0.4758218672584945	0.9515811336023973	0.9516076539169338	0.9516366815354087
0.0	0.525563327007228	1.0511024996318616	0.22340918768270354	0.7489743746380264	1.2745252421750146	0.44680560035312067	0.9723704408162019	1.4979294831160566	0.0	0.0	0.0	0.4756769019400764	0.47569374280109616	0.475712624178921	0.9513622898307131	0.9513889568680882	0.95141815626564
0.0	0.5256845904219885	1.0513448731893422	0.22392701040326188	0.7496134763559625	1.2752855414357955	0.4478411701083043	0.9735272914540677	1.4992075883932765	0.0	0.0	0.0	0.47556714818614243	0.4755840823141462	0.47560307741739527	0.951142837555342	0.951169651736035	0.9511990235253899
0.0	0.5258062469746043	1.0515880323498679	0.22444521474131016	0.7502533528786467	1.2760470084432183	0.448877502805003	0.974685298242853	1.5004872430370888	0.0	0.0	0.0	0.47545708945718745	0.47547411712167603	0.47549322637811886	0.9509227755851164	0.9509497373290371	0.9509792821233413
0.0	0.5259282978348072	1.0518319794510373	0.2249638022392136	0.7508940069175989	1.2768096470783397	0.44991460152733687	0.9758444654357422	1.5017684524708654	0.0	0.0	0.0	0.4753467251544185	0.4753638466245553	0.4753830704624569	0.9507021027232115	0.9507292124496933	0.9507589308625072
0.0	0.5260507441786985	1.052076716843182	0.22548277444618733	0.7515354411975499	1.2775734612417937	0.45095246937312744	0.977004797305979	1.5030512221444037	0.0	0.0	0.0	0.475236054676198	0.47525327022080427	0.4752726090689226	0.9504808177671147	0.9505080758949072	0.9505379685402
0.0	0.5261735871887935	1.0523222468894566	0.2260021329183402	0.7521776584565296	1.2783384548539265	0.45199110945397714	0.9781662981469911	1.5043355575340962	0.0	0.0	0.0	0.47512507741802423	0.4751423873055749	0.47516184159315783	0.9502589195085865	0.9502863264558483	0.9503163939479932
0.0	0.5262968280540545	1.0525685719659037	0.22652187921871403	0.7528206614459391	1.2791046318548993	0.45303052489535955	0.9793289722725121	1.5056214641430858	0.0	0.0	0.0	0.4750137927725238	0.4750311972711426	0.47505076742792546	0.9500364067336453	0.9500639629179369	0.9500942058717048
0.0	0.5264204679699416	1.052815694461556	0.2270420149173352	0.7534644529306529	1.2798719962048428	0.45407071883671307	0.9804928240167273	1.5069089475014616	0.0	0.0	0.0	0.47490220012942685	0.4749196995068821	0.4749393859630847	0.949813278222518	0.9498409840607946	0.9498714030913495
0.0	0.526544508138449	1.053063616778509	0.22756254159125974	0.7541090356891006	1.2806405518839743	0.45511169443153543	0.9816578577344036	1.5081980131664254	0.0	0.0	0.0	0.47479029887555624	0.47480789339925633	0.4748276965855804	0.9495895327496185	0.949617388658223	0.9496479843811162
0.0	0.5266689497681492	1.0533123413320085	0.2280834608246239	0.7547544125133613	1.2814103028927366	0.4561534548474828	0.982824077801033	1.5094886667224794	0.0	0.0	0.0	0.47467808839481007	0.47469577833179893	0.47471569867942515	0.9493651690835124	0.949393175478168	0.9494239485093326
0.0	0.5267937940742352	1.053561870550536	0.2286047742086839	0.7554005862092458	1.2821812532519228	0.4571960032664526	0.9839914886129574	1.510780913781593	0.0	0.0	0.0	0.4745655680681453	0.4745833536850979	0.4746033916256834	0.9491401859868845	0.9491683432826878	0.9491992942384336
0.0	0.5269190422785647	1.0538122068758964	0.22912648334186994	0.7560475595963941	1.2829534070028172	0.45823934288468643	0.9851600945875157	1.5120747599833948	0.0	0.0	0.0	0.47445273727356096	0.47447061883677877	0.47449077480245405	0.9489145822165049	0.9489428908279185	0.9489740203249263
0.0	0.5270446956096997	1.0540633527632972	0.22964858982982703	0.7566953355083569	1.2837267682073166	0.45928347691286014	0.986329900163174	1.5133702109953406	0.0	0.0	0.0	0.4743395953860842	0.47435757316149096	0.47437784758485735	0.9486883565232017	0.9487168168640472	0.9487481255193635
0.0	0.5271707553029561	1.054315310681448	0.2301710952854772	0.7573439167927063	1.284501340948091	0.46032840857619467	0.987500909799685	1.5146672725129247	0.0	0.0	0.0	0.47422614177774924	0.47424421603088623	0.47426460934501286	0.948461507651818	0.948490120135269	0.9485216085663005
0.0	0.5272972226004423	1.0545680831126374	0.2306940013290518	0.7579933063111074	1.2852771293286933	0.46137414111453573	0.9886731279782068	1.5159659502598357	0.0	0.0	0.0	0.47411237581758475	0.4741305468136066	0.4741510594520278	0.9482340343411878	0.9482627993797628	0.9482944682042709
0.0	0.5274240987511064	1.0548216725528268	0.23121730958814946	0.7586435069394227	1.286054137473711	0.4624206777824605	0.9898465592014567	1.5172662499881573	0.0	0.0	0.0	0.47399829687159545	0.47401656487526544	0.4740371972719779	0.9480059353240978	0.948034853329653	0.9480667031657484
0.0	0.527551385010781	1.0550760815117413	0.23174102169778865	0.7592945215678103	1.286832369528909	0.4634680218493826	0.9910212079938608	1.518568177478564	0.0	0.0	0.0	0.4738839043027441	0.4739022695784299	0.47392302216788973	0.9477772093272528	0.947806280710975	0.9478383121771122
0.0	0.527679082642228	1.0553313125129575	0.23226513930044757	0.7599463531008075	1.2876118296613581	0.46451617659963834	0.9921970789016847	1.5198717385404952	0.0	0.0	0.0	0.4737691974709357	0.47378766028260483	0.47380853349972485	0.9475478550712435	0.947577080243643	0.947609293958615
0.0	0.5278071929151827	1.0555873680939944	0.23278966404612564	0.7605990044574376	1.2883925220595869	0.4655651453326008	0.9933741764931929	1.52117693901236	0.0	0.0	0.0	0.47365417573300045	0.47367273634421586	0.4736937306243627	0.9473178712705117	0.9473472506414156	0.947379647224348
0.0	0.5279357171064023	1.0558442508064063	0.23331459759238465	0.7612524785712979	1.289174450933716	0.466614931362774	0.9945525053587891	1.5224837847617245	0.0	0.0	0.0	0.47353883844267564	0.4735574971165913	0.4735786128955826	0.9470872566333153	0.9471167906118599	0.9471493706822058
0.0	0.5280646564997112	1.0561019632158768	0.23383994160440946	0.7619067783906673	1.2899576205156127	0.4676655380198981	0.9957320701111692	1.523792281685511	0.0	0.0	0.0	0.4734231849505874	0.47344194194994393	0.47346317966404555	0.946856009861691	0.9468856988563156	0.9469184630338497
0.0	0.5281940123860477	1.0563605079023106	0.2343656977550527	0.7625619068785966	1.290742035059027	0.4687169686490543	0.9969128753854706	1.5251024357101939	0.0	0.0	0.0	0.47330721460423447	0.47332607019135464	0.47334743027727766	0.9466241296514224	0.9466539740698612	0.9466869229746748
0.0	0.5283237860635095	1.056619887459925	0.2348918677248836	0.7632178670130032	1.2915276988397333	0.469769226610757	0.9980949258394115	1.5264142527919846	0.0	0.0	0.0	0.47319092674797075	0.47320988118475515	0.47323136407965316	0.9463916146920044	0.9464216149412802	0.9464547491937755
0.0	0.5284539788374044	1.056880104497351	0.235418453202249	0.7638746617867825	1.2923146161556902	0.47082231528107205	0.9992782261534592	1.5277277389170494	0.0	0.0	0.0	0.4730743207229854	0.473093374270908	0.47311498041237415	0.9461584636666039	0.9461886201530212	0.9462219403739054
0.0	0.5285845920202955	1.0571411616377233	0.23594545588332955	0.7645322942079096	1.2931027913271886	0.4718762380517286	1.0004627810309863	1.5290429001017125	0.0	0.0	0.0	0.4729573958672869	0.4729765487873906	0.4729982786134548	0.9459246752520278	0.9459549883811653	0.9459884951914456
0.0	0.5287156269320528	1.057403061518784	0.2364728774721782	0.765190767299529	1.2938922286969934	0.4729309983302065	1.001648595198411	1.5303597423926463	0.0	0.0	0.0	0.4728401515156818	0.47285940406857424	0.4728812580177001	0.9456902481186809	0.945720718295385	0.9457544123163624
0.0	0.5288470848998954	1.0576658067929672	0.23700071968077838	0.765850084100055	1.2946829326304856	0.47398659953984457	1.0028356734053467	1.5316782718670647	0.0	0.0	0.0	0.4727225869997625	0.47274193944561144	0.4727639179566935	0.94545518093054	0.9454858085589176	0.9455196904121822
0.0	0.5289789672584483	1.0579294001275108	0.23752898422911356	0.7665102476632981	1.2954749075158445	0.4750430451199752	1.004024020424793	1.5329984946329693	0.0	0.0	0.0	0.47260470164788193	0.472624154246411	0.4726462577587719	0.9452194723451057	0.9452502578285171	0.945284328135942
0.0	0.5291112753497894	1.058193844204553	0.23805767284520293	0.7671712610585479	1.2962681577641795	0.47610033852600614	1.0052136410532655	1.5343204168293274	0.0	0.0	0.0	0.47248649478513693	0.47250604779562133	0.47252827674900877	0.9449831210133668	0.9450140647544192	0.945048324138155
0.0	0.5292440105234966	1.0584591417212246	0.23858678726516366	0.7678331273706818	1.297062687809684	0.4771584832295414	1.0064045401109627	1.5356440446262851	0.0	0.0	0.0	0.4723679657333527	0.4723876194146147	0.4724099742491986	0.9447461255797702	0.9447772279803106	0.9448116770627799
0.0	0.5293771741367007	1.0587252953897552	0.23911632923326936	0.7684958497002766	1.2978585021098017	0.47821748271849224	1.0075967224419304	1.5369693842253858	0.0	0.0	0.0	0.4722491138110609	0.4722688684214656	0.4722913495778352	0.9445084846821775	0.9445397461432857	0.9445743855471777
0.0	0.5295107675541363	1.058992307937575	0.23964630050199884	0.7691594311637087	1.2986556051453753	0.47927734049718396	1.0087901929142196	1.5382964418597767	0.0	0.0	0.0	0.47212993833348127	0.4721497941309322	0.4721724020500932	0.9442701969518277	0.9443016178738095	0.9443364482220739
0.0	0.529644792148194	1.0592601821074195	0.24017670283210263	0.7698238748932715	1.2994540014208187	0.480338060086481	1.0099849564200627	1.53962522379444	0.0	0.0	0.0	0.4720104386125012	0.47203039585443607	0.47205313097780743	0.9440312610132962	0.9440628417956766	0.9440978637115185
0.0	0.5297792492989685	1.0595289206574248	0.24070753799264819	0.7704891840372697	1.3002536954642572	0.4813996450238865	1.0111810178760219	1.540955736326387	0.0	0.0	0.0	0.47189061395666	0.47191067290004624	0.47193353566945756	0.9437916754844637	0.9438234165259799	0.9438586306328541
