0.0	0.1999999999999994	0.3999999999999988	0.5999999999999981	0.7999999999999976	0.9999999999999969	0.0007102272727257529	0.20071022727272517	0.40071022727272454	0.6007102272727239	0.8007102272727233	1.0007102272727226	0.0014204545454524686	0.20142045454545188	0.4014204545454513	0.6014204545454506	0.8014204545454501	1.0014204545454495	0.002130681818179429	0.20213068181817884	0.40213068181817824	0.6021306818181775	0.802130681818177	1.0021306818181763	0.0028409090909036635	0.20284090909090305	0.4028409090909025	0.6028409090909018	0.8028409090909012	1.0028409090909005	0.003551136363630781	0.20355113636363018	0.40355113636362955	0.6035511363636289	0.8035511363636284	1.0035511363636278	0.0	0.0	0.0	0.0	0.0	0.0	0.20000000000000062	0.20000000000000062	0.20000000000000062	0.20000000000000062	0.20000000000000062	0.20000000000000065	0.40000000000000124	0.40000000000000124	0.40000000000000124	0.40000000000000124	0.40000000000000124	0.4000000000000013	0.6000000000000018	0.6000000000000019	0.6000000000000019	0.6000000000000019	0.6000000000000019	0.6000000000000019	0.8000000000000025	0.8000000000000025	0.8000000000000025	0.8000000000000025	0.8000000000000025	0.8000000000000026	1.000000000000003	1.000000000000003	1.000000000000003	1.000000000000003	1.000000000000003	1.000000000000003
0.0	0.20000189193876863	0.40000378381038026	0.6000056756228817	0.8000075673762721	1.0000094590625022	0.0014204545194478218	0.20142234645025567	0.401424238319168	0.6014261301318693	0.8014280218883801	1.0014299135830746	0.0028409089902992507	0.20284280090198162	0.40284469276338264	0.6028465845762655	0.8028484763406654	1.0028503680549001	0.004261363414745107	0.20426325530434206	0.40426514715631623	0.6042670389693523	0.8042689307434863	1.0042708224801162	0.005681817798082637	0.20568370966844993	0.4056856015128429	0.6056874933260041	0.8056893851079572	1.0056912768640225	0.007102272142447032	0.20710416400466192	0.4071060558462436	0.6071079476595131	0.807109839444474	1.0071117312088114	0.0	0.0	0.0	0.0	0.0	0.0	0.1999981084949101	0.19999810856604908	0.19999810862571762	0.19999810868235762	0.19999810874202795	0.19999810881317048	0.3999962170106645	0.39999621714057737	0.39999621725391604	0.3999962173622378	0.3999962174755795	0.39999621760549825	0.5999943255550645	0.5999943257290155	0.5999943258861207	0.5999943260381154	0.5999943261952245	0.5999943263691828	0.7999924341281099	0.7999924343313632	0.7999924345223315	0.7999924347099906	0.7999924349009631	0.7999924351042246	0.9999905427219986	0.9999905429421896	0.9999905431610223	0.9999905433793875	0.9999905435982247	0.999990543818424
0.0	0.20000504549569265	0.4000100907002103	0.6000151356491756	0.8000201803425928	1.000025224744836	0.0021306951383539986	0.20213574060046038	0.4021407857942647	0.602145830744946	0.8021508754526996	1.0021559198928975	0.0042613900672764556	0.20426643544713344	0.4042714806091986	0.6042765255614362	0.8042815703041767	1.0042866148302316	0.006392084796053056	0.2063971300806856	0.4064021752024	0.606407220155958	0.8064122649417	1.0064173095656603	0.008522779347546172	0.20852782454900837	0.4085328696383903	0.6085379145930364	0.8085429594131726	1.008548004122065	0.010653473730557937	0.21065851889676376	0.4106635639744778	0.6106686089300645	0.8106736537635776	1.0106786985087477	0.0	0.0	0.0	0.0	0.0	0.0	0.19999495568421236	0.19999495599188905	0.19999495624941974	0.19999495649378576	0.19999495675130463	0.1999949570589654	0.39998991145795443	0.3999899120200868	0.399989912509538	0.3999899129769228	0.39998991346633794	0.39998991402836487	0.5999848673555556	0.5999848681083019	0.5999848687868836	0.5999848694428809	0.599984870121387	0.5999848708739042	0.7999798233770329	0.7999798242565319	0.7999798250814455	0.7999798258916484	0.7999798267164493	0.7999798275956039	0.9999747794880822	0.999974780441056	0.9999747813866843	0.9999747823297466	0.9999747832752268	0.9999747842277892
0.0	0.20000946107177675	0.4000189213822315	0.6000283810260482	0.8000378400032335	1.000047298219064	0.0028409625269572984	0.2028504235134421	0.40285988379840004	0.6028693434489066	0.8028788024657242	1.0028882607839524	0.005681924508896368	0.20569138528223704	0.4057008454863494	0.6057103051429195	0.8057197642532588	1.0057292227987662	0.00852288596984676	0.20853234649570018	0.408541806595748	0.6085512662574676	0.8085607254822192	1.0085701842857064	0.011363846969419795	0.2113733072785091	0.41138276729539774	0.6113922269613687	0.8114016862773309	1.0114111453044625	0.014204807529728141	0.21421426774698307	0.4142237277346615	0.6142331874043093	0.8142426467561708	1.01425210587913	0.0	0.0	0.0	0.0	0.0	0.0	0.19999054122908788	0.19999054203233152	0.1999905427034273	0.19999054333997396	0.19999054401103764	0.19999054481425146	0.3999810826908235	0.399981084158831	0.3999810854347667	0.3999810866522621	0.3999810879280764	0.39998108939569604	0.5999716244758997	0.599971626441766	0.5999716282109038	0.5999716299199719	0.5999716316888272	0.5999716336537884	0.7999621665843916	0.7999621688811258	0.7999621710317886	0.799962173143051	0.7999621752932782	0.799962177588617	0.9999527089257157	0.9999527114145881	0.9999527138804913	0.9999527163383545	0.9999527188036699	0.9999527212908575
0.0	0.20001513918778846	0.40003027680939945	0.6000454130622541	0.8000605479463192	1.0000756812639542	0.0035512700837636844	0.203566409101412	0.4035815466756243	0.603596682946741	0.8036118179168183	1.003626951451441	0.00710253905066267	0.20711767763394526	0.4071328150461979	0.6071479513338605	0.8071630865005347	1.0071782205082371	0.010653806949973492	0.21066894502729877	0.41068408222853486	0.6106992185302491	0.8107143539362016	1.0107294884785887	0.014205073904152436	0.21422021153719167	0.41423534857013594	0.614250484883456	0.8142656204796784	1.0142807554851807	0.017756339957195687	0.21777147740218297	0.4177866143775948	0.6178017507009568	0.8178168863730012	1.017832021577496	0.0	0.0	0.0	0.0	0.0	0.0	0.19998486471906657	0.1999848663699631	0.19998486774695465	0.19998486905254928	0.19998487042954796	0.19998487208055143	0.39996972991477747	0.39996973293260923	0.39996973555130816	0.39996973804838265	0.39996974066692453	0.3999697436840612	0.5999545957750915	0.599954599816428	0.5999546034474946	0.5999546069530517	0.599954610583586	0.5999546146229568	0.7999394623002049	0.7999394670213846	0.7999394714353751	0.7999394757664113	0.7999394801794958	0.7999394848974725	0.9999243293024362	0.9999243344188381	0.999924339480392	0.9999243445228053	0.9999243495830634	0.9999243546955164
0.0	0.20002208048045558	0.40004415816729644	0.6000662334167379	0.8000883062285814	1.0001103762458723	0.004261631210620083	0.2042837113972264	0.4043057890083675	0.6043278642983537	0.8043499372716882	1.0043720076871476	0.008523260435736528	0.20854533985507506	0.4085674171850093	0.6085894925117187	0.8086115658432284	1.0086336371121487	0.012784887763372372	0.2128069662859562	0.41282904324507	0.6128511186029573	0.8128731923680477	1.0128952645976708	0.017046513411805134	0.2170685911450369	0.4170906678088407	0.6171127431924766	0.8171348173016474	1.0171568903625368	0.021308137457222542	0.22133021485673737	0.42135229142233255	0.621374366828258	0.8213964410762731	1.0214185144952532	0.0	0.0	0.0	0.0	0.0	0.0	0.19997792567589237	0.19997792861900088	0.19997793106997205	0.1999779333929476	0.19997793584416626	0.1999779387879669	0.3999558521996271	0.3999558575804381	0.3999558622424012	0.39995586668509464	0.3999558713471407	0.39995587672733085	0.5999337799083312	0.5999337871140178	0.5999337935782774	0.599933799815429	0.5999338062791133	0.5999338134817717	0.7999117088024044	0.7999117172196524	0.7999117250772947	0.799911732783631	0.7999117406399929	0.7999117490517792	0.9998896385452686	0.9998896476672987	0.9998896566781803	0.9998896656504749	0.9998896746592966	0.99988968377436
0.0	0.2000302857026848	0.4000605668745698	0.600090844099273	0.8001211173761695	1.000151386119737	0.004972059314988094	0.20500234455686261	0.4050326256201074	0.6050629029234063	0.8050931764753764	1.0051234458825662	0.009944115419459125	0.20997439942931356	0.4100046800488216	0.6100349574232866	0.8100652315683169	1.0100955023750544	0.014916168456811969	0.21494645102161072	0.4149767310488446	0.6150070084837045	0.815037283342685	1.015067555718752	0.01988821878095725	0.21991850007082442	0.41994877962689514	0.61997905711162	0.8200093325362432	1.0200396062687014	0.02486026651219535	0.2248905472637777	0.4249208266675385	0.6249511041954489	0.8249813798511785	1.0250116541693182	0.0	0.0	0.0	0.0	0.0	0.0	0.19996972355340345	0.19996972832515733	0.1999697322930734	0.19996973605229323	0.1999697400211324	0.19996974479509677	0.39993944847925655	0.39993945720428953	0.39993946475256115	0.3999394719416644	0.39993947949091935	0.39993948821651104	0.5999091753266835	0.5999091870105978	0.5999091974768139	0.5999092075697322	0.5999092180359888	0.5999092297165916	0.7998789040963857	0.7998789177438922	0.7998789304652449	0.7998789429358819	0.7998789556561462	0.7998789692962288	0.999848634240175	0.999848649030314	0.9998486636189317	0.9998486781380185	0.9998486927242025	0.999848707504297
0.0	0.20003975572380944	0.40007950458342756	0.6001192474711873	0.8001589843855793	1.0001987144301216	0.005682567812227108	0.20572232286193154	0.4057620715781028	0.6058018146042532	0.8058415519553815	1.0058812830321853	0.011365130773930825	0.21140488397600754	0.4114446320384307	0.611484375189852	0.8115241134578567	1.0115638466780383	0.017047689103745236	0.21708744013071163	0.41712718730975124	0.6171669305674358	0.8172066699330885	1.0172464055477375	0.022730243337856865	0.22276999244146273	0.42280973891831347	0.622849482263706	0.8228892224977935	1.0229289601795937	0.028412793653962567	0.22845254194670253	0.42849228820313406	0.6285320316245178	0.8285717722177837	1.0286115107941423	0.0	0.0	0.0	0.0	0.0	0.0	0.19996025773740286	0.19996026496549404	0.19996027096733202	0.1999602766512682	0.19996028265548318	0.1999602898889417	0.39992051755137054	0.39992053076880846	0.39992054218730255	0.399920553056564	0.39992056447817387	0.39992057769955347	0.5998807802767061	0.599880797976154	0.599880813808208	0.5998808290675485	0.5998808449016075	0.5998808625994902	0.7998410459145204	0.7998410665871589	0.7998410858290206	0.7998411046831428	0.7998411239254097	0.799841144590226	0.999801313631453	0.9998013360344389	0.9998013581003856	0.9998013800508121	0.9998014021150635	0.9998014245060958
0.0	0.20005049152987067	0.4001009731801989	0.6001514462461869	0.8002019107247136	1.0002523653125215	0.006393170127820369	0.20644366072216572	0.4064941421961354	0.6065446154889209	0.8065950806248537	1.0066455367368812	0.01278633329242153	0.21283682125481598	0.4128873018142705	0.61293777531229	0.8129882417942729	1.013038701024198	0.019179489810886737	0.21922997466302127	0.41928045397109226	0.6193309276431258	0.8193813957276581	1.0194318584282023	0.025572640455108514	0.22562312255088895	0.42567360086482736	0.62572407468044	0.8257745440313721	1.025825009724486	0.03196578547470314	0.2320162664102511	0.43206674442154464	0.632117218361606	0.8321676882425835	1.0322181552334428	0.0	0.0	0.0	0.0	0.0	0.0	0.1999495275455145	0.19994953794826067	0.1999495465741413	0.19994955473996617	0.19994956337092437	0.19994957378479217	0.39989905807721127	0.39989907710100103	0.39989909351283237	0.39989910912719	0.3998991255462883	0.39989914458113285	0.5998485928000321	0.5998486182741426	0.5998486410286616	0.5998486629490177	0.5998486857098176	0.5998487111879273	0.7997981317156085	0.7997981614670129	0.7997981891199426	0.799798216203676	0.799798243860846	0.7997982736074559	0.9997476736210591	0.9997477058617248	0.9997477375722537	0.9997477691023167	0.9997478008140375	0.9997478330438506
0.0	0.20006249422393918	0.40012497478597703	0.6001874434913036	0.8002499003341088	1.0003123434948313	0.007103879699695817	0.20716637267804194	0.407228853037427	0.6072913220943037	0.8073537798860494	1.0074162252076164	0.01420774979400516	0.21427023917062685	0.4143327183015995	0.6143951876765028	0.8144576473660388	1.014520097044558	0.021311610725153193	0.22137409582882053	0.4214365732570315	0.6214990429014617	0.8215615048381254	1.0216239593495273	0.02841546356091928	0.22847794486956674	0.4285404209456122	0.6286028908123534	0.8286653545229472	1.0287278131963762	0.035519308638408166	0.2355817883522297	0.43564426402964074	0.6357067340891464	0.8357691985508368	1.0358316590327563	0.0	0.0	0.0	0.0	0.0	0.0	0.19993753222701602	0.1999375466127109	0.19993755852503237	0.1999375697977231	0.1999375817196787	0.19993759612609152	0.3998750685812305	0.39987509488987727	0.39987511755569705	0.39987513910953565	0.39987516178982047	0.3998751881223752	0.599812610732886	0.5998126459609695	0.5998126773849631	0.5998127076423555	0.5998127390804859	0.5998127743243433	0.7997501586842417	0.7997501998248436	0.7997502380101952	0.7997502753934085	0.7997503135905589	0.7997503547353513	0.999687710767821	0.9996877553488928	0.9996877991354121	0.9996878426533259	0.9996878864474635	0.9996879310243237
0.0	0.20007576502646415	0.4001515117573156	0.6002272426279236	0.8003029576282709	1.0003786542989586	0.007814709980499702	0.2078904734033832	0.40796621991756293	0.6080419513093924	0.808117667633848	1.0081933672692267	0.015629407128085897	0.21570516577839124	0.41578091069563056	0.6158566425588304	0.8159323614733566	1.016008067004016	0.023444092040405425	0.22351984500594152	0.42359558767990074	0.623671319942409	0.8237470419073719	1.0238227539549765	0.031258766148025356	0.23133451405369088	0.43141025494674734	0.6314859875385034	0.8315617119093216	1.0316374295621806	0.03907342989199546	0.23914917567489719	0.4392249160603659	0.6393006489377167	0.8393763743386466	1.0394520944317673	0.0	0.0	0.0	0.0	0.0	0.0	0.19992427096266327	0.1999242902289097	0.1999243061614826	0.19992432123293818	0.19992433718232364	0.1999243564842882	0.39984854745074433	0.3998485826860766	0.39984861300241176	0.3998486418178438	0.3998486721601854	0.39984870744056444	0.5997728317055744	0.5997728788854435	0.5997729209139476	0.5997729613633482	0.599773003419034	0.5997730506357258	0.7996971237301322	0.7996971788251589	0.7996972298921281	0.7996972798652784	0.7996973309570896	0.7996973860745199	0.9996214212866076	0.9996214809864634	0.9996215395410516	0.9996215977111675	0.9996216562851212	0.999621715996238
0.0	0.20009030527565522	0.4001805866869917	0.6002708474329155	0.8003610874971452	1.0004513036426068	0.008525674439897204	0.20861597770801998	0.4087062589075079	0.608796520398631	0.8088867622594298	1.008976982364406	0.01705133217898799	0.21714162928805375	0.4172319084667909	0.6173221706316265	0.8174124159340359	1.0175026438075203	0.025576974004322024	0.2256672637469645	0.42575754004770416	0.6258478027830097	0.8259380521175153	1.0260282885500764	0.03410260178283808	0.234192884954644	0.4342831589709623	0.6343734221764954	0.8344636746884287	1.0345539184733203	0.042628216076672165	0.2427184964966311	0.44280876988467943	0.6428990334982432	0.8429892873854256	1.043079534377058	0.0	0.0	0.0	0.0	0.0	0.0	0.19990974286449975	0.1999097679975256	0.19990978875470888	0.19990980838287967	0.19990982916761335	0.19990985435867142	0.39981949293555813	0.3998195389014636	0.3998195783990598	0.39981961592422943	0.39981965546530684	0.3998197015088163	0.5997292531419313	0.5997293146881859	0.5997293694419139	0.5997294221148024	0.5997294769159265	0.599729538533124	0.799639023487384	0.7996390953548151	0.7996391618774984	0.7996392269485177	0.7996392935167467	0.7996393654381054	0.9995488010474243	0.9995488789178132	0.9995489551897504	0.9995490309288271	0.9995491072394077	0.9995491851494864
0.0	0.20010611642790396	0.40021220240484834	0.6003182620398791	0.8004242953077467	1.0005302980412607	0.0092367865668493	0.209342900540467	0.40944898633667715	0.6095550470053672	0.8096610826540905	1.0097670905578686	0.018473551870492173	0.21857965806946827	0.4186857413660071	0.618791802968899	0.8188978430894802	1.0190038610063998	0.027710296925163157	0.2278163937863439	0.42792247347159146	0.6280285358651905	0.8281345811980467	1.0282406101110908	0.036947024114412655	0.23705311262831466	0.4371591894472846	0.6372652524924483	0.8373713019296143	1.0374773402763324	0.04618373413912687	0.2462898191634625	0.4463958952234077	0.6465019588341544	0.8466080100663542	1.0467140525348921	0.0	0.0	0.0	0.0	0.0	0.0	0.19989394697564425	0.19989397904960143	0.19989400550543956	0.19989403051346832	0.19989405701227805	0.19989408917618415	0.39978790314754903	0.39978796180868104	0.39978801215084847	0.39978805995825795	0.3997881103692237	0.39978816915570603	0.5996818722587006	0.5996819508009754	0.5996820205839752	0.5996820876859272	0.5996821575460922	0.5996822362110956	0.7995758543136773	0.7995759460221623	0.7995760307966262	0.7995761136878481	0.7995761985388478	0.799576290351057	0.9994698455744039	0.9994699449381244	0.9994700421304408	0.9994701386039622	0.9994702358644043	0.9994703353142295
0.0	0.2001232000582266	0.4002463619786788	0.6003694909404569	0.8004925869058755	1.0006156446102776	0.009948059871903647	0.21007125699063428	0.4101944187960626	0.6103175491553811	0.8104406482131548	1.0105637125406342	0.019896093170400492	0.22001928065736231	0.4201424394300594	0.6202655710520425	0.8203886758107869	1.0205117528048273	0.02984410117860791	0.22996727704762804	0.43009043137344616	0.6302135640637078	0.8303366754341288	1.0304597662936765	0.03979208688353947	0.23991525234455874	0.4400384031408521	0.640161536711146	0.8402846532841272	1.0404077560237155	0.04974005114286606	0.24986321226077524	0.44998636215928267	0.6501094964937449	0.8502326153650717	1.0503557233042546	0.0	0.0	0.0	0.0	0.0	0.0	0.19987688227007652	0.1998769224463228	0.19987695554368362	0.1998769868190582	0.19987701998082005	0.19987706029123145	0.399753776060244	0.3997538495406985	0.3997539125216603	0.39975397230651777	0.3997540353916895	0.3997541090648882	0.5996306860649121	0.5996307844460865	0.599630871743404	0.5996309556517093	0.5996310430683345	0.5996311416471415	0.7995076122894461	0.7995077271561801	0.7995078331975403	0.7995079368426647	0.7995080430049475	0.7995081580493838	0.9993845500447854	0.9993846744933236	0.9993847960593626	0.9993849166779023	0.9993850383549264	0.9993851629599717
0.0	0.20014155786077065	0.4002830687152399	0.6004245389858387	0.800565968618091	1.0007073510673055	0.010659507889574406	0.21080106229269058	0.41094257314157584	0.611084045260694	0.8112254788402359	1.0113668696347247	0.02131898309527156	0.2214605257565349	0.4216020329872342	0.6217435067759335	0.8218849475052756	1.0220263540667802	0.0319784272148047	0.23211995565095472	0.432261457493814	0.6324029326944982	0.8325443816753637	1.0326858054420778	0.04263784393208324	0.24277935959697142	0.4429208571631007	0.64306233352663	0.8432037889961175	1.0433452274853479	0.053297234279770324	0.25343874462528865	0.453580241149327	0.6537217185229511	0.8538631768868457	1.0540046218304366	0.0	0.0	0.0	0.0	0.0	0.0	0.19985854765237718	0.19985859717874077	0.19985863792845393	0.19985867642217103	0.19985871726526286	0.19985876698544178	0.399717109508307	0.39971720009026995	0.39971727763351267	0.39971735121210056	0.39971742890767914	0.3997175197746218	0.5995756913611214	0.5995758126354924	0.5995759201108383	0.5995760233721489	0.5995761310246023	0.5995762526009992	0.7994342932168742	0.799434434805433	0.7994345653449416	0.799434692886037	0.7994348236078794	0.799434965479221	0.9992929092876676	0.9992930626787939	0.9992932123187883	0.9992933607344184	0.9992935105453401	0.9992936641944052
0.0	0.200161191649316	0.4003223261612532	0.6004834113882501	0.8006444472536641	1.0008054257346726	0.011371144180565968	0.21153233182776468	0.41169346649722277	0.6118545541232058	0.8120155949513194	1.0121765837976813	0.022742248714870076	0.22290342224676263	0.4230645526626786	0.6232256424547233	0.8233866921227111	1.02354770032269	0.03411331556505008	0.23427447192016965	0.4344355958994489	0.6345966875226428	0.8347577473441717	1.0349187765979266	0.045484349211895925	0.24564549011222728	0.4458066089815153	0.6459677021123517	0.84612876991319	1.0462898171594575	0.05685535088127005	0.25701648535665333	0.4571776030368489	0.6573386974777332	0.8574997688713445	1.0576608240182193	0.0	0.0	0.0	0.0	0.0	0.0	0.1998389419574919	0.19983900216751913	0.199839051647515	0.19983909837325461	0.19983914798492358	0.19983920846745096	0.3996779011870753	0.39967801130944036	0.39967810546606586	0.3996781947741293	0.39967828914694115	0.39967839967734103	0.599516884738723	0.5995170321701404	0.5995171626635618	0.5995172879915671	0.5995174187393308	0.5995175666140045	0.7993558926189887	0.7993560647371223	0.7993562232192629	0.7993563780038024	0.7993565367508908	0.7993567092959876	0.999194917782884	0.9991951042382091	0.99919528589587	0.9991954659986111	0.9991956479084962	0.999195834762367
0.0	0.20018210335783806	0.40036413810453136	0.6005461137226275	0.8007280301067797	1.0009098775420924	0.012082982334159088	0.2122650811268705	0.4124471162585649	0.6126290949386791	0.8128110174792577	1.0129928776275556	0.024165917156892654	0.2243479991880431	0.4245300293841551	0.6247120108280934	0.824893944162051	1.0250758277766827	0.036248806848830174	0.23643086839036803	0.43661289099134437	0.6367948747708785	0.8369768204447818	1.0371587295097187	0.048331656794136695	0.24851369985988828	0.44869571642991046	0.6488777021319166	0.8490596574976152	1.0492415882843131	0.06041446842992739	0.2605965038295149	0.4607785190639663	0.6609605064370495	0.861142466206066	1.0613244065457783	0.0	0.0	0.0	0.0	0.0	0.0	0.19981806395045265	0.19981813626263836	0.19981819561708733	0.19981825165039757	0.19981831118614177	0.19981838387264184	0.39963614865200936	0.39963628090896597	0.399636393856045	0.3996365009471993	0.3996366141934634	0.3996367470191376	0.5994542625791349	0.5994544396390992	0.5994545961646545	0.5994547464377838	0.5994549033186516	0.5994550810083208	0.7992724057385823	0.7992726124359674	0.7992728025155568	0.7992729880934892	0.799273178546603	0.7992733858633675	0.9990905696596643	0.9990907935621524	0.9990910114212692	0.9990912273355822	0.9990914455544454	0.9990916700445763
0.0	0.20020429504110898	0.4004085085751808	0.6006126519284083	0.8008167249588941	1.0010207160295623	0.01279503597059864	0.21299932587387124	0.413203540096257	0.6134076873008412	0.81361176787842	1.0138157743680982	0.025590015611758648	0.22579428582594044	0.42599849438793574	0.6262026450676895	0.826406738678413	1.0266107733140766	0.03838494178098036	0.23858918781559194	0.43879338751295854	0.6389975411283441	0.839201649572494	1.0394057146426021	0.05117982087876561	0.2513840450624229	0.45158823771896106	0.6517923937501191	0.8519965138378685	1.052200604850285	0.06397465457120162	0.2641788697057977	0.46438306088439063	0.6645872190161308	0.8647913444401059	1.0649954468789677	0.0	0.0	0.0	0.0	0.0	0.0	0.19979591232607974	0.19979599824308059	0.19979606868153224	0.19979613515902425	0.19979620584198737	0.19979629226286255	0.39959184931810593	0.3995920064576972	0.3995921404966231	0.39959226754077964	0.3995924019848973	0.39959255989920006	0.5993878210529279	0.5993880314186488	0.5993882171620847	0.5993883954212353	0.5993885816495402	0.5993887928861049	0.7991838275370616	0.799184073103011	0.7991842986423059	0.7991845187631582	0.79918474481589	0.7991849912522074	0.9989798586952023	0.9989801246866428	0.9989803831676923	0.9989806392490079	0.998980898229052	0.9989811650562684
0.0	0.20022776887531102	0.40045544184682774	0.6006830323113581	0.8009105400811402	1.0011379513503236	0.013507318743338319	0.21373508190831214	0.41396275595946586	0.6141903512053773	0.8144178681292495	1.0146452979138645	0.027014571337061827	0.22724231159660357	0.4274699792243816	0.6276975787832545	0.827925111289753	1.0281525745086062	0.040521761178344926	0.24074947317603906	0.4409771305579638	0.6412047337588621	0.841432283922494	1.0416597831877321	0.054028895803433764	0.2542565822046333	0.4544842314461538	0.6547118376434108	0.8549394016596182	1.0551669316113665	0.0675359771246153	0.2677636529464021	0.46799130057563604	0.668218909379193	0.8684464797973789	1.068674023285071	0.0	0.0	0.0	0.0	0.0	0.0	0.19977248570869124	0.1997725868165217	0.1997726696130442	0.19977274773159667	0.19977283085197556	0.19977293262615137	0.39954500045932456	0.39954518538197564	0.39954534293681904	0.3995454922186287	0.39954565031199546	0.3995458362692671	0.5993175561189747	0.5993178036713933	0.5993180219878238	0.5993182314341133	0.5993184503989852	0.5993186991286928	0.799090152693323	0.7990904416544539	0.7990907067202628	0.7990909653302734	0.7990912310867839	0.7990915212394399	0.9988627783132592	0.9988630912916953	0.9988633950484604	0.9988636958797457	0.998864000312641	0.9988643144458597
0.0	0.20025252715870578	0.4005049424379574	0.6007572615455657	0.801009484236959	1.0012615942741059	0.014219844341477161	0.21447236522850044	0.41472478207959224	0.6149771070542858	0.8152293407432362	1.0154814728157981	0.02843961166243219	0.22869210613224927	0.4289445157640432	0.6291968460293376	0.8294490981841783	1.0297012696303396	0.04265930596704271	0.24291176768593273	0.4431641655787126	0.6434165003099955	0.843668773299499	1.0439209870725135	0.05687893605311785	0.2571313680438825	0.45738375660659414	0.6576360950112813	0.8578883843376846	1.0581406340977257	0.07109850409569482	0.2713509238237306	0.47160331065211436	0.6718556522530932	0.8721079491908419	1.072360214847611	0.0	0.0	0.0	0.0	0.0	0.0	0.19974778265177584	0.19974790061898717	0.1997479971113063	0.19974808812727943	0.19974818504174402	0.1997483038764232	0.3994955992079425	0.39949581496495856	0.3994959985808216	0.3994961724981353	0.3994963568179744	0.39949657393300336	0.5992434635234928	0.5992437523452635	0.5992440067568506	0.5992442507493931	0.5992445060130434	0.59924479639567	0.7989913756024842	0.7989917127203433	0.7989920215811424	0.7989923228204237	0.7989926325932307	0.7989929713068543	0.9987393215825864	0.998739686699701	0.9987400406158963	0.9987403910042564	0.9987407458184573	0.9987411124934236
0.0	0.2002785723123378	0.40055701511332154	0.600835346675542	0.8011135666848702	1.0013916561905447	0.014932626492127996	0.2152111919945509	0.4154896369739924	0.6157679756602659	0.8160462087679604	1.0163243242869182	0.029865163994256684	0.23014369926653794	0.43042213620368736	0.6307004813119662	0.8309787361272584	1.0312568976536267	0.04479761718952066	0.24507611480121289	0.44535453839456	0.6456328889219951	0.8459111681273288	1.0461893789708063	0.059729996269481916	0.2600084596200811	0.4602868726036088	0.6605652275874707	0.8608435259078634	1.061121778628157	0.07466230368764461	0.2749407529339812	0.4752191640780322	0.675497522940823	0.8757758302365887	1.0760541014810676	0.0	0.0	0.0	0.0	0.0	0.0	0.1997218016376511	0.19972193821449302	0.19972204980313088	0.19972215503158935	0.1997222671627145	0.19972240485313983	0.39944364255388015	0.39944389234591443	0.3994441046872848	0.39944430574963047	0.39944451899784605	0.39944477054534366	0.5991655387990414	0.5991658731724772	0.5991661673661118	0.5991664494198164	0.5991667447158494	0.5991670811238947	0.7988874903745592	0.7988878806432052	0.7988882377662563	0.7988885859659858	0.7988889442737838	0.7988893366398052	0.9986094812152764	0.9986099038737349	0.9986103130596383	0.9986107180329521	0.9986111283910494	0.9986115531090882
0.0	0.20030590688076327	0.40061166488539574	0.6009172951183941	0.8012227971813434	1.001528149112727	0.01564567896282076	0.21595157853149077	0.4162573394497841	0.6165629782512163	0.8168684957922727	1.0171738782081696	0.031291255820466796	0.23159712104004024	0.43190287307244035	0.6322085195954592	0.8325140624695024	1.032819498265245	0.04693673601170104	0.24724255822734523	0.44754829520032835	0.6478539482369153	0.8481595194586742	1.0484650123133543	0.0625821312603716	0.26288791426583213	0.46319363925952967	0.6634992976513888	0.8638048910789862	1.0641104323227961	0.07822744431316808	0.27853321120961194	0.4788389342804839	0.6791445973352251	0.8794502012681956	1.0797557639458741	0.0	0.0	0.0	0.0	0.0	0.0	0.19969454107711684	0.19969469809468196	0.19969482624209522	0.19969494705603985	0.1996950758917485	0.1996952343209739	0.39938912734401694	0.39938941451950843	0.3993896583686126	0.3993898891956873	0.39939013419773756	0.3993904236118245	0.599083777263507	0.5990841616684842	0.599084499493467	0.5990848232768579	0.5990851625086082	0.5990855495265031	0.7987784908331123	0.7987789394766557	0.7987793495251271	0.7987797492047646	0.7987801607702745	0.798780612125895	0.9984732495650893	0.9984737354158384	0.9984742052049292	0.9984746700085162	0.9984751413046228	0.9984756298314033
0.0	0.20033453353283032	0.4006688970159412	0.6010031146661565	0.801337185983878	1.0016710856809983	0.01635901556387813	0.21669354133238827	0.4170279086077282	0.6173621364748625	0.8176962259516536	1.0180301611345077	0.03271791471527503	0.23305240170570415	0.43338675923798337	0.633720996309345	0.8340551151539972	1.0343891118727544	0.04907670373007737	0.24941114192713046	0.4497454825748248	0.650079727407836	0.8504138789850224	1.0507479412984235	0.06543539600925712	0.2657697896165752	0.46610411682653136	0.6664383680396414	0.8667725452451386	1.0671066631160466	0.08179399460625526	0.282128369931824	0.4824626951626162	0.6827969519328334	0.8831311413512447	1.0834652838636427	0.0	0.0	0.0	0.0	0.0	0.0	0.19966599930907658	0.19966617867842765	0.1996663249081451	0.19966646273775307	0.19966660983077084	0.19966679096944026	0.3993320502814438	0.3993323783350247	0.3993326565901799	0.3993329199103575	0.39933319961414615	0.39933353048784986	0.5989981740189906	0.5989986131308166	0.5989989985965383	0.598999367929595	0.5989997551684887	0.5990001975918136	0.7986643705137865	0.7986648829838857	0.7986653508139737	0.7986658066785045	0.798666276426353	0.7986667923535263	0.9983306186256204	0.9983311735651429	0.9983317095107435	0.9983322396040616	0.9983327774612307	0.9983333358255415
0.0	0.2003644550624853	0.4007287170176179	0.6010928134881987	0.8014567438541882	1.0018204791669014	0.01707265015088757	0.2174370970616027	0.4178013638462574	0.6181654724035553	0.8185294239337743	1.0188932003012108	0.03414516834409931	0.23450957173453435	0.4348738279129855	0.6352379473555438	0.8356019327243336	1.0359657796131727	0.05121756177905295	0.2515819101287803	0.45194614748965073	0.6523102761084022	0.8526742990469292	1.0530382209028157	0.06828984568497397	0.26865414362105294	0.4690183659978153	0.6693825021579295	0.8697465544982803	1.070110539769935	0.0853620234342875	0.28572630074338545	0.48609052111715906	0.6864546638481069	0.8868187302982672	1.087182743732839	0.0	0.0	0.0	0.0	0.0	0.0	0.1996361746001541	0.19963637831143397	0.19963654420719326	0.1996367005390663	0.19963686750638615	0.19963707341251963	0.3992724079247056	0.39927278049557857	0.3992730961695432	0.3992733948183959	0.3992737122931815	0.3992740883779432	0.5989087239506831	0.5989092226379235	0.5989096599115441	0.5989100787635618	0.5989105182475	0.5989110210822135	0.7985451226628121	0.7985457046361265	0.7985462352941777	0.7985467522313793	0.7985472852860042	0.7985478716104267	0.9981815800284447	0.9981822101959703	0.9981828180678908	0.9981834191212626	0.9981840293889361	0.99818466388147
0.0	0.20039567438962863	0.4007911306556968	0.6011864001337831	0.8015814820615866	1.001976343477366	0.017786596627128285	0.2181822625580384	0.4185777248655583	0.6189730085391756	0.8193681149842114	1.019763023630397	0.035573044468406284	0.23596866182123966	0.43636411266155506	0.6367594091156187	0.8371545543326536	1.0375495433618191	0.05335935173821264	0.2537549073339762	0.4541503373180444	0.6545456445424475	0.854940832644424	1.055335906893066	0.071145535651386	0.27154103455174927	0.4719364479188164	0.6723317639930219	0.8727269856409886	1.073122131887641	0.08893159991007851	0.28932707566144167	0.48972248703999316	0.6901178108277509	0.8905130486838253	1.0909082269446448	0.0	0.0	0.0	0.0	0.0	0.0	0.19960506514428078	0.19960529526580498	0.1996054824706885	0.19960565884710885	0.19960584736946643	0.19960608018825288	0.39921019668698626	0.39921061755727066	0.3992109737755929	0.39921131069442656	0.3992116691297486	0.3992120943349387	0.5988154217256527	0.5988159850479198	0.5988164784520461	0.5988169509395138	0.598817447071278	0.598818015532954	0.7984207402354003	0.7984213976109988	0.7984219963306315	0.7984225794083634	0.7984231810919451	0.798423843882054	0.9980261250411154	0.9980268368157867	0.9980275225969724	0.9980282004883387	0.9980288892398235	0.9980296064119696
0.0	0.20042819456099525	0.40085614394982205	0.6012838835346972	0.8017114123864686	1.002138693159022	0.01850086894600585	0.21892905483843103	0.4193570116717105	0.6197847678181186	0.8202123249122686	1.0206396597376748	0.03700157095054957	0.23742970288989948	0.4378576474057341	0.6382854184580942	0.8387130197477914	1.0391404457412796	0.05550211533951808	0.2559301783258753	0.4563580998436949	0.6567858834536148	0.8572135334474394	1.0576410558366898	0.07400252147695395	0.27443052101525706	0.47485842419836366	0.6752862181247075	0.8757139061992075	1.0761415099270588	0.09250279340383974	0.29293076709027327	0.4933586683436904	0.6937864712650366	0.8942141778596195	1.0946418177988735	0.0	0.0	0.0	0.0	0.0	0.0	0.1995726690622795	0.19957292773961172	0.19957313795518133	0.1995733359733755	0.19957354779473405	0.1995738097583303	0.39914541283528604	0.39914588592833417	0.39914628592769835	0.3991466641621013	0.3991470668667226	0.3991475452591647	0.5987182617916214	0.5987188949973239	0.5987194490076843	0.5987199793921811	0.5987205367378605	0.5987211762509317	0.7982912158941209	0.7982919547908476	0.7982926269900729	0.7982932814535886	0.798293957284006	0.7982947028499843	0.997864244565145	0.9978650445631388	0.9978658144463188	0.9978665752580187	0.9978673487879908	0.9978681554506335
0.0	0.2004620187510863	0.4009237631758752	0.6013852730080392	0.8018465471240019	1.0023075434027726	0.019215481113590404	0.21967749110078727	0.4201392445810307	0.6206007736165366	0.8210620800971077	1.0215231379391547	0.03843077575884428	0.23889272609991666	0.4393544664323303	0.6398160127461648	0.8402773693638554	1.0407385301308656	0.05764589447491669	0.2581077681775802	0.4585694832700714	0.6590310441355431	0.8594924558068588	1.059953725114102	0.07686085894482475	0.2773226619632164	0.4777843569204629	0.678245929738421	0.8787073844357235	1.079168745215138	0.09607567355569444	0.2965374478346533	0.4969991409717043	0.6974607242148233	0.8979221999703499	1.09838360152069	0.0	0.0	0.0	0.0	0.0	0.0	0.19953898440141873	0.1995392738564288	0.19953950884185953	0.19953973015326915	0.19953996708031377	0.19954026050764942	0.39907805248954026	0.39907858186822276	0.39907902899479336	0.39907945169319714	0.3990799020940614	0.399080437897563	0.5986172383756536	0.5986179468997064	0.5986185661428233	0.5986191588289317	0.5986197821163679	0.5986204983133767	0.798156542007164	0.7981573687609589	0.7981581200392994	0.7981588513085788	0.7981596069973873	0.7981604418901734	0.9976959291338391	0.9976968242054428	0.9976976845897794	0.9976985346053541	0.9976993994273873	0.9977003026497092
0.0	0.2004971502631316	0.4009939948679016	0.6014905782590978	0.8019868990879414	1.0024829100485244	0.019930447191043088	0.2204275887277438	0.420924444224366	0.6214210497555614	0.821917407493892	1.0224134882585074	0.039860686972392013	0.24035776285175114	0.44085460439956137	0.6413512298452478	0.8418476442086869	1.0423438406759813	0.059790731203554826	0.26028772226024355	0.4607845362294183	0.6612811784417535	0.861777654765295	1.0622739729302977	0.07972060406247301	0.2802175167028363	0.4807143086556937	0.6812109646375163	0.8817074893633201	1.082203909961935	0.09965031028775276	0.30014719111279614	0.5006439814121841	0.7011406494082363	0.9016371979692661	1.102133664277055	0.0	0.0	0.0	0.0	0.0	0.0	0.19950400913495714	0.19950433166486192	0.1995045932360742	0.19950483954563386	0.1995051034472752	0.19950543074386276	0.3990081116217187	0.3990087014866795	0.3990091991944421	0.39900966960669454	0.39901017124789906	0.3990107688427883	0.5985123454828163	0.5985131349443108	0.5985138241951694	0.5985144837284041	0.5985151778456561	0.5985159765665097	0.7980167106465621	0.7980176318077382	0.7980184679433447	0.798019281610446	0.7980201230608779	0.7980210540711792	0.9975211689100825	0.9975221661367245	0.9975231236244617	0.9975240693254823	0.9975250321696018	0.9975260392778899
0.0	0.20053359253010516	0.4010668458201425	0.6015998093843898	0.802132481614656	1.0026648095901822	0.02064578129725891	0.22117936529019447	0.42171263155170885	0.6222456205069017	0.822778334640358	1.023310741434501	0.041291332786353684	0.2418248447931533	0.44235809634425044	0.6428911081311389	0.8434238859529757	1.0439564222982027	0.06193666775963989	0.2624700862518728	0.46300330779250276	0.6635363387963389	0.8640691860687264	1.064601858327446	0.08258181307206558	0.2831151449081896	0.48364834247343297	0.6841813892564172	0.8847142907588648	1.085247077275651	0.103226773816948	0.3037600705701185	0.5042932667126533	0.7048263272682614	0.9053592556346878	1.1058920931941891	0.0	0.0	0.0	0.0	0.0	0.0	0.19946774116165789	0.19946809913804464	0.19946838916683518	0.19946866223225704	0.1994689550391431	0.1994693186968929	0.39893558605486495	0.3989362407427453	0.3989367925918444	0.398937314067794	0.39893787060957514	0.3989385345322429	0.5984035768947485	0.5984044530945835	0.5984052172742967	0.5984059483390486	0.5984067183328738	0.5984076056241023	0.797871713586293	0.7978727359167687	0.7978736628635332	0.7978745646899631	0.7978754979949475	0.7978765321522552	0.9973399536839745	0.9973410603752098	0.9973421217683209	0.9973431698312375	0.997344237641494	0.9973453562179471
0.0	0.20057134911576155	0.4011423230891095	0.6017129768747629	0.8022833085672413	1.0028532591807526	0.021361497611291465	0.22193283855072035	0.42250382783663587	0.623074510598286	0.8236448896632542	1.0242149289284315	0.042722741516782264	0.24329400382497776	0.4438649776886244	0.6444356864977939	0.8450061369190238	1.0455763207050257	0.06408374655969529	0.264654906145549	0.4652258474777981	0.6657965782041131	0.8663671061776155	1.0669374411969872	0.08544454246018116	0.2860156066308856	0.48658652195347646	0.6871572706731913	0.8877278591768403	1.088298321177137	0.10680513466722887	0.307376160292378	0.5079470744940872	0.7085178389247633	0.909088457585971	1.1096589763745093	0.0	0.0	0.0	0.0	0.0	0.0	0.19943017830530366	0.19943057417313623	0.19943089458630742	0.1994311962173722	0.19943151992140884	0.19943192251844838	0.39886047146213727	0.3988611954437689	0.39886180509884245	0.39886238108693356	0.3988629963046663	0.3988637312471127	0.598290926168233	0.5982918950867053	0.5982927392601752	0.5982935466776697	0.5982943977520218	0.5982953798660399	0.7977215423003847	0.797722672770871	0.7977236966555364	0.7977246925696383	0.7977257240098402	0.7977268685814455	0.9971522728704676	0.9971534965609169	0.9971546688577502	0.9971558261507618	0.9971570060828284	0.9971582439643641
0.0	0.2006104237157292	0.4012204339957725	0.601830091618667	0.8024393943398598	1.0030482766377324	0.022077610374976235	0.22268802646727434	0.4232980546810577	0.6239077452192737	0.8245171012852066	1.0251260829320339	0.044154941605850005	0.24476527210744786	0.44537528424761863	0.6459850043656736	0.8465944400901296	1.047203582400294	0.06623201021036036	0.2668422282582461	0.46745220526132425	0.6680619502614735	0.8686714722787977	1.0692807822925596	0.08830884896814387	0.28891896231141095	0.489528911198387	0.6901386766229056	0.8907482659637167	1.0913577166152966	0.11038546368242191	0.3109955348195376	0.5116054829657737	0.712215266230342	0.9128248893003715	1.1134344029145176	0.0	0.0	0.0	0.0	0.0	0.0	0.19939131831417775	0.19939175459078554	0.1993921073692731	0.19939243942712756	0.1993927960810066	0.19939324028150382	0.3987827633657813	0.39878356124434944	0.39878423247285966	0.39878486651873823	0.3987855443019475	0.3987863551113317	0.5981743866336666	0.5981754544280232	0.5981763838015963	0.5981772725278652	0.5981782100424075	0.5981792934367769	0.797566187960885	0.7975674337480295	0.7975685608672947	0.7975696569616527	0.7975707930035301	0.7975720554935398	0.9969581155068368	0.9969594639530807	0.9969607543450019	0.9969620279249465	0.9969633273437335	0.9969646926207952
0.0	0.2006508201586451	0.4013011861278306	0.6019511649055527	0.802600753862248	1.0032498804487064	0.022794133895558157	0.22344494719691088	0.42409533402005534	0.6247453500271942	0.8253949988317527	1.026044236375608	0.04558796162708476	0.24623868206646926	0.4468890522362726	0.6475391016902209	0.8481888391201463	1.0488382546948436	0.06838150151620856	0.26903209923970883	0.4696824315865876	0.6703325091674054	0.8709823422975546	1.0716319432431516	0.09117478960241866	0.29182527279057346	0.4924755748459855	0.693125675511168	0.8937755832725502	1.094425339482758	0.11396783203914496	0.31461826915972085	0.5152685709403062	0.715918691776365	0.9165686371301248	1.1172184629229491	0.0	0.0	0.0	0.0	0.0	0.0	0.19935115886052732	0.19935163813457674	0.19935202531257576	0.19935238970903577	0.1993527814257709	0.19935326997976083	0.3987024571360679	0.39870333364524285	0.39870407031580296	0.39870476606093175	0.39870551041231567	0.39870640209050856	0.5980539513934777	0.5980551243954265	0.5980561443145451	0.5980571194384119	0.598058148907044	0.598059340243736	0.7974056414357608	0.7974070099192454	0.7974082467368655	0.7974094492657248	0.7974106965596013	0.7974120847079516	0.9967574702500608	0.9967589514274869	0.9967603672955186	0.9967617644047805	0.9967631908820689	0.9967646918974281
0.0	0.20069254240732373	0.4013845873420521	0.6020762084293712	0.8027674026043624	1.003458089777119	0.02351108254826403	0.22420361909949454	0.4248956881267298	0.6255873511531344	0.8262786122384608	1.0269694229362623	0.04702183029050354	0.24771426639987515	0.44840631827709115	0.6490980189703388	0.8497893783430777	1.050480385717219	0.07053226348744679	0.27122456608124595	0.47191657737447146	0.6726083097344713	0.8732997749097077	1.0739909865663115	0.09404242164484641	0.29473459932081947	0.4954265780817507	0.6961183364276124	0.8968098840775629	1.0975012666315638	0.1175523112596121	0.31824443880309367	0.5189364178485371	0.7196281989089949	0.9203197883195585	1.1210112475389895	0.0	0.0	0.0	0.0	0.0	0.0	0.19930969754001518	0.19931022247046407	0.1993106461345531	0.1993110448314127	0.19931147378388248	0.19931200952709713	0.3986195479902076	0.39862050799224585	0.3986213140729429	0.3986220752532262	0.3986228902876903	0.3986238679908292	0.597929613320509	0.5979308980336905	0.5979320139805381	0.5979330807216141	0.5979342078110135	0.5979355139556705	0.7972398932867506	0.7972413920463453	0.7972427451902265	0.7972440605669273	0.7972454259450812	0.7972469477265475	0.996550325374145	0.9965519474737495	0.9965534963852063	0.9965550244486412	0.9965565857607327	0.9965582311082877
0.0	0.20073559455997383	0.40147064576670966	0.6022052342922187	0.8029393565812161	1.0036729244682858	0.024228470778968406	0.22496406074154918	0.4256991396172399	0.6264337752081616	0.8271679720583323	1.0279016770464913	0.04845657644791865	0.24919205808389044	0.44992711940767244	0.6506617972571838	0.851396102783036	1.0521300244248022	0.07268433934783397	0.27341967612478907	0.47415469403343896	0.6748894074001621	0.8756238295541222	1.076357975681815	0.09691180266317721	0.29764700357789614	0.4983819866516118	0.6991167291598255	0.8998512421892105	1.100585575889395	0.12113897322475942	0.3218741197361127	0.5226091037549462	0.7233438717456807	0.9240784310227164	1.1248128489510507	0.0	0.0	0.0	0.0	0.0	0.0	0.19926693187114816	0.19926750518618275	0.19926796747444608	0.19926840248279215	0.1992688709032898	0.1992694567569905	0.3985340309912188	0.3985350794750333	0.3985359590317461	0.39853678947616344	0.39853767941986545	0.3985387484579097	0.5978013650563296	0.597802768153749	0.5978039857448898	0.5978051494515826	0.5978063799797572	0.5978078080009529	0.7970689337671247	0.7970705705796958	0.7970720468389842	0.7970734816334101	0.7970749721081768	0.7970766357313797	0.9963366687673277	0.9963384401924704	0.9963401298975888	0.9963417965194653	0.9963435006448477	0.9963452991684169
0.0	0.20077998085145912	0.4015593698041035	0.6023382550081131	0.8031166323578925	1.0038944050556258	0.02494631310688474	0.22572629090017582	0.4265057114559524	0.6272846492897042	0.8280631094694058	1.0288410339029985	0.04989222909830331	0.2506720903796991	0.45145149308848276	0.6522304781631485	0.8530090581644362	1.0537872206152208	0.07483777254270778	0.27561747707210316	0.4763968334699318	0.6771758582384871	0.877954566445495	1.0787329749256602	0.09978299052173804	0.3005625476726912	0.5013418668749617	0.7021209242075374	0.9028997322695616	1.1036783460761532	0.12472789018751476	0.3255073884559615	0.526286709373241	0.7270657951919249	0.9278446543213029	1.128623360415913	0.0	0.0	0.0	0.0	0.0	0.0	0.19922285929468575	0.1992234837906406	0.19922398689178847	0.19922446027132037	0.19922497045111034	0.1992256094219225	0.3984459010467563	0.3984470431259561	0.39844800032066896	0.3984489039499171	0.39844987313932084	0.39845103897560774	0.5976691990094903	0.597670727330909	0.5976720523149209	0.5976733184624531	0.597674658397306	0.5976762155658021	0.7968927528193656	0.7968945356558398	0.7968961419780036	0.7968977029140424	0.7968993256759305	0.7969011395823357	0.9961164879291887	0.9961184172923014	0.996120255720865	0.9961220686818206	0.9961239237988474	0.9961258845909552
0.0	0.2008257056546096	0.40165076813318634	0.6024752835069224	0.8032992470547642	1.004122552767151	0.025664624127269043	0.22649032856703308	0.42731542696070585	0.6281400009880962	0.8289640562825775	1.0297875294757879	0.05132881739319372	0.25215439684009744	0.4529794772107678	0.6538041038710345	0.854628290922429	1.0554520249380488	0.07699260674706547	0.2778180169941008	0.47864304809892344	0.6794677189717705	0.8802920465873995	1.0811160495643757	0.10265604339216688	0.3034812941631889	0.5043062856578383	0.7051309927970328	0.9059554298479456	1.1067796570208632	0.12831913478620469	0.3291443219851733	0.5299693160821938	0.7307940549583395	0.9316185482429693	1.1324428762782592	0.0	0.0	0.0	0.0	0.0	0.0	0.199177477173023	0.1991781557132836	0.19917870186577039	0.199179215724125	0.19917977001300552	0.19918046519275465	0.3983551529078886	0.39835639381878746	0.3983574329078989	0.39835841373304187	0.3983594666139807	0.3983607348647809	0.5975331073536991	0.597534767902987	0.5975362061580884	0.5975375803465267	0.5975390358044316	0.5975407295924297	0.796711340072746	0.796713277095029	0.7967150205829339	0.7967167145359508	0.7967184769517697	0.796720449814681	0.9958897699676279	0.9958918660868771	0.995893861344835	0.9958958285988465	0.9958978430834294	0.9958999754840835
0.0	0.20087277348156068	0.4017448497122435	0.6026163331383767	0.8034872183528199	1.004357389532092	0.026383418514124627	0.22725619295234611	0.42812830980812977	0.628999858393205	0.8298708449495328	1.0307412005173944	0.05276637064206673	0.25363901131615024	0.4545111101044949	0.6553827171432819	0.8562538482134209	1.057124488906621	0.0791488858736041	0.2800213443401429	0.4808933908544863	0.6817650469824894	0.882636331785402	1.0835072658094236	0.10553101976413318	0.30640330606643995	0.5072753105061456	0.7081470068956307	0.9090184113367008	1.1098895895787015	0.13191278005793608	0.33278499788625604	0.5336570059415093	0.73452873757776	0.9354002037796851	1.1362714919903247	0.0	0.0	0.0	0.0	0.0	0.0	0.19913078278957097	0.19913151830345924	0.1991321097945994	0.19913266628668078	0.19913326709255244	0.1991340216581021	0.39826178116787003	0.3982631262674648	0.39826425160009105	0.3982653137212177	0.39826645484796613	0.3982678312820379	0.5973930820259908	0.5973948819684384	0.5973964395001081	0.5973979274524013	0.5973995046967873	0.5974013427771767	0.7965246848408974	0.7965267843987475	0.7965286723077244	0.796530506302046	0.7965324159130447	0.7965345566365893	0.9956565015958316	0.9956587734917339	0.9956609338578133	0.9956630635291804	0.9956652459524934	0.9956675595479532
0.0	0.20092118898516384	0.40184162378171645	0.6027614176762961	0.8036805644992823	1.0045989379878881	0.027102711023029212	0.22802390348910895	0.4289443840392295	0.6298642501013975	0.8307835085710873	1.0317020845725982	0.05420491831797854	0.25512596796417886	0.45604643054669763	0.6569663613316745	0.8578857779261418	1.0588046649104685	0.08130665408115786	0.28222750794780715	0.48314791520089795	0.6840679003257241	0.8849874846608612	1.085906690832361	0.10840797845651366	0.30932864687105643	0.5102490095394739	0.7111690392268327	0.9120887540476619	1.1130082256488405	0.13550889945248448	0.3364294942768943	0.5373498617083409	0.7382699304230812	0.9391897129069041	1.1401093041324115	0.0	0.0	0.0	0.0	0.0	0.0	0.1990827733480912	0.19908356882973396	0.1990842079948158	0.1990848093221297	0.19908545911056952	0.19908627632365994	0.39816578026082206	0.39816723502473994	0.39816845104101356	0.39816959864590207	0.39817083268025527	0.39817232321839674	0.5972491147247596	0.5972510613843505	0.5972527443229397	0.597254351882966	0.5972560573229114	0.5972580475685109	0.7963327761191943	0.7963350467470511	0.796337086481957	0.7963390676883662	0.7963411322083819	0.7963434499264852	0.9954166691290111	0.995419126021003	0.9954214599433134	0.9954237603236546	0.9954261194498485	0.995428624071382
0.0	0.20097095696042447	0.4019410998670808	0.6029105513228996	0.8038793043133324	1.0048472214873096	0.027822516493881854	0.22879347983723314	0.4297636740649441	0.6307332052225052	0.8317020809055568	1.0326702199881932	0.05564449006304998	0.2566153012526223	0.4575854777697214	0.6585550803869729	0.859524128692668	1.0604926062277384	0.08346595578290082	0.2844365570524485	0.4854066751435667	0.6863763377414535	0.8873455686646016	1.0883143927799024	0.11128697862834631	0.3122573805495124	0.5132274515047506	0.7141971632853326	0.9151665362085365	1.116135648192206	0.1391075668459979	0.34007788984499343	0.5410479668536752	0.7420177217249883	0.942987168602655	1.1439564104333568	0.0	0.0	0.0	0.0	0.0	0.0	0.19903344597202957	0.19903430447920983	0.1990349937006072	0.1990356421106	0.19903634340444068	0.199037226611528	0.39806714446041186	0.3980687144808276	0.39807002571019046	0.3980712630729799	0.3980725947833407	0.39807420549793915	0.5971011969077883	0.5971032977644319	0.5971051123627698	0.5971068454933922	0.597108685682227	0.5971108361650179	0.796135602582136	0.796138052995905	0.7961402521081749	0.7961423878414147	0.7961446151550305	0.7961471192303817	0.9951702584811345	0.9951729097840954	0.9951754258767271	0.9951779054219867	0.9951804502059138	0.9951831559285426
0.0	0.20102208234598845	0.4020432877818216	0.60306374871326	0.8040834571920314	1.0051022641058283	0.028542849853770744	0.2295649418878657	0.4305862046719218	0.6316067533870579	0.8326265963774426	1.0336456459231234	0.057085115694174265	0.2581070459691684	0.45912829146978723	0.6601489188689142	0.8611689498998618	1.0621883670380776	0.0856268356548708	0.2866485412971285	0.48766972524037466	0.6886904186673182	0.8897106480911038	1.0907304407895497	0.11416807979012751	0.3151895715708348	0.5162107057903307	0.7172314533525129	0.9182518369798196	1.1192719412498244	0.14270885655506943	0.34373026386414046	0.5447514055791834	0.7457722005902047	0.9467926648671957	1.147812909791615	0.0	0.0	0.0	0.0	0.0	0.0	0.1989827977038282	0.19898372235681955	0.1989844640631009	0.19898516184850262	0.1989859172274171	0.1989868698595127	0.39796586787848837	0.3979675588620106	0.3979689699215015	0.39797030140136946	0.39797173566184146	0.3979734727764194	0.5969493197902123	0.5969515824769372	0.5969535351079276	0.5969553998890571	0.5969573815229715	0.5969597005133246	0.7959331525806403	0.7959357916744318	0.7959381578591223	0.79594045557541	0.7959428537361208	0.7959455537591256	0.9949172551615514	0.9949201104822801	0.994922817521893	0.9949254848493589	0.9949282244343056	0.9949311415755361
0.0	0.20107457022570038	0.40214819763055204	0.6032210249199751	0.8042930431165283	1.0053640906493455	0.02926372611983267	0.23033830976776987	0.4314120010284308	0.6324849247537222	0.8335570900863959	1.0346284023589674	0.05852682520872555	0.2596012372279574	0.46067491181569953	0.6617479219564296	0.8628202917010996	1.0638920024358784	0.08778933864453645	0.2888635107426589	0.489937120613206	0.6910102032516413	0.8920827880930238	1.0931549050056208	0.11705134181523354	0.3181252849134902	0.5191988424403552	0.7202719845122824	0.9213447364721182	1.1224171899616513	0.1463128433509764	0.34738669620930207	0.548460262834381	0.7495334570201193	0.9506062967431216	1.151678902296863	0.0	0.0	0.0	0.0	0.0	0.0	0.19893082550419292	0.19893181948457703	0.19893261614961238	0.19893336564778424	0.19893417774787456	0.19893520332038428	0.397861944463629	0.3978637622291565	0.39786527782169306	0.3978667078615395	0.39786824965102685	0.39787011953978396	0.5967934743423506	0.5967959066424586	0.59679800379667	0.5968000064233357	0.5968021363399969	0.5968046323058885	0.7957254141391612	0.7957282509819852	0.7957307920748096	0.7957332593693583	0.7957358365977433	0.795738742385465	0.9946576442713942	0.9946607134050396	0.9946636203274452	0.9946664842127766	0.9946694279282032	0.9946725670467446
0.0	0.20112842583018026	0.4022558398121696	0.6033823954578943	0.8045080826583426	1.0056327266620158	0.029985160402197102	0.23111360384380827	0.4322410886903893	0.6333677500168802	0.8344935978163396	1.035618530110603	0.059969648790425725	0.26109791047696096	0.46222537945774717	0.6633521354580715	0.8644782050282304	1.0656035684437755	0.08995350997954045	0.2910815158778385	0.49220891695968727	0.6933357523666781	0.8944620546959619	1.09558785659555	0.11993682495151889	0.32106458607846494	0.5221919321693204	0.7233188326671419	0.9244453157637275	1.1255714805856707	0.1499196024741248	0.35104726737274555	0.5521746243340279	0.7533015819296741	0.9544281603357523	1.1555544892519063	0.0	0.0	0.0	0.0	0.0	0.0	0.1988775262513706	0.19887859280083778	0.19887944694290308	0.19888025053518849	0.19888112204857916	0.19888222416114162	0.3977553679997061	0.39775731847625356	0.39775894338890827	0.3977604765140448	0.397762130915357	0.3977641401027066	0.5966336512875673	0.5966362611317471	0.5966385094149937	0.5966406561954196	0.5966429413725927	0.5966456229788119	0.7955123749528431	0.7955154187852593	0.7955181427596136	0.795520787364162	0.7955235520460636	0.7955266736411496	0.9943914105000292	0.9943947034264742	0.994397819323207	0.9944008886974709	0.9944040460567585	0.9944074179512232
0.0	0.2011836545384683	0.4023662250231477	0.6035478762890485	0.8047285969859203	1.0059081984344085	0.03070716790684362	0.23189084472740745	0.43307349360744657	0.6342552604143257	0.8354361560447774	1.036616070837125	0.061413616815039845	0.26259710150525756	0.46377973553656987	0.6649616058224759	0.8661427416036375	1.0673231220263113	0.0921193951762469	0.2933026076295624	0.4944851705648686	0.6956671276218772	0.8968485148133104	1.0980293677663335	0.12282458983272372	0.3240075411022234	0.5251900463765939	0.7263720745542683	0.9275536569182901	1.1287349005171459	0.15352920964834166	0.35471205847987586	0.5558945765755142	0.757076667166306	0.9582583528336421	1.1594397731947752	0.0	0.0	0.0	0.0	0.0	0.0	0.19882289674038642	0.19882403915951954	0.19882495334039874	0.19882581345147843	0.19882674712591406	0.19882792946223846	0.39764613210437344	0.39764822132886746	0.39764996043113787	0.3976516012479825	0.39765337344694474	0.39765552860704567	0.5964698411000101	0.5964726365634132	0.5964750426943283	0.5964773400480162	0.5964797876021914	0.5964826637095362	0.7952940223845165	0.7952972826152408	0.7953001975792205	0.795303027359569	0.795305988044278	0.7953093357138716	0.9941185381213046	0.9941220650015052	0.994125399116387	0.994128683063103	0.9941320637613051	0.9941356794688947
0.0	0.201240261879727	0.40247936426094244	0.6037174838277536	0.8049546078714185	1.006190533011961	0.031429763938709485	0.23267005327932883	0.43390924212942633	0.6351474877353812	0.8363848019525809	1.0376210670533013	0.06285875985658307	0.26409884645087567	0.4653380216926483	0.6665763801495056	0.867813953953038	1.0690507211044005	0.09428704004900862	0.295526837373707	0.4967659383137362	0.6980043913780287	0.8992422362620469	1.1004795117819801	0.12571469749075256	0.32695421657059226	0.5281932571619141	0.7294317877626351	0.9306698430035518	1.1319075383090251	0.1571417410961149	0.3583811513060751	0.5596202068573048	0.7608588055300035	0.9620969725302622	1.1633348579220513	0.0	0.0	0.0	0.0	0.0	0.0	0.19876693368225373	0.19876815532929534	0.19876913215337993	0.1987700512506304	0.19877104988907693	0.19877231621677907	0.3975342302274975	0.3975364643425425	0.3975383225846156	0.39754007577939227	0.3975419710639599	0.3975442790202412	0.5963020340022694	0.5963050233015468	0.5963075941091464	0.5963100485649652	0.5963126657499888	0.5963157454144499	0.7950703434615839	0.7950738296640497	0.7950769438574572	0.795079966811012	0.7950831322094554	0.795086716444092	0.9938390109896647	0.9938427821619424	0.9938463438876357	0.9938498516398289	0.9938534655514285	0.9938573363465993
0.0	0.20129825353498257	0.40259526882747804	0.6038912349458313	0.8051861376976487	1.0064797582036256	0.0321529639046197	0.23345125061430136	0.43474836101267167	0.6360444643289555	0.837339573433757	1.0386335621410459	0.0643051086931532	0.26560318180830156	0.4669002800754987	0.6681965062011372	0.869491895418067	1.0707864245696166	0.09645649071890153	0.2977542569455207	0.4990512777032712	0.700347606761	0.9016432877781541	1.1029383629806266	0.12860720936734582	0.3299046796320773	0.53120163734036	0.7324980507496477	0.9337939581096719	1.1350894836919403	0.160757273553196	0.362054628292945	0.5633516032968257	0.7646480907928481	0.9659441188452075	1.1672398485117588	0.0	0.0	0.0	0.0	0.0	0.0	0.19870963370317382	0.19871093799277684	0.19871198010616292	0.19871296069901853	0.19871402715926817	0.19871538132970487	0.3974196556495696	0.3974220409011836	0.397424023312194	0.39742589364963704	0.3974279174090142	0.39743038513369333	0.5961302199630062	0.5961334114533053	0.5961361538745448	0.5961387720688242	0.5961415662745333	0.5961448587464655	0.7948413248728641	0.794845046781741	0.7948483685730826	0.7948515928264049	0.7948549718093392	0.7948588033218251	0.9935528125362106	0.9935568385124997	0.9935606373870524	0.9935643783243125	0.9935682355009819	0.993572372894094
0.0	0.20135763533892045	0.40271395033274016	0.6040691469779921	0.8054232094652358	1.0067759025907903	0.03287678331638707	0.2342344581058778	0.43559087742666736	0.6369462231119326	0.8383005091056009	1.0396536003613366	0.06575269431311684	0.2671101444363937	0.46846655335332793	0.6698220324128629	0.8711766201694304	1.0725302922991036	0.09862779362298703	0.2999849186505964	0.5013412468551434	0.7026968376761594	0.9040517390327827	1.1054059967924525	0.13150218732636074	0.33285899801184254	0.5342152604580389	0.7355709428585475	0.9369260873683556	1.1382808275950842	0.16437588428391994	0.36573257256531866	0.5670888548491748	0.768444617719431	0.9697998923463352	1.1711548513472412	0.0	0.0	0.0	0.0	0.0	0.0	0.19865099334371228	0.19865238374567423	0.19865349383525713	0.1986545384745754	0.19865567566885484	0.19865712161695626	0.39730240148007007	0.3973049442153916	0.39730705590167376	0.3973090482237366	0.39731120594749814	0.39731384056109165	0.5959543886945086	0.5959577908664335	0.5959607119437549	0.5959635006183842	0.5959664793692446	0.5959699940925247	0.7946069529653438	0.7946109204730116	0.7946144583564861	0.7946178921628474	0.794621493759054	0.7946255834833273	0.9932599257646448	0.993264217226694	0.9932682629300742	0.9932722465756226	0.9932763572439867	0.9932807729799309
0.0	0.2014184132817522	0.4028354206985123	0.604251237727433	0.8056658468000641	1.0070789955365558	0.033601237793955685	0.2350196973914052	0.43643681896084746	0.6378527975778188	0.8392676483191793	1.0406812268665306	0.06720154792138162	0.2686197715664543	0.4700368847229161	0.6714530079053912	0.8728681832204289	1.0742823851709298	0.10080099552367032	0.30221887527600966	0.503635904528642	0.7050521488231088	0.9064676606487955	1.1078824897580462	0.13439969366623056	0.3358172400259379	0.5372342008080931	0.7386505443362086	0.9400663169724517	1.1414816621676227	0.16799765109671047	0.3694150679485289	0.5708320513261599	0.7722484820876712	0.9736643947723744	1.1750799741415805	0.0	0.0	0.0	0.0	0.0	0.0	0.19859100905793542	0.19859248909591629	0.1985936698884827	0.1985947811659127	0.19859599206049428	0.19859753380459377	0.39718246065575324	0.3971851673207184	0.3971874134640527	0.3971895326886204	0.3971918299658373	0.39719463873666294	0.5957745296501304	0.5957781511266623	0.5957812580055325	0.5957842240060647	0.5957873949598111	0.5957911415709812	0.7943672137407687	0.794371436893749	0.7943751994862251	0.7943788512231669	0.7943826846176503	0.7943870437076234	0.9929603332470148	0.9929649010425446	0.9929692033931653	0.9929734394109262	0.9929778139703276	0.9929825200271334
0.0	0.20148059351112677	0.40295969216220084	0.6044375254715687	0.8059140739609	1.0073890671952348	0.034326343068515654	0.23580699037701058	0.4372862136314625	0.6387642218054914	0.84024103116996	1.0417164877128748	0.06865170094559994	0.27013210081027567	0.47161131791951927	0.6730894824964129	0.8745666404405908	1.0760427650795952	0.10297614351801264	0.30445618010145525	0.5059353101336496	0.707413605710504	0.9088911242174422	1.1103679195469474	0.13729979113236115	0.3387794745955083	0.5402585334467324	0.7417369363510032	0.9432147341956643	1.144692080800267	0.17162265235959057	0.3731021989857252	0.5745812834154292	0.7760597807097696	0.9775377290557178	1.179015325962244	0.0	0.0	0.0	0.0	0.0	0.0	0.19852967721253412	0.198531250462758	0.19853250472407563	0.19853368527142945	0.19853497288624525	0.1985366145279065	0.3970598259389071	0.39706270307589747	0.3970650889317498	0.3970673400513561	0.39706978256972303	0.39707277291339343	0.5955906320216904	0.5955944815550707	0.5955977814815113	0.5956009317552702	0.5956043027015483	0.5956082910289437	0.7941220928521834	0.7941265818475278	0.7941305778855127	0.7941344560524114	0.7941385305845982	0.7941431704129797	0.9926540171193939	0.992658872258209	0.9926634412094425	0.9926679394011209	0.9926725884213865	0.9926775970088065
0.0	0.20154418233408627	0.4030867772807492	0.6046280289678955	0.806167915847194	1.0077061485220764	0.03505211498571965	0.23659635924273253	0.4381390898886373	0.6396805304681856	0.8412206985087238	1.0427594298733405	0.07010318504260095	0.2716471701684593	0.47318989722708843	0.6747315067127271	0.8762720485697121	1.0778114949519912	0.10515328504734679	0.30669688691073055	0.5082395237440057	0.7097812746713102	0.9113222023155169	1.1128623649767175	0.140202542929922	0.34174577126144107	0.5432883342097484	0.7448302010111968	0.9463714274128378	1.1479121781474637	0.17525096701611978	0.3767940509556615	0.5783366427001182	0.7798786114537251	0.98141999934582	1.1829610172563827	0.0	0.0	0.0	0.0	0.0	0.0	0.19846699408593543	0.19846866417587616	0.1984699947097808	0.19847124719840784	0.19847261460666618	0.19847436033050703	0.39693448991558833	0.39693754416105015	0.3969400750568059	0.39694246313735304	0.3969450566823181	0.39694823616122443	0.5954026847368346	0.5954067712054109	0.5954102715235194	0.5954136131177107	0.5954171919767202	0.5954214320395818	0.7938715756004232	0.793876340782059	0.7938805791186554	0.793884692334292	0.793889017496231	0.7938939496533275	0.9923409590775	0.9923461127275569	0.9923509583642393	0.9923557286664031	0.9923606628856111	0.9923659864436833
0.0	0.20160918621911805	0.4032166889347442	0.6048227674601441	0.8064273980072667	1.0080302712834686	0.03577856950898071	0.23738782644782977	0.4389954766237009	0.6406017588428469	0.842206691952939	1.043810101251019	0.07155603210494885	0.27316501803895576	0.4747726674888054	0.6763791318027809	0.8779844652324029	1.0795886387639648	0.10733246790707202	0.308941050003493	0.5105486061112422	0.7121552228785238	0.9137609685230752	1.1153659060326655	0.14310801273685772	0.3447162001993281	0.5463236797294417	0.7479304213838472	0.949536486120844	1.1511420501502823	0.17888267460159707	0.38049070989084394	0.582098221678951	0.7837050732654012	0.9853113110332428	1.1869171598768713	0.0	0.0	0.0	0.0	0.0	0.0	0.1984029558673524	0.19840472647440333	0.19840613612188354	0.1984074632620476	0.1984089135898519	0.19841076766336468	0.3968064449937339	0.3968096830757686	0.39681236440896006	0.3968148945884426	0.39681764504233885	0.39682102136512465	0.5952106764562145	0.5952150088612488	0.5952187170107104	0.5952222570705369	0.5952260518916753	0.5952305538992443	0.7936156469303578	0.7936206987853917	0.793625188387246	0.7936295453873786	0.7936341308219412	0.7936393671144369	0.9920211403720048	0.9920266038554365	0.9920317363903619	0.9920367888715294	0.9920420191937758	0.9920476703913615
0.0	0.20167561179822174	0.403349440332553	0.6050217606844788	0.8066925466465558	1.0083614680672195	0.03650572272269884	0.2381814147360333	0.43985540317647603	0.6415279428194598	0.8431990538981278	1.0448685506925246	0.07301027426739115	0.27468568322551024	0.47635967411753943	0.6780324097491447	0.8797039489525899	1.08137426155685	0.10951374025633054	0.31118872420691474	0.5128626186782292	0.7145355183608223	0.9162074974410979	1.1178786238875351	0.14601626471679563	0.3476908322343402	0.5493646474514736	0.7510376815136499	0.9527100009594286	1.1543817940592793	0.18251785525923514	0.38419226259566613	0.5858661137863456	0.7875392661906115	0.989211770773735	1.1908838671084008	0.0	0.0	0.0	0.0	0.0	0.0	0.1983375586558518	0.1983394335059798	0.19834092514425924	0.19834232968451823	0.19834386611048802	0.19834583288385618	0.3966756834013086	0.39667911213723483	0.3966819493737626	0.3966846268609941	0.3966875402021724	0.3966911212231968	0.595014595570718	0.5950191830331581	0.595023106546749	0.5950268523135286	0.5950308712740352	0.5950356456246303	0.7933542914272063	0.793359640582186	0.7933643905264268	0.793369000161367	0.7933738556604474	0.7933794081101612	0.9916945418039329	0.9917003265930293	0.991705756363434	0.9917111012211643	0.9917166387143295	0.991722630447627
0.0	0.20174346586906813	0.40348504501464283	0.6052250288759702	0.8069633886362304	1.0086997722932964	0.03723359083565927	0.23897714714106144	0.4407188993429223	0.6424591189108225	0.8441978275297694	1.045934828002025	0.07446594391363846	0.2762092049465299	0.47795096310681706	0.6796913932815934	0.8814305591687112	1.0831684294547899	0.11169715062814606	0.3134399648878897	0.5151816235934665	0.7169222300189495	0.9186618647099798	1.1204006009221108	0.14892736353252412	0.3506697388567619	0.5524113156524723	0.7541520664426244	0.955892063732994	1.1576315084583892	0.18615658975692145	0.3878987966652207	0.5896404134132864	0.7913812913980659	0.9931214865132658	1.1948612536946133	0.0	0.0	0.0	0.0	0.0	0.0	0.19827079845936613	0.19827278132575005	0.1982743578673673	0.19827584259395548	0.19827746834884902	0.1982795522547595	0.3965421971843406	0.39654582347822853	0.39654882215057696	0.3965516522239195	0.3965547345258819	0.3965585282446714	0.5948144301985324	0.5948192819557473	0.594823428456829	0.5948273872661155	0.5948316386697148	0.5948366959497918	0.7930874933126285	0.7930931505297638	0.7930981700009286	0.7931030412331218	0.7931081767358357	0.7931140575784553	0.9913611437197796	0.9913672614329256	0.9913729988969616	0.9913786464549502	0.9913845023484631	0.9913908477394952
0.0	0.20181275539721447	0.4036235168580145	0.6054325927752383	0.8072399515220307	1.0090452182248473	0.03796219018446491	0.239775046992225	0.4415859953829262	0.6433953242625231	0.8452030568354623	1.04700898395559	0.0759230736832092	0.27773562284407205	0.47954658104196884	0.6813561358904195	0.8831643562492041	1.084971209682403	0.11388274793965725	0.31569482796539095	0.51750568372558	0.719315427642363	0.9211241470283388	1.1229319207461992	0.15184137435959194	0.353652992237703	0.5554637634578697	0.7572736622300912	0.9590827674327262	1.1608912932892161	0.18979895950419537	0.3916104005043829	0.593421215928525	0.7952312512026996	0.9970405675134965	1.1988494358657347	0.0	0.0	0.0	0.0	0.0	0.0	0.1982026711936851	0.19820476589533872	0.19820643028722473	0.19820799802343728	0.19820971638977608	0.19821192194322704	0.39640597820491624	0.3964098090450939	0.39641297475054005	0.39641596275663676	0.39641922018717063	0.39642323474785895	0.5946101681821464	0.5946152935846251	0.5946196707846305	0.594623850064337	0.5946283423398808	0.5946336933230723	0.7928152364407346	0.7928212126140766	0.7928265109010303	0.7928316528026382	0.7928370783935197	0.792843300077311	0.9910209260065266	0.9910273884040978	0.991033444137296	0.9910394048424728	0.9910455905250736	0.9910523029201487
0.0	0.20188348751838023	0.40376487008075607	0.6056444736352771	0.8075222635333494	1.0093978409795246	0.03869153723695354	0.24057513792007726	0.442456722028196	0.6443365966630827	0.8462147866173139	1.0480910703158255	0.07738169647824396	0.2792649769928619	0.4811465751113662	0.6830266918398981	0.8849054015082034	1.0867826705827224	0.11607058150232608	0.3179533699228631	0.5198348626779143	0.7217151819260392	0.9235944221720417	1.1254726682198888	0.1547583628999134	0.35664066524487614	0.5585220708598668	0.7604025559728356	0.962282206258971	1.164161249875636	0.1934450465692367	0.3953271633469655	0.5972086176999126	0.7990892490891963	1.0009691243775074	1.2028485313665211	0.0	0.0	0.0	0.0	0.0	0.0	0.19813317268142308	0.19813538308180303	0.19813713830435625	0.19813879190993622	0.19814060622163077	0.19814293801973476	0.3962670181391268	0.39627106059565886	0.39627439899447614	0.396277550346986	0.396280989167298	0.3962852328580534	0.5944017970852798	0.594407205593295	0.5944118212892056	0.5944162285577306	0.5944209702578389	0.5944266259039731	0.7925375042939976	0.7925438104455782	0.792549396938421	0.7925548186889073	0.7925605445961041	0.7925671197805951	0.990673868086538	0.9906806870667533	0.9906870717584776	0.9906933561781084	0.9906998831956088	0.9907069761637546
0.0	0.2019556695407788	0.40390911924670814	0.6058606932284452	0.807810353592537	1.009757676541088	0.03942164859573312	0.24137744386223783	0.44333111049038637	0.6452829745543829	0.84723306250467	1.0491811398469049	0.07884184547055997	0.28079730790960605	0.4827509931180091	0.6847031161821574	0.8866537572217015	1.0886028816356554	0.11826070103249432	0.3202156478210183	0.5221692248035843	0.7241215644877917	0.9260727690138015	1.128022929475436	0.15767839539581277	0.3596328314588686	0.561586318735947	0.7635388358258776	0.9654904756442724	1.167441480949116	0.1970949336964021	0.39904917527547695	0.6010027161163918	0.8029553897362262	1.0049072690762968	1.206858659485034	0.0	0.0	0.0	0.0	0.0	0.0	0.19806229865096858	0.19806462865656724	0.1980664777227266	0.19806822009325412	0.19807013373523064	0.19807259645701245	0.39612530847497884	0.3961295696971191	0.3961330865107745	0.3961364066891097	0.3961400332529596	0.3961445145053994	0.5941893041897587	0.5941950053699954	0.5941998674418094	0.5942045103061653	0.5942095101058654	0.5942154815599665	0.7922542799790934	0.7922609272550256	0.7922668114419913	0.7922725223257094	0.7922785589191753	0.7922855004738152	0.9903199489123632	0.9903271365070977	0.9903338609569879	0.9903404797757793	0.990347359828819	0.9903548471601884
0.0	0.20202930894754148	0.40405627927031484	0.6060812738537357	0.808104251324576	1.0101247617714708	0.04015254100177214	0.2421819890693631	0.4442091924694618	0.6462344970424255	0.8482579309672701	1.0502792463301196	0.08030355410882975	0.2823326565625212	0.484359883491422	0.6863854647714519	0.8884094866442033	1.0904319134770264	0.12045315666213277	0.3224817193109161	0.5245088352209026	0.7265346478860598	0.9285592675433355	1.130582791939806	0.16060153864431764	0.3626295651897546	0.5646565888678234	0.766682591023767	0.968707672277028	1.170732090674745	0.20074870432403116	0.40277652724124036	0.6048036096104411	0.806829779041229	1.0088551149759164	1.2108799410821438	0.0	0.0	0.0	0.0	0.0	0.0	0.1979900447353803	0.19799249829430393	0.19799444424861948	0.19799627831490296	0.19799829472273156	0.1980008931289206	0.39598084051019833	0.39598532772381495	0.39598902873316066	0.3959925232812262	0.39599634403405987	0.3960010714226512	0.5939726764922301	0.5939786800143799	0.5939837964225733	0.5939886825765157	0.5939939492718788	0.5940002478631442	0.7919655462225269	0.7919725458890654	0.7919787373534105	0.7919847467571941	0.7919911045468777	0.7919984255496682	0.9899591469612736	0.98996671533183	0.9899737904462361	0.9899807544634425	0.9899879994052427	0.9899958951094899
0.0	0.202104413399193	0.4042063654215765	0.6063062383441985	0.8084039870669614	1.0104991344231011	0.04088423133805229	0.24298879811123023	0.4450910001622243	0.6471912039083078	0.849289439328668	1.0513854445797453	0.08176685612584204	0.2838710643809966	0.48597329529973343	0.6880737942786679	0.8901726540256661	1.0922698379179594	0.1226479989496997	0.3247516426472034	0.5268537598290188	0.7289545056379575	0.9310539988878364	1.1331523443575768	0.1635278600116335	0.3656309414939393	0.5677329639606689	0.7698339119022124	0.9719338941255303	1.1740331846776983	0.20440644260251892	0.40650931108482957	0.6086113976808878	0.8107125241456172	1.012812776865079	1.2149124986215585	0.0	0.0	0.0	0.0	0.0	0.0	0.1979164064712717	0.19791898757180398	0.19792103348950543	0.19792296221697492	0.19792508487649804	0.19792782380931492	0.39583360535001094	0.39583832585498563	0.39584221689844495	0.39584589142338034	0.3958499129014617	0.395854895142908	0.5937519007008427	0.5937582163341635	0.5937635951171414	0.5937687323393023	0.5937742748460763	0.5937809120868326	0.7916712853662123	0.7916786488057753	0.7916851572226579	0.7916914746334133	0.7916981642674438	0.7917058780035431	0.9895914402297408	0.9895994016625805	0.9896068384509861	0.9896141585775197	0.9896217804116324	0.9896300987162596
0.0	0.20218099073618898	0.4043593933311267	0.6065356100745486	0.8087095918798274	1.010880833151533	0.041616736633210694	0.24379789588287235	0.44597656627095533	0.6481531356193723	0.8503276357798903	1.052499790459208	0.08323178554579194	0.28541257326534664	0.4875912782619089	0.6897681622060466	0.8919433246287178	1.094116727964599	0.12484527889106775	0.32702547670148435	0.5292040653237496	0.731381212237579	0.9335570453327614	1.1357316768142243	0.1664574274476606	0.36863703619110716	0.5708155276625111	0.7729928899199386	0.9751692404622989	1.177344870070059	0.20806823341247105	0.41024761955665	0.6124261809159274	0.8146037334602481	1.0167803709830976	1.2189564562002433	0.0	0.0	0.0	0.0	0.0	0.0	0.19784137929767376	0.1978440919668251	0.19784624095288827	0.19784826734099067	0.1978504997879525	0.19785338417088966	0.39568359390487884	0.39568855507248046	0.3956926420442285	0.39569650221515124	0.39570073104469294	0.39570597699730625	0.5935269632318603	0.5935336008417028	0.5935392501132444	0.593544646265265	0.5935504736175058	0.5935574612021417	0.7913714793629631	0.7913792180701174	0.7913860532034682	0.7913926882057685	0.7913997204686366	0.7914078404289364	0.9892168062278034	0.9892251731302393	0.9892329827016768	0.9892406699572202	0.9892486808352725	0.9892574361839465
0.0	0.20225904898154903	0.4045153789955005	0.6067694129690622	0.8090210975564583	1.0112698975285572	0.042350074065390104	0.2446093076110169	0.4468659240124547	0.6491203333408517	0.8513725693936858	1.053622340897937	0.08469837669196059	0.2869572255970485	0.48921388276056293	0.6914686269025806	0.8937215647466452	1.0959726578386983	0.12704504793101115	0.3293032809763455	0.5315598192141601	0.733814843175148	0.9360684903435619	1.1383208807604415	0.16939030950129547	0.37164792588204854	0.5739043645846033	0.7761596176816147	0.9784138118895779	1.1806672554788968	0.21173416238373396	0.4139915463384881	0.6162480610172074	0.8185035166920559	1.0207580150490796	1.2230119395801933	0.0	0.0	0.0	0.0	0.0	0.0	0.1977649585548446	0.1977678068568873	0.19777006204509873	0.19777218912669506	0.19777453494637084	0.19777756978396666	0.3955307968881316	0.39553600615836443	0.39554029500650284	0.39554434655325404	0.3955487894495463	0.395554308112604	0.593297850206117	0.5933048197504193	0.5933107476971134	0.5933164107217803	0.5933225320704779	0.593329881874354	0.7910661097717723	0.7910742353491802	0.7910814070485642	0.7910883693222459	0.7910957551329809	0.7911042950126526	0.9888352219731696	0.9888440068690192	0.9888522004284759	0.9888602659385963	0.9888686781580306	0.9888778852088674
0.0	0.20233859634354398	0.40467433878251086	0.6070076715096332	0.8093385366340137	1.0116663680555793	0.04308426096599662	0.24542305886048535	0.44775910712709593	0.6500928389475822	0.8524242901388956	1.0547531539083947	0.08616666419420303	0.28850506424884115	0.49084115985468724	0.6931752475793808	0.8955074417214064	1.097837702998285	0.12924735797442513	0.33158511561916626	0.5339210898389843	0.7362554749560619	0.9385884185873603	1.1409200490364622	0.17232657533537793	0.37466368796618665	0.5769995603215471	0.7793341889605876	0.9816677103646952	1.1840004510742645	0.21540431591411352	0.41774118606480376	0.6200771408237078	0.8224119848705349	1.0247458282910276	1.2270790762201642	0.0	0.0	0.0	0.0	0.0	0.0	0.19768713948306765	0.19769012751805745	0.1976924920700769	0.19769472291084117	0.19769718573766726	0.19770037611527355	0.3953752048135734	0.3953806696925005	0.3953851664172276	0.39538941512911935	0.39539407889565686	0.39539987940874266	0.593064547445437	0.5930718589711858	0.5930780738498606	0.5930840117692422	0.5930904363809435	0.5930981604592778	0.7907551577530434	0.7907636819073743	0.7907712001048436	0.7907784994226048	0.7907862498329463	0.7907952235299588	0.98844666398526	0.9884558795104611	0.9884644683552759	0.9884729233485431	0.988481749350351	0.9884914229741691
0.0	0.20241964121846598	0.4048362894367904	0.6072504107440799	0.8096619424045858	1.0120702861774142	0.0438193148236287	0.2462391755408467	0.44865614988821795	0.6510706950361366	0.8534828488953287	1.0558922886036908	0.08763668299681139	0.29005613259528235	0.4924731612929193	0.6948880843256671	0.8973010239623499	1.0997119401591169	0.13145226139808786	0.33387104143655494	0.536287946383754	0.7387031851207265	0.9411169159555024	1.1435292758973408	0.17526629474232697	0.37768440065987474	0.5801012014722703	0.7825166987225555	0.9849310392264421	1.1873445685982982	0.2190787811888678	0.42149663434487883	0.6239135243365609	0.826329250375245	1.0287439314760436	1.231157995308593	0.0	0.0	0.0	0.0	0.0	0.0	0.1976079172214111	0.19761104912369512	0.19761352622811637	0.1976158639259365	0.19761844744313992	0.1976217985266824	0.3952168079930132	0.39522253605005564	0.395227246701831	0.3952316984263953	0.39523658995400185	0.3952426815963308	0.5928270404689379	0.5928347041085993	0.5928412142437431	0.5928474351573284	0.5928541724127552	0.5928622829994843	0.7904386040636675	0.7904475386014734	0.7904554133084123	0.7904630595334127	0.7904711857259771	0.790480607339584	0.9880511082790554	0.9880607671772453	0.9880697626934977	0.9880786184986027	0.988087870865055	0.9880980261435954
0.0	0.20250219219348384	0.4050012480855039	0.6074976562947054	0.8099913489265966	1.0124816942965036	0.044555253288100914	0.2470576839132503	0.4495570871117803	0.652053944937306	0.8545482974690682	1.0570398052157157	0.08910846836651755	0.2916104745235292	0.49410993952711885	0.6966071981251512	0.8991023809654106	1.101595447316698	0.13365981106264724	0.3361611199090929	0.5386604588983196	0.741158052264868	0.9436540695866711	1.1461486570388775	0.17820953816009596	0.380710143015097	0.5832093756614913	0.785707243149811	0.9882039032221095	1.1906997213950554	0.22275764620058938	0.42525798778543894	0.627757316744428	0.830255426963959	1.0327524469412632	1.235248827797328	0.0	0.0	0.0	0.0	0.0	0.0	0.197527286806448	0.1975305667431594	0.1975331596145695	0.19753560729894964	0.1975383152381777	0.19754183227390928	0.3950555965337156	0.3950615953989277	0.3950665260766325	0.39507118671837177	0.3950763129843221	0.39508270517404914	0.5925853144892157	0.5925933404571349	0.5926001542383115	0.5926066663211494	0.5926137257138119	0.5926222352204269	0.7901164290519419	0.7901257858754981	0.7901340271794601	0.7901420302629226	0.7901505435493641	0.7901604273785603	0.9876485303587486	0.9876586454768066	0.9876680591356974	0.9876773271785747	0.9876870186309434	0.9876976708550576
0.0	0.20258625804956268	0.40516923224418916	0.6077494343670521	0.8103267910364531	1.012900635787457	0.0452920941743999	0.24787861059725536	0.45046195416608015	0.653042632728708	0.8556206886079711	1.0581957651135296	0.09058205590041675	0.29316813444410417	0.495751547725995	0.6983326508725354	0.9009115833324868	1.1034883037685426	0.1358700603244824	0.3384554132060188	0.5410386983143767	0.7436201560599153	0.9461999678901344	1.1487782896237455	0.18115637668798706	0.38374099493809305	0.5863241715611734	0.78890591966554	0.9914864085346436	1.1940660244405426	0.2264409997689995	0.4290253440132522	0.6316086244489197	0.8341906298009187	1.03677149862496	1.239351706435599	0.0	0.0	0.0	0.0	0.0	0.0	0.1974452431709578	0.19744867534049773	0.19745138721853436	0.1974539480499991	0.19745678419094856	0.19746047250519497	0.394891560335815	0.3948978376971366	0.39490299454622885	0.3949078700653683	0.394913238132507	0.3949199404260176	0.5923393544084739	0.5923477529972446	0.5923548788765007	0.5923616903773418	0.5923690815121468	0.592378002526503	0.7897886126524133	0.7897984037555252	0.7898070218170634	0.7898153917958777	0.7898243036150431	0.7898346641569888	0.9872389052113005	0.9872494894948555	0.9872593328490803	0.9872690246500317	0.9872791680463078	0.98729033271411
0.0	0.20267184776446467	0.40534025982275945	0.6080057717588975	0.8106683043605233	1.0133271550119942	0.04602985546684864	0.2487019825779491	0.4513707869818384	0.6540368032478437	0.856700076017695	1.059360230822362	0.09205748153426602	0.29472915730211624	0.4973980397892681	0.7000645053906257	0.9027287027915122	1.1053905901372134	0.13808306304814813	0.3407539842005745	0.5434227364637343	0.7460895772742048	0.948754700569898	1.1514182723086004	0.1841068821032069	0.38677703720880363	0.5894456789128794	0.7921128269591017	0.994778662810864	1.1974435943738804	0.23012893156159703	0.4327988016986618	0.6354675550910284	0.8381349754861844	1.0408012120988266	1.2434667658052423	0.0	0.0	0.0	0.0	0.0	0.0	0.19736178114259523	0.1973653697731019	0.19736820392150967	0.19737088109100967	0.19737384926105545	0.19737771425995307	0.39472468908966374	0.3947312526901495	0.39473664190081525	0.39474173831205644	0.394747355327914	0.39475437741909797	0.5920891448145534	0.5920979263913588	0.5921053728806259	0.5921124921200642	0.5921202247119186	0.592129569997019	0.7894551343805893	0.7894653718443673	0.7894743768938562	0.7894831238881842	0.7894924458042618	0.7895032977526754	0.9868222072998324	0.986833273788736	0.9868435584688513	0.9868536856396731	0.9868642939722764	0.9868759867872634
0.0	0.2027589705158667	0.40551434913174045	0.6082666958696019	0.8110159253275828	1.0137612973344743	0.04676855532336774	0.24952782721327854	0.4522836220626158	0.6550365021056026	0.857786514378292	1.0605332660432916	0.09353478155098786	0.29629358858880306	0.4990494703622702	0.7018028254480014	0.9045538122172004	1.1073023883941495	0.140298873619076	0.3430568964857253	0.5458126460970736	0.7485663977947922	0.9513183586495804	1.15406870527203	0.1870611268777442	0.38981835150075433	0.5925739885506812	0.7953280650119797	0.99808077519047	1.2008325495293768	0.23382153211467793	0.436578460579606	0.6393342175781663	0.8420885820857058	1.0448417146010933	1.2475941423568786	0.0	0.0	0.0	0.0	0.0	0.0	0.19727689544249197	0.19728064479029758	0.1972836044959826	0.19728640122430202	0.19728950529812506	0.1972935524673507	0.3945549722730461	0.3945618299080731	0.3945674577133732	0.3945727810846492	0.3945786542805543	0.39458600600006094	0.5918346699767622	0.5918438449796862	0.5918516206481764	0.5918590560167938	0.591867139889201	0.5918769223819532	0.7891159733273826	0.7891266693159827	0.7891360716504355	0.7891452058613183	0.78915494956198	0.7891663078054972	0.9863984105566822	0.9864099723804488	0.9864207100912319	0.9864312843323435	0.9864423707258269	0.986454607594961
0.0	0.20284763568450745	0.40569151888856514	0.6085322347095433	0.811369691181376	1.0142031091375683	0.047508212079604616	0.2503561722412799	0.4532004964951563	0.6560417756997233	0.8588800593607862	1.0617149356729423	0.09501399258892941	0.297861474352859	0.5007058948503602	0.7035476757765282	0.9063869856516642	1.1092237818833977	0.14251754695598137	0.3453642143896144	0.5482085009024716	0.7510507006490591	0.953891034497114	1.1567296902423592	0.1900191841949576	0.3928650204006791	0.5957091924238406	0.7985517351235345	1.001392856334877	1.204233009968459	0.23751889285414143	0.440364421485454	0.6432087221110496	0.8460515691612699	1.0488931350695538	1.2517339744460296	0.0	0.0	0.0	0.0	0.0	0.0	0.197190580683878	0.19719449503195385	0.19719758360403736	0.19720050314120263	0.197203747040417	0.19720798194490927	0.3943823991484312	0.3943895586628847	0.3943954313368983	0.3944009877881305	0.3944071244783186	0.3944148157927938	0.5915759138417607	0.5915854927760733	0.5915936062476695	0.5916013662041807	0.5916098112878323	0.5916200440977772	0.7887711081536296	0.7887822749099656	0.7887920848898435	0.7888016165968113	0.7888117938913477	0.7888236735118483	0.9859674883765557	0.9859795587497701	0.985990761266573	0.9860017943641495	0.9860133720728959	0.9860261691046535
0.0	0.2029378528574717	0.40587178822414355	0.6088024169099628	0.8117296399937258	1.014652637838618	0.04824884425343117	0.25118704578781237	0.45412144796037207	0.657052671229033	0.859980767644667	1.0629053058242302	0.09649515165082348	0.2994328612126002	0.5023673694343131	0.7052991220899827	0.9082282983262804	1.1111548553467276	0.14473913852425224	0.34767600299213614	0.550610375525179	0.7535425700277106	0.956472821850972	1.1594013305271185	0.19298112796732966	0.39591712742944596	0.5988513836209256	0.8017839399383293	1.0047150184577642	1.2076450975134532	0.24122110611757322	0.44415678636225503	0.6470911802121301	0.8500240578021337	1.052955604176412	1.2558864023711918	0.0	0.0	0.0	0.0	0.0	0.0	0.1971028313706193	0.19710691502700925	0.1971101357958801	0.19711318142057035	0.1971165691133493	0.1971209973970213	0.3942069587600586	0.3942144280454978	0.3942205519014616	0.3942263476033177	0.3942327551840362	0.3942407961953399	0.5913128600291987	0.5913228534636137	0.5913313134142548	0.5913394064836539	0.5913482228150151	0.5913589192230281	0.7884205170842764	0.7884321669257003	0.7884423949717181	0.7884523345304009	0.7884629573478505	0.7884753736187503	0.9855294136092604	0.9855420058269545	0.9855536849920529	0.9855651888151595	0.9855772712210727	0.9855906447234563
0.0	0.2030296318315418	0.4060551766895659	0.6090772717330122	0.8120958106779113	1.0151099319063288	0.04899047054935276	0.25202047637427094	0.45504651474437313	0.6580692367077987	0.861088696935562	1.064104443847357	0.09797829611260354	0.3010077963680515	0.5040339510856977	0.7070572311027312	0.9100778266836788	1.1130956949489375	0.1469637043491568	0.34999232814139386	0.5530183455873502	0.7560420913077922	0.9590638158464836	1.1620837310426657	0.19594703285409845	0.3989747570629267	0.6020006563939412	0.8050247834735352	1.0080473753557684	1.2110689357815767	0.24492826517626917	0.44795565829799416	0.6509817047541037	0.8540061706567996	1.0570292543633402	1.2600515684121871	0.0	0.0	0.0	0.0	0.0	0.0	0.1970136418957415	0.19701789919198404	0.19702125550835037	0.1970244305273092	0.19702796602801	0.19703259341345317	0.3940286399309955	0.39403642692279817	0.394042808311243	0.3940488494838968	0.3940555354325053	0.3940639363769103	0.5910454918273078	0.5910559103902144	0.5910647255452756	0.5910731603169845	0.5910823580368725	0.5910935314938357	0.7880641779025065	0.7880763232164604	0.7880869798063856	0.7880973376461274	0.7881084180333976	0.788121386417906	0.9850841585523664	0.9850972859853656	0.9851094537043019	0.985121440202033	0.9851340408122203	0.9851480072907337
0.0	0.20312298261665243	0.4062417042630131	0.6093568290821102	0.8124682430024579	1.0155750408779782	0.04973310986302359	0.2528564929255082	0.4559757357498108	0.6590915209804952	0.8622039059834284	1.0653124183514269	0.09946346373241585	0.30258632761333243	0.5057056975826565	0.7088220705489163	0.9119356484003399	1.11504638830387	0.14919130102936737	0.3523132564705777	0.5554324877082966	0.7585493510763333	0.9616641130428774	1.1647769983446403	0.198916974279252	0.40203799475333274	0.6051571061830266	0.8082743711470095	1.0113900424399533	1.21450465021981	0.24864046425772696	0.4517611415484194	0.6548804099890913	0.8579980319655683	1.061114219877416	1.2642296168694982	0.0	0.0	0.0	0.0	0.0	0.0	0.19692300653990508	0.1969274418294447	0.19693093706338471	0.19693424481083355	0.19693793217962122	0.19694276446779996	0.3938474312600969	0.39385554393458533	0.39386218924146943	0.3938684821533619	0.39387545402742885	0.39388422527479905	0.5907737921883486	0.590784646564019	0.5907938256956878	0.5908026108217059	0.590812200173862	0.5908238642993079	0.7877020679436739	0.7877147211833139	0.7877258168487629	0.7877366034702376	0.7877481535902181	0.787761689739561	0.9846316949436249	0.9846453710338656	0.9846580392717893	0.9846705204704093	0.984683652914858	0.9846982290704448
0.0	0.2032179154394159	0.4064313913568071	0.6096411195125101	0.8128469776052087	1.0160480153769744	0.050476781285864046	0.25369512477792855	0.4569091505074627	0.6601195737368846	0.8633264546011273	1.066529299226513	0.10095069265984728	0.30416850334933004	0.5073826675260432	0.7105937092020687	0.9138018424096895	1.1170070245009975	0.1514219857507461	0.3546388554151741	0.5578528795251416	0.7610644371544619	0.9642738114508678	1.1674812406590311	0.20189102844988435	0.4051069269509824	0.6083208296416571	0.8115328098059453	1.014743136767923	1.2179523681404814	0.2523577985685662	0.45557334156336726	0.6587874115783896	0.8619997675937318	1.0652106368077723	1.2684206941043834	0.0	0.0	0.0	0.0	0.0	0.0	0.19683091946986647	0.1968355371264546	0.1968391746664668	0.19684261850351978	0.19684646184598886	0.19685150491592587	0.39366332111893726	0.3936717674904854	0.3936786831353253	0.3936852341019272	0.3936924995383213	0.39370165159127035	0.5904977437240145	0.5905090446487871	0.5905185965734365	0.5905277407664922	0.5905377320961471	0.590549900676872	0.7873341640891787	0.7873473377689723	0.7873588830922014	0.7873701090650318	0.7873821411947022	0.7873962609463094	0.9841719939533135	0.9841862322091328	0.9841994129871365	0.984212400987226	0.9842260790164725	0.9842412817434167
0.0	0.20331444074678617	0.4066242588247394	0.6099301742422826	0.8132320560079489	1.0165289071311079	0.051221504109838265	0.25453640168788094	0.45784679918825505	0.661153445527672	0.8644564036837115	1.0677551576665798	0.10244002144544608	0.3057543725968018	0.5090649203561284	0.7123722168954267	0.9156764889260389	1.1189776941329905	0.15365581630063807	0.35696919323082027	0.560279599714259	0.7635874386224432	0.9668930105613025	1.1701965679144415	0.2048692723752268	0.4081816411268812	0.6114919246627943	0.814800207756612	1.0181067770771612	1.2214122187582168	0.2560803643182517	0.45939236501402914	0.6627028266233014	0.866011505065983	1.069318643123601	1.2726249485804866	0.0	0.0	0.0	0.0	0.0	0.0	0.19673737473685968	0.1967421791529456	0.19674596240499867	0.1967495457190788	0.19675354918587404	0.19675880899432577	0.3934762976485833	0.39348508576670577	0.39349227820070487	0.3934990935832811	0.3935066602972586	0.3935162037902875	0.590217328700598	0.5902290869590376	0.5902390205345949	0.5902485325662991	0.5902589363187309	0.5902716233073789	0.786960442760025	0.7869741494513224	0.7869861550620171	0.7869978310223967	0.7870103575509245	0.7870250769265807	0.9837050261761845	0.9837198401675838	0.9837335455590375	0.9837470525326424	0.9837612900154337	0.9837771363992225
0.0	0.20341256920978612	0.40682032796952494	0.6102240251634876	0.8136235206312825	1.0170177689911164	0.05196729783219432	0.2553803538400774	0.45878872261537373	0.6621931877803126	0.8655938152279284	1.06899006619268	0.1039314890502115	0.30734398500951143	0.5107525163694004	0.7141576645424151	0.9175596694687468	1.1209584893235693	0.15589285108206558	0.3593043390111236	0.5627127280127396	0.7661184458448071	0.9695218113739626	1.1729230917745723	0.20785178388557235	0.4112622257952587	0.614670490405059	0.8180766747941783	1.0214810838185207	1.2248843332271016	0.2598082587427715	0.4632183198202357	0.6666267736960461	0.8700333736009727	1.0734383787123678	1.2768425309057188	0.0	0.0	0.0	0.0	0.0	0.0	0.19664236627497395	0.1966473618600859	0.19665129424666836	0.19665502045092517	0.19665918823736017	0.1966646708184826	0.3932863487563583	0.39329548670278236	0.3933029624069576	0.39331004861133295	0.39331792439561947	0.39332787009423326	0.5899325290341425	0.5899447554551794	0.5899550795784925	0.5899649682774938	0.5899757949965795	0.589989014510196	0.7865808799103602	0.7865951322369417	0.7866076088090026	0.7866197454573204	0.7866327788841526	0.7866481140881124	0.9832307616233903	0.9832461649772731	0.9832604071041554	0.9832744452919413	0.9832892562128898	0.9833057635280379
0.0	0.20351231172736192	0.40701962055051044	0.6105227048537276	0.8140214148100166	1.0175146549498846	0.05271418216045133	0.25622701185638525	0.4597349622768758	0.663238852815446	0.866738752352477	1.070234098677034	0.10542513485554576	0.3089373908879526	0.5124455167360827	0.7159501241579652	0.9194514668873499	1.1229495037564536	0.1581331491286397	0.3616443627063241	0.5651523452408274	0.7686575504965742	0.9721603164275882	1.1756609256720552	0.21083864165208238	0.4143487705371135	0.6178566273200368	0.8213623222337973	1.024866179191097	1.2283688446793548	0.26354158012932	0.4670513151788726	0.6705593728719297	0.8740655041472485	1.0775699854195364	1.2810735938757773	0.0	0.0	0.0	0.0	0.0	0.0	0.19654588789946664	0.196551079078584	0.19655516403775364	0.19655903657048243	0.19656337291615636	0.19656908438116039	0.39309346211247687	0.3931029579981979	0.39311072348150505	0.3931180869568319	0.3931262796806994	0.39313663848050234	0.5896433262854008	0.5896560317384482	0.5896667553426511	0.5896770295927936	0.589688289919552	0.589702056238106	0.7861954510207558	0.7862102616543554	0.7862232199026832	0.786235828001152	0.7862493809340987	0.7862653483511644	0.9827491697140848	0.9827651761094709	0.9827799671387009	0.9827945488471116	0.9828099473043427	0.9828271330121778
0.0	0.20361367943032035	0.40722215879154866	0.6108262465879484	0.8144257828088757	1.018019620162056	0.053462177017358684	0.2570764068046743	0.4606855603384392	0.6642904938635518	0.867891279318567	1.0714873303674932	0.1069209986731501	0.3105346411931004	0.51414398351776	0.7177496688800282	0.9213519653869702	1.1249508327046682	0.16037677011940393	0.3639893351419723	0.5675985333244541	0.7712048455896623	0.974808629830166	1.178410184842632	0.21382992520662095	0.4174413660238693	0.6210504371797794	0.8246572629419694	1.028262187177466	1.2318658882644484	0.26728042784111355	0.47089146159251205	0.6745007457618132	0.8781080294195797	1.0817136070887607	1.2853182925182156	0.0	0.0	0.0	0.0	0.0	0.0	0.1964479333050562	0.19645332451697262	0.1964575655014064	0.19646158782546883	0.19646609701388137	0.1964720435506781	0.39289762514663923	0.39290748710896095	0.3929155489064188	0.39292319614394655	0.39293171375228514	0.39294249667805414	0.5893497016547325	0.5893628970457844	0.58937402909766	0.5893846978361429	0.5893964025072718	0.589410730072147	0.7858041310914062	0.7858195127472136	0.7858329634244927	0.7858460537947819	0.7858601389480916	0.785876755141654	0.9822602192669224	0.9822768424301396	0.982292194569907	0.9823073321683296	0.9823233323711223	0.9823412141175316
0.0	0.20371668368540902	0.40742796538915727	0.6111346843506675	0.8148366698387864	1.0185327209643567	0.0542113025460638	0.2579285702080151	0.4616405596566053	0.6653481650822396	0.8690514615512575	1.0727498379129257	0.10841912075535823	0.31213578756074234	0.5158479796857272	0.7195563729919529	0.9232612505547269	1.1269625730609987	0.16262377439428663	0.3663393280383576	0.5700513753186675	0.7737604255003282	0.9774668572903974	1.1811709863606545	0.21682571496229788	0.4205401040418809	0.6242520231052976	0.8279616113690391	1.0316692335801978	1.235375601189645	0.2710249023430062	0.47473887089898537	0.6784510155456646	0.8821610839365055	1.0858693896034444	1.289576784138021	0.0	0.0	0.0	0.0	0.0	0.0	0.19634849606413898	0.19635409175981755	0.19635849223586146	0.19636266783810763	0.19636735419627166	0.19637354206910693	0.3926988250444737	0.39270906124403343	0.39271742591484704	0.3927253634466935	0.3927342139590776	0.3927454321638139	0.5890516359767726	0.5890653322444839	0.589076881741826	0.5890879539573667	0.5891001138037708	0.5891150172162251	0.7854068946350232	0.7854228600671657	0.7854368139606476	0.7854503974815191	0.7854650276739467	0.7854823093839881	0.9817638784911767	0.981781132191031	0.9817970576871282	0.9818127636050623	0.9818293798714833	0.98184797548462
0.0	0.20382133609947084	0.4076370635208268	0.6114480528484258	0.8152541220734582	1.0190540148962894	0.0549615791153344	0.2587835340540056	0.4626000037922245	0.6664119215738171	0.8702193656611448	1.0740216993890244	0.10991954180556687	0.31374088231597985	0.5175575691395828	0.7213703119451825	0.9251794093865433	1.128984823368913	0.164874222969757	0.3686944140302149	0.5725109554314103	0.7763243859970368	0.9801351061496638	1.1839434491751577	0.21982609223431293	0.4236450775173164	0.6274614895955045	0.8312754835822177	1.0350874460589685	1.2388981227612081	0.2747751052275246	0.4785936563014501	0.6824103070066799	0.8862248040585285	1.0900374809290185	1.2938492283639857	0.0	0.0	0.0	0.0	0.0	0.0	0.19624756962499837	0.19625337426591863	0.19625793771263847	0.19626227010333047	0.19626713800138243	0.1962735735504605	0.3924970487439627	0.3925076673617428	0.392516341487427	0.3925245758853515	0.39253376739510054	0.39254543215905835	0.5887491097150758	0.5887633178268241	0.5887752937957998	0.5887867785267988	0.5887994044721113	0.5888148984917042	0.7850037156696971	0.7850202776667011	0.785034745594989	0.7850488331999386	0.7850640213528052	0.7850819854938647	0.9812601149778171	0.9812780130207437	0.9812945241528985	0.9813108108771332	0.9813280576316628	0.9813473851196137
0.0	0.20392764852373874	0.40784947685360845	0.6117663875226577	0.8156781866665221	1.0195835607215251	0.05571302732486715	0.25964133080432517	0.4635639370242689	0.6674818194033642	0.8713950594666976	1.0753029943249022	0.11142230298884076	0.31534997848804536	0.5192728167262788	0.7231915623825469	0.9271065303146883	1.13101768385436	0.16712817755470055	0.3710546666867898	0.5749773590478003	0.7788968242689683	0.9828134854147746	1.186727694146854	0.222831139261145	0.4267563805415237	0.6306789425567842	0.8345989972993701	1.038516954168579	1.2424335944266582	0.27853113924136336	0.4824559323990571	0.6863787465661445	0.8902993280271881	1.0942180311562415	1.2981357871962398	0.0	0.0	0.0	0.0	0.0	0.0	0.1961451473099438	0.1961511653664417	0.19615589527467434	0.1961603879869114	0.1961654418377194	0.19617213147881557	0.3922922829317289	0.3923032921660554	0.3923122823485581	0.3923208202227371	0.39233036089597056	0.39234248362566326	0.5884421029565506	0.5884568339044828	0.5884692453969949	0.5884811517297046	0.5884942547888001	0.5885103543317878	0.7845945677114773	0.7846117390917136	0.7846267319015477	0.7846413345764506	0.7846570937116961	0.7846757573707956	0.9807488956902343	0.98076745191543	0.980784560993642	0.9808014410654388	0.9808193328365915	0.9808394103850044
0.0	0.20403563305824773	0.4080652295529361	0.612089724562913	0.8161089117691401	1.0201214184498801	0.056465668010859095	0.26050199340466695	0.4645324043641404	0.6685579156174195	0.8725786120173218	1.0765938037305334	0.11292744594303346	0.31696312982575087	0.5209937882599169	0.7250202021624195	0.9290427032362989	1.1330612564586635	0.169385700567076	0.37342016053280264	0.5774506727554237	0.7814778389556585	0.9855021057919607	1.1895238440864901	0.22584093922666987	0.42987410839744206	0.6339044893337211	0.8379322719240808	1.041957889398367	1.2459821598185394	0.2822931083129331	0.4863258152187859	0.6903564623195797	0.8943847960055367	1.0984111925460158	1.3024366250554174	0.0	0.0	0.0	0.0	0.0	0.0	0.1960412223134048	0.19604745826300551	0.19605235813441121	0.19605701472355636	0.1960622589823257	0.1960692092063877	0.39208451403923084	0.3920959221027598	0.3921052349625861	0.3921140829603908	0.39212398103507734	0.39213657326226015	0.5881305954057581	0.5881458602028203	0.5881587162938705	0.5881710533605671	0.5881846446380675	0.5882013647757642	0.7841794237667722	0.7841972173738825	0.7842127459369289	0.7842278747176907	0.7842442179559178	0.7842635983904503	0.9802301869547398	0.9802494152292787	0.9802671345901579	0.9802846206024414	0.9803031720203796	0.9803240179900491
0.0	0.2041453020563459	0.4082843462916462	0.6124181009203753	0.816546346548005	1.020667649359783	0.05721952225142984	0.2613655552946217	0.465505451570029	0.6696402682628166	0.8737700936166708	1.077894210124539	0.11443501278963404	0.3185803908127627	0.5227205505414723	0.7268563103828994	0.9309880195420271	1.1351156448716402	0.17164685515019407	0.3757909710691333	0.5799309843694502	0.7840675301765578	0.9882010797208896	1.1923320237933226	0.22885557628193554	0.43299835758577104	0.6371382387396872	0.8412754285806762	1.0454103852116767	1.249543964798342	0.28606111757966046	0.49020342224713315	0.694343584072842	0.8984813501186677	1.1026171195743601	1.3067519088320763	0.0	0.0	0.0	0.0	0.0	0.0	0.19593578769999853	0.19594224602574337	0.1959473193718595	0.1959521434149677	0.195957582578844	0.19596479995158192	0.3918737282389055	0.39188554335559855	0.39189518552993624	0.39190435033471266	0.39191461411971357	0.3919276875003434	0.5878145663791287	0.5878303760550849	0.5878436858401399	0.5878564628172983	0.5878705535060704	0.5878879094631783	0.7837582563246409	0.783776685022952	0.7837927602325936	0.783808426202808	0.7838253667613186	0.7838454813968971	0.979703954450931	0.9797238686648647	0.9797422106679766	0.979760315262533	0.9797795410566748	0.979801173981089
0.0	0.20425666812936963	0.4085068522593256	0.6127515543218713	0.8169905412039985	1.0212223160215632	0.0579746113724985	0.2622320504181786	0.46648312516205204	0.6707289364064638	0.8749695758470659	1.0792042975632454	0.11594504614549697	0.3202018166839217	0.5244531713797246	0.7286999674073653	0.932942572146222	1.1371809545664158	0.1739117051902606	0.3781671747949337	0.5824183829593383	0.7866659995623456	0.9909105214105955	1.1951523600956746	0.23187513556843226	0.43612922585279673	0.6403803010892498	0.8446285901512309	1.0488745770874754	1.2531191575027343	0.2898352734169332	0.4940888724636077	0.6983402433801928	0.9025891344963787	1.1068359689796754	1.3110818079385758	0.0	0.0	0.0	0.0	0.0	0.0	0.1958288364025118	0.1958355215912789	0.19584077193257485	0.19584576702782291	0.19585140563549228	0.19585889679695684	0.39165991144013895	0.39167214184222876	0.3916821199830751	0.3916916083129268	0.39170224618703325	0.39171581250020415	0.5874939947989236	0.5875103603963601	0.5875241329887193	0.5875373590951933	0.5875519604748387	0.5875699676277426	0.7833310373487422	0.7833501140186646	0.7833667467867972	0.7833829610754088	0.7834005122662338	0.7834213786945007	0.9791701632016258	0.9791907772630711	0.9792097542872858	0.9792284901519706	0.9792484051485902	0.9792708437314366
0.0	0.20436974415140605	0.4087327731718331	0.6130901232841411	0.817441546991195	1.0217854823211696	0.058730956953477596	0.2631015132341318	0.467465472437386	0.6718239801552032	0.8761771315940816	1.0805241516699944	0.11745758913423132	0.3218274634413114	0.5261917196120256	0.7305512548899518	0.934906455517121	1.1392572928343372	0.17618031533347941	0.3805488492293876	0.5849129588752763	0.7892733502860659	0.9936305468753216	1.1979849818914876	0.2348997032409707	0.439266812217914	0.6436307882303626	0.8479918813124461	1.0523506025619285	1.2567078883898415	0.29361568346677835	0.4979822863740472	0.7023465735822767	0.9067082953158303	1.1110678998100978	1.315426494361128	0.0	0.0	0.0	0.0	0.0	0.0	0.1957203612198725	0.1957272777606924	0.1957327086256264	0.19573787839174447	0.19574372102303114	0.19575149268718	0.3914430492852164	0.39145570321016265	0.3914660239824535	0.391475842589027	0.39148686299999125	0.39150093414684634	0.587168859187163	0.5871857917574819	0.587200036285649	0.5872137207808547	0.5872288442161917	0.5872475180912214	0.7828977382692394	0.7829174758026556	0.7829346770564883	0.7829514508354629	0.7829696260633827	0.7829912620397803	0.9786287775627438	0.9786501053929576	0.9786697298328068	0.9786891096987603	0.978709728818585	0.9787329919312143
0.0	0.20448454326422139	0.4089621352811534	0.613433847128605	0.817899416236527	1.0223572134847176	0.059488580833338085	0.2639739787270225	0.4684525414860996	0.6729254606765377	0.8773928350721628	1.08185385966565	0.1189726853983149	0.32345738787121564	0.5279362651261209	0.7324102558022465	0.9368797657084273	1.141344768821436	0.17845275100418606	0.3829360729346666	0.5874148037759838	0.7918896870957914	0.9963612739720523	1.2008300201907323	0.23792936649176533	0.44241121700251923	0.6468898135780932	0.8513654285742285	1.055838601271842	1.2603103102875555	0.2974024566678612	0.5018837860454205	0.7063627098457526	0.9108389808460239	1.115313073472835	1.3197861427139974	0.0	0.0	0.0	0.0	0.0	0.0	0.19561035481503763	0.19561750719740434	0.19562312212148206	0.19562847019718682	0.19563452147264782	0.19564258042689978	0.3912231271451043	0.3912362128325421	0.3912468829122841	0.39125703857955707	0.39126845004311755	0.3912830380457363	0.5868391376593027	0.586856648258707	0.5868713738637656	0.5868855260458697	0.586901182985408	0.5869205392570658	0.7824583299743717	0.7824787412700132	0.7824965219488762	0.782513866430878	0.7825326791914379	0.782555102632938	0.9780797612127694	0.9781018167412133	0.9781221010032548	0.9781421376421302	0.9781634758979296	0.9781875825767797
0.0	0.20460107888230838	0.40919496538548766	0.613782765996487	0.8183642023599255	1.0229375761036277	0.06024750511667383	0.2648494824182006	0.4694443812072249	0.6740334402197133	0.8786167618507172	1.0831935103996988	0.12049037911120815	0.3250916475611956	0.52968687888221	0.734277054460344	0.938862600391362	1.143443493565484	0.1807290784230128	0.38532892553903625	0.5899240106567836	0.7945151163476741	0.9991028224385539	1.2036876081584424	0.24096421357468417	0.44556254185918814	0.6501574921487548	0.8547493603187939	1.059338714998747	1.263926578442605	0.3011957032858239	0.5057934951410888	0.7103887892035015	0.914981341492975	1.119571653784317	1.3241609302946324	0.0	0.0	0.0	0.0	0.0	0.0	0.1954988097128459	0.19550620242502348	0.19551200494985896	0.19551753499328864	0.19552379957380536	0.1955321526785825	0.391000130115162	0.39101365580384273	0.391024681876248	0.39103518141932087	0.39104699251822106	0.391062109518482	0.5865048079178051	0.586522907603274	0.5865381234362681	0.5865527526403818	0.5865689546147884	0.5865890091039422	0.782012782801881	0.7820338807606967	0.7820522518128552	0.7820701782489321	0.7820896421264486	0.7821128711092434	0.9775230771420339	0.9775458743014308	0.9775668308006223	0.9775875370218219	0.9776096095159941	0.9776345789599717
0.0	0.20471936469808144	0.4094312908396399	0.6141369208643798	0.8188359598950486	1.0235266381604993	0.06100775217994762	0.2657280603772146	0.47044104132530473	0.6751479821374256	0.8798489888809783	1.084543194382268	0.12201071498984085	0.32673030091768657	0.5314436329356742	0.736151736552714	0.9408550588876792	1.14555358003416	0.18300936462559078	0.3877274877606469	0.592440673878505	0.7971497460399769	1.0018553139325412	1.2065578811590245	0.24400433383013287	0.44872088980163555	0.6534339405949673	0.8581438068408466	1.062851087714209	1.2675568505709989	0.3049955349443436	0.5097115389569336	0.7144249505958495	0.9191355298460508	1.1238438070216585	1.328551037140258	0.0	0.0	0.0	0.0	0.0	0.0	0.19538571829780876	0.19539335582513462	0.1953993494975136	0.19540506518566467	0.19541154777203162	0.19542020196028886	0.3907740430107294	0.39078801693545595	0.3907994056930813	0.3908102559569718	0.3908224753399728	0.3908381335983918	0.5861658472455232	0.5861845470707816	0.5862002622901018	0.5862153778864791	0.5862321365070373	0.58625290517908	0.7815610665301924	0.7815828640507104	0.7816018364301871	0.7816203561074648	0.7816404847730256	0.7816645375301773	0.9769586876416906	0.9769822403630741	0.9770038815191575	0.9770252701670815	0.977048092089233	0.9770739436570552
0.0	0.2048394146872167	0.4096711395656927	0.614496353560244	0.8193147445105889	1.024124469055706	0.06176934467789673	0.26660974923350655	0.4714425724073892	0.6762691509081191	0.8810895945236055	1.0859030038170245	0.12353373830741628	0.32837340718405783	0.5332066004604119	0.7380343891688227	0.9428572422035758	1.1476751431642545	0.18529367748175796	0.39013184143197555	0.594964889197183	0.7997936858480449	1.00461887207193	1.2094409768017949	0.24704981771065918	0.4518863652355404	0.6567192772417285	0.8615489003889151	1.0663758656264366	1.2712012869099114	0.30880206465712257	0.5136380444585611	0.7184713349130133	0.9233017007256734	1.128129701975633	1.332956646086122	0.0	0.0	0.0	0.0	0.0	0.0	0.19527107281184644	0.19527895963503145	0.19528514800597754	0.19529105303414332	0.19529775836665356	0.1953067206433955	0.39054485036260433	0.39055928075116136	0.3905710388920516	0.39058224675049286	0.39059488313137947	0.3906110950259224	0.58582223249892	0.585841543510402	0.5858577672791785	0.5858733786714212	0.5858907056284811	0.5859122045914544	0.7811031503693723	0.781125660343056	0.7811452450064632	0.7811643692458479	0.7811851764553049	0.7812100713743554	0.9763865542924103	0.9764108765001697	0.9764332147340666	0.9764552986853747	0.9764788853098968	0.9765056385173899
0.0	0.20496124311413708	0.4099145400639719	0.6148611067798405	0.8198006130321566	1.0247311396347125	0.06253230555006634	0.2674945861883796	0.47244902588044946	0.6773970121588496	0.8823386585769906	1.0872730326349225	0.12505949490646756	0.33002102645906906	0.5349758557727147	0.7399251008284383	0.9448692530644335	1.1498082999018497	0.18758208571512555	0.3925420695247701	0.5974967537944057	0.8024470471600692	1.0073936224760252	1.2123370349875984	0.2501007568070377	0.45505907398999573	0.6600136221232558	0.8649647752076018	1.0699131972279496	1.274860050270772	0.31261540686045125	0.5175731403192259	0.7225280850384077	0.9274800112320324	1.1324295100047996	1.3373779428250392	0.0	0.0	0.0	0.0	0.0	0.0	0.19515486535197063	0.19516300594539698	0.19516939256924062	0.19517549065045198	0.1951824235084794	0.19519170095026442	0.3903125364124134	0.39032743148249355	0.3903395657083296	0.3903511380625724	0.3903642002191531	0.3903809782440233	0.5854739401011257	0.5854938733339344	0.5855106148174377	0.5855267314407062	0.5855446385021286	0.585566884004812	0.7806390029518728	0.7806622382584734	0.7806824461618554	0.7807021863157458	0.780723685907702	0.7807494415282423	0.9758066379528109	0.9758317435597321	0.9758547912899526	0.9758775834508376	0.9759019501344783	0.9759296246518362
0.0	0.2050848645376545	0.4101615214243259	0.6152312241036333	0.8202936234647903	1.0253467222161716	0.06329665802747926	0.2683826090272591	0.47346045404924253	0.678531632688752	0.8835962623063277	1.0886533765288733	0.1265880312121864	0.33167321971575614	0.5367514743557312	0.7418239615116824	0.9468911959504589	1.151953169243557	0.18987465892305705	0.39495825617556446	0.6000363663083879	0.8051099431137354	1.01017969280775	1.2152461979566247	0.2531572438748731	0.45823912334963446	0.6633170970206601	0.8683915675808237	1.073463233344395	1.2785333060936597	0.31643567744648277	0.5215169569586213	0.7265953458929797	0.9316706207949804	1.1367434050909715	1.341815115968434	0.0	0.0	0.0	0.0	0.0	0.0	0.19503708786790547	0.19504548669792277	0.1950520751313737	0.19505836999584156	0.19506553519741987	0.19507513495185136	0.39007708510785827	0.39009245306398604	0.3901049700782392	0.3901169138558576	0.39013041062895815	0.3901477673933585	0.5851209460348109	0.5851415125086756	0.5851587808717251	0.5851754121909558	0.5851939112005475	0.5852169196305127	0.7801685923230269	0.7801925658259341	0.7802134079216214	0.7802337753716321	0.7802559812654214	0.7802826162766197	0.9752188987475741	0.9752448016498807	0.9752685712889457	0.9752920845924221	0.9753172467718555	0.9753458624208555
0.0	0.20521029381677885	0.41041211333773764	0.6156067500141915	0.8207938350161331	1.025971290620854	0.06406242563955945	0.2692738561323737	0.47447691011476206	0.6796730804932625	0.8848624884736017	1.0900441329894972	0.12811939424625915	0.3333300488209913	0.5385335328847702	0.7437310626900852	0.9489231771334974	1.15410987227909	0.1921714675974	0.3973804867121118	0.6025838268661308	0.8077824886341226	1.012977212817294	1.2181686103378067	0.25621937286221874	0.46142662208793617	0.6666298255009684	0.8718294158765659	1.0770261271850423	1.28222122250354	0.32026299379767686	0.5254696265830064	0.7306732644810445	0.935873691225597	1.1410715638965179	1.346268357109381	0.0	0.0	0.0	0.0	0.0	0.0	0.19491773215964062	0.19492639368286085	0.19493318748408403	0.19493968287864402	0.19494708528004234	0.19495701456524667	0.3898384800978265	0.38985432912828066	0.38986723563437226	0.389879557788074	0.3898934980805242	0.3899114463073935	0.584763225834853	0.5847844365500859	0.5848022409544682	0.5848193964625983	0.584838499338541	0.5848622872201698	0.7796918859312721	0.7797166104728648	0.7797380977063401	0.7797591038610348	0.7797820300546964	0.7798095632927861	0.9746232960552235	0.974650010127617	0.9746745140784969	0.9746987614817031	0.9747247346710944	0.9747543114222731
0.0	0.20533754611667257	0.41066634610822733	0.6159877299140267	0.8213013081201865	1.0266049202012995	0.06482963222108096	0.27016836649560866	0.4754984481930063	0.6808214247888006	0.8861374213681825	1.091445401341627	0.1296536316407703	0.3349915765552565	0.5403221092529635	0.745646497358147	0.9509653047144954	1.1562785322346327	0.19447258314533492	0.3998088476800817	0.6051392371159914	0.8104648004721585	1.0157863143864603	1.2211044191990645	0.2592872389373675	0.4646216805008534	0.6699519329566104	0.8752784605922481	1.0806020343940363	1.2859239703674081	0.32409747482155643	0.5294312832257922	0.7347619899367275	0.9400893867685055	1.1454141658225654	1.3507378608866922	0.0	0.0	0.0	0.0	0.0	0.0	0.1947967898749392	0.19480571853653122	0.19481272126422677	0.19481942095178614	0.19482706544708137	0.19483733155117272	0.3895967047274115	0.3896130430011469	0.3896263457006156	0.3896390532070566	0.3896534459826715	0.3896719985073949	0.5844007545808682	0.5844226205143218	0.5844409701162193	0.5844586593324189	0.5844783780656903	0.584502962058158	0.7792088506181907	0.7792343390151891	0.7792564823219686	0.7792781386146064	0.7793017991828531	0.7793302496285797	0.9740197884956724	0.9740473275863764	0.974072578238946	0.9740975727204636	0.9741243725090329	0.9741549304788192
0.0	0.2054666369147933	0.4109242506651307	0.6163742101439934	0.821816104461816	1.027247687872406	0.06559830191938243	0.27106617973181163	0.47652512333438696	0.6819767360382822	0.887421146838436	1.0928572827820142	0.13119079165261738	0.3366578666331158	0.5421172825978151	0.7475703600659738	0.9530176886622246	1.1584592745176574	0.1967780779110102	0.40224342687073067	0.6077027002614118	0.8131569972444229	1.0186071315745484	1.2240537740992739	0.26236093851770964	0.46782441044169154	0.673283546646348	0.8787388444017193	1.084191113103467	1.2896417233534325	0.327939240986755	0.5334020627896057	0.7388616735720718	0.944317874156043	1.1497713930692408	1.355223825051231	0.0	0.0	0.0	0.0	0.0	0.0	0.19467425250676393	0.19468345273874815	0.19469066795123532	0.19469757571022187	0.19470546723086726	0.19471607751139883	0.38935174203276784	0.38936857769633865	0.3893822832870148	0.3893953831456186	0.38941023742817243	0.3894294071972655	0.5840335068894957	0.5840560389905219	0.5840749429379527	0.5840931754058656	0.5841135220586527	0.584138918953876	0.7787194526082213	0.7787457176470435	0.7787685279495727	0.7787908458358654	0.7788152549280466	0.7788446417040732	0.9734083339173617	0.9734367118431695	0.9734627215706818	0.9734884761278706	0.9735161181774541	0.9735476776252611
0.0	0.20559758200719833	0.4111858585757007	0.616766238002173	0.8223382870019004	1.0278996721428222	0.06636845920177428	0.2719673360924535	0.47755699154365433	0.6831390859773077	0.8887137523241722	1.0942798804180325	0.13273092317831037	0.3383289837242342	0.5439191333284588	0.7495027469527805	0.9550804408530366	1.1606522267629311	0.19908802519768368	0.40468431334924126	0.6102743210954801	0.8158591994739423	1.0214398006653913	1.227016827141545	0.2654405692991759	0.4710349253567362	0.6766247957371136	0.8822107122033236	1.0877935239876697	1.293374657991493	0.3317884143597607	0.5373821030892121	0.7429724689261669	0.9485593226636132	1.1541434306972571	1.3597264505337305	0.0	0.0	0.0	0.0	0.0	0.0	0.194550111390649	0.19455958761019287	0.1945670188644986	0.19457413848831218	0.19458228200270256	0.19459324388610427	0.38910357473585916	0.38912091591034365	0.3891350310845319	0.38914853031631413	0.3891638551885084	0.38918365525827486	0.5836614569065198	0.5836846660929337	0.5837041335232034	0.5837229188091957	0.5837439055133028	0.5837701322338508	0.7782236574981541	0.7782507119302771	0.7782742001348429	0.7782971910907265	0.7783223629287854	0.7783527052970585	0.9727888893841259	0.9728181199254557	0.9728449010810347	0.9728714287273853	0.9728999287699949	0.972932510095271
0.0	0.20573039751503724	0.41145120205808466	0.6171638617633209	0.822867920003231	1.028560953147277	0.06714012886304005	0.27287187647957173	0.47859410980029266	0.684308547641008	0.8900153268899385	1.0957132993074143	0.1342740757689824	0.3400049934747963	0.545727743153503	0.7514437557811717	0.9571536751115796	1.1628575188796737	0.20140249929026438	0.4071315974836497	0.6128542060362667	0.8185715296319501	1.0242844602155436	1.2299937330278445	0.2685262302863302	0.4742533403217184	0.6799758113468739	0.885694211169181	1.0914094303189317	1.2971229537353097	0.33564511864255797	0.541371543895524	0.7470945318155512	0.952813904166503	1.1585304666911527	1.3642459415144539	0.0	0.0	0.0	0.0	0.0	0.0	0.19442435770199676	0.19443411430971172	0.19444176516066397	0.19444910045713024	0.1944575009701636	0.1944688219511661	0.3888521852390535	0.3888700400169827	0.3888845714596534	0.38889847710605135	0.3889142817084765	0.38893472524364	0.5832845782987633	0.5833084754528124	0.5833285154899794	0.583347863181398	0.5833695021366463	0.5833965757336165	0.7777214302463206	0.7777492867836493	0.7777734637773103	0.7777971392967298	0.777823088173157	0.77785440553223	0.9721614111616778	0.9721915080576363	0.9722190729707915	0.9722463867332971	0.9722757605686795	0.9723093843079178
0.0	0.20586509989122295	0.4117203139946579	0.6175671306988484	0.8234050690571213	1.0292316126797958	0.06791333603321113	0.27377984246016535	0.47963653607954515	0.6854851953917	0.8913259612592975	1.0971576464991484	0.1358202996459256	0.3416859625296283	0.5475431951097584	0.753393485972481	0.9592375072527527	1.1650752831001285	0.20372157547858502	0.40958537097468245	0.6154424631632499	0.8212941121809123	1.027141251103914	1.232984649115235	0.2716180218233601	0.47747977207935616	0.6833367265887498	0.8891894907959006	1.0950389980248054	1.3008867930263568	0.33950947921129854	0.5453705269808179	0.7512280203860022	0.9570817931982637	1.1629326920242726	1.3687825054947724	0.0	0.0	0.0	0.0	0.0	0.0	0.1942969824533109	0.19430702383155185	0.19431489783087816	0.1943224526217049	0.19433111517434043	0.19434280281538532	0.388597555619593	0.3886159320618839	0.38863088644887417	0.38864520557058235	0.3886614991006731	0.388682599372982	0.5829028442457924	0.5829274402101333	0.5829480619624888	0.5829679816659289	0.5829902851385502	0.5830182227894087	0.7772127351615311	0.7772414064717775	0.7772662831193126	0.7772906547120222	0.7773173949878042	0.7773497068701205	0.9715258547037784	0.9715568316472352	0.9715851926203987	0.9716133055369466	0.9716435690301419	0.9716782558538485
0.0	0.20600170592729697	0.4119932279457452	0.6179760950973833	0.8239498011107917	1.0299117342278827	0.06868810618546156	0.27469127628090456	0.48068432937394767	0.6866691049472415	0.8926457478500008	1.0986130310754647	0.1373696457163832	0.3433719585547711	0.5493655735916083	0.7553520386429484	0.9613320551246923	1.1673056540293598	0.20604533008110457	0.41204572688621777	0.618039202254558	0.8240270736185649	1.0300103165826022	1.2359897354735154	0.27471604562568186	0.4807143390777046	0.6867076766161382	0.8926967029564916	1.0986823957468157	1.3046663613593643	0.34338162315583676	0.5493791961650089	0.7553730951655787	0.9613631670105394	1.1673503007253925	1.3733363533705805	0.0	0.0	0.0	0.0	0.0	0.0	0.1941679764913563	0.1941783070025237	0.19418640769795495	0.19419418581819106	0.19420311548700334	0.19421517741763916	0.388339667623915	0.38835857375680954	0.38837395775303457	0.38838869742884596	0.38840548913983036	0.3884272595266358	0.5825162274313977	0.5825415330050816	0.5825627455626441	0.5825832469022275	0.582606227223252	0.582635046229637	0.7766975358917149	0.7767270345937872	0.7767526217346652	0.7767777009240439	0.7768052470266072	0.7768385730957432	0.9708821746380334	0.9709140452707077	0.9709432145757956	0.9709721396925787	0.9710033087714799	0.9710390794811012
0.0	0.2061402327604912	0.41226997816373484	0.6183908062859217	0.8245021844955366	1.0306014030076824	0.06946446514425672	0.2756062208832908	0.48173754971550936	0.6878603534102307	0.8939747808101998	1.1000795641950547	0.13892216558983847	0.3450630502607463	0.5511949643812718	0.7573195166409852	0.9634374386530401	1.1695487686965265	0.2083738404693109	0.4145127596766436	0.620644534825307	0.826770542523242	1.032891802329225	1.239009154944543	0.2778204048124589	0.48395716150961665	0.6900887986691417	0.896216001953778	1.102339794900866	1.308461847349715	0.34726167932032426	0.5533976973631823	0.759529919119117	0.9656582056345476	1.1717834899471888	1.3779076995077542	0.0	0.0	0.0	0.0	0.0	0.0	0.19403733049424554	0.19404795447909126	0.19405628541347142	0.19406429071096845	0.19407349260769796	0.19408593652396236	0.3880785026618264	0.3880979464738384	0.3881137667315134	0.3881289340571669	0.38814623325700925	0.3881686872398167	0.5821247000348558	0.5821507259693252	0.5821725384013516	0.5821936310170157	0.5822173005806522	0.5822470183661421	0.7761757954122659	0.7762061340716726	0.7762324425170433	0.7762582408379255	0.7762866072590783	0.776320967306944	0.9702303247513228	0.9702631026588863	0.9702930925338857	0.9703228429028358	0.9703549335557484	0.9703918090805583
0.0	0.20628069788099804	0.41255059960760815	0.6188113166516	0.8250622889557202	1.0313007060001744	0.07024243909375597	0.276524719919279	0.4827962581985624	0.6890590192980809	0.8953131560557399	1.101557359137578	0.14047791159481376	0.34675930742654093	0.5530314546799898	0.75929602458557	0.9655537798865496	1.171804766607701	0.2107071850929142	0.41698656523121447	0.623258574167143	0.8295246496006173	1.0357858565008586	1.2420430732033807	0.2809312039401466	0.48720836135343754	0.6934802321224401	0.8997475445754627	1.1060113697395009	1.3122734428029017	0.3511497783450964	0.5574261786346246	0.7636986577044347	0.9699670919444731	1.1762324600368328	1.3824967618199366	0.0	0.0	0.0	0.0	0.0	0.0	0.19390503496844605	0.19391595674438367	0.19392452145478564	0.19393275778966237	0.19394223706076236	0.19395507072454982	0.38781404180052037	0.38783403123939003	0.3878502943962644	0.38786589648329917	0.38788371253363685	0.3879068636966301	0.5817282337219521	0.5817549907170498	0.5817774120695649	0.5817991056153631	0.581823476877375	0.58185411098522	0.7756474760140719	0.7756786671383402	0.7757057076680481	0.7757322366645742	0.7757614379584439	0.7757968519024444	0.9695702579748338	0.96960395668203	0.9696347793276138	0.9696653680038585	0.969698396277063	0.9697363976710084
0.0	0.20642311913945718	0.41283512795790267	0.6192376796641176	0.8256301856786387	1.0320097319884494	0.07102205458628887	0.2774468177671907	0.48386051700312016	0.6902651825738209	0.8966609713083962	1.1030465313493283	0.14203693679582602	0.3484608009239659	0.5548751331398043	0.7612816689054541	0.967681203043719	1.17407378979993	0.21304544350528348	0.4194672408948688	0.6258814353884634	0.8322895277313408	1.038692629789096	1.2450916588207743	0.2840485490364466	0.4904680624143267	0.6968821185340058	0.9032914901502532	1.1096972974154489	1.316101342785484	0.3550460527091417	0.5614647902326545	0.7678794789295519	0.9742900117220991	1.1806974146080376	1.3871037618479976	0.0	0.0	0.0	0.0	0.0	0.0	0.1937710802457035	0.19378230410512354	0.19379110612197142	0.19379957736608122	0.1938093391922606	0.19382257043067594	0.3875462657584228	0.3875668087280822	0.38758352140568564	0.3875995653803018	0.387617907695376	0.38764176972391456	0.5813267996357504	0.5813542983357431	0.5813773376290864	0.5813996417715002	0.5814247272475745	0.5814562953383923	0.7751125392912035	0.775144595325316	0.7751723786849393	0.7751996499084216	0.77522970068939	0.7752661885695448	0.9689019263686691	0.9689365593344529	0.9689682269106222	0.9689996669499654	0.9690336489452809	0.9690727973837875
0.0	0.20656751475462032	0.41312359963202977	0.6196699498986895	0.826205947325088	1.0327285715958658	0.07180333855115573	0.2783725595481292	0.4849303894189141	0.6914789246777497	0.8980183261351397	1.1045471984901036	0.1435992950109869	0.350167602742837	0.5567260898963364	0.7632765578795431	0.9698198345607758	1.1763559828968235	0.215388696389838	0.42195488550617916	0.6285132354559482	0.8350653120201627	1.0416122754767672	1.2481550833274695	0.28717254763546235	0.49373639036695854	0.7002946016953774	0.9068480006057233	1.1133977580470762	1.31994574569813	0.3589506367740155	0.5655136846560774	0.7720725534117149	0.9786271537234176	1.1851785606152616	1.3917289248418219	0.0	0.0	0.0	0.0	0.0	0.0	0.19363545647992225	0.19364698668851354	0.19365602953471164	0.19366473957111283	0.19367478916687536	0.19368842587157292	0.3872751548989539	0.3872962592565034	0.38731342805840535	0.38732992106033276	0.3873487991059132	0.3873733857850026	0.580920368387233	0.5809486193768512	0.580972285603244	0.5809952100195083	0.5810210222836203	0.5810535421330557	0.7745709461284317	0.7746038794502828	0.7746324163481972	0.7746604413550069	0.7746913562956437	0.7747289382716667	0.9682252811062405	0.9682608617189384	0.9682933863416977	0.9683256907981247	0.9683606426704768	0.9684009594472153
0.0	0.20671390332131803	0.4134160518001961	0.6201081830599054	0.8267896480611376	1.0334573173257136	0.07258631830368784	0.2793019911429568	0.4860059398702949	0.6927003285602583	0.8993853219888703	1.1060594804818462	0.14516504083011703	0.35187978601697184	0.5585844166026834	0.7652808016786976	0.9719698031413826	1.1786514931661651	0.2177370255871869	0.4244495994323528	0.631154093237444	0.8378521398467116	1.0445449494966152	1.251233521280784	0.2903033088138312	0.4970134727995018	0.7037178276835125	0.910417240528055	1.1171129347860236	1.3238068533511442	0.3628636668289398	0.5695730167021266	0.7762780544382077	0.9829787097473299	1.1896761084303051	1.3963724798447952	0.0	0.0	0.0	0.0	0.0	0.0	0.1934981536438906	0.19350999443896805	0.19351928162903714	0.19352823435146674	0.19353857696464635	0.19355262709115437	0.38700068922397846	0.38702236277667607	0.38703999428675934	0.38705694346813324	0.3870763667604374	0.3871016919731719	0.5805089100454744	0.58053792384597	0.580562225967104	0.5805857803435455	0.5806123320263172	0.580645821522666	0.7740226566881232	0.7740564796039974	0.7740857807084686	0.7741145710579412	0.7741463648869349	0.7741850612352736	0.9675402724578842	0.9675768140303799	0.9676102077684425	0.9676433896916524	0.9676793276466448	0.9677208341702561
0.0	0.20686230381856388	0.41371252240159906	0.6205524360059975	0.8273813635904504	1.0341960636015575	0.07337102155441869	0.280235159209521	0.48708723394151926	0.6939294787151716	0.9007620622498088	1.1075834995580744	0.14673422963309052	0.3535974250505563	0.5604502064638207	0.7672945124081781	0.9741312398071219	1.1809604705784384	0.22009051412269054	0.4269514846047923	0.6338041295455452	0.8406501509171079	1.047490810490944	1.2543271503322893	0.29344094322754927	0.5002994392584301	0.7071519449136113	0.9139993772228894	1.1208430138860888	1.3276848710413756	0.36678528113687936	0.5736429435205203	0.7804961580284192	0.987344874705742	1.1941902719204385	1.4010346597799554	0.0	0.0	0.0	0.0	0.0	0.0	0.19335916152600965	0.1933713171148496	0.1933808521540708	0.19339005146642138	0.19340069237771365	0.19341516394474423	0.3867228483672632	0.3867450988695282	0.3867631996502772	0.3867806121745224	0.3868005902791286	0.38682666800510723	0.5800923941278247	0.5801221811930495	0.5801471281376965	0.5801713221680859	0.5801986259551412	0.5802331030969374	0.7734676303971482	0.7735023551372223	0.7735324310735259	0.773561998325889	0.7735946858259778	0.7736345169368124	0.9668468497744915	0.9668843655394369	0.9669186404109664	0.9669527128439313	0.9669896531354213	0.967032370926204
0.0	0.20701273561797906	0.4140130501612626	0.6210027667740682	0.8279811711878801	1.0349449068091765	0.07415747641863821	0.28117211120058383	0.48817433840305996	0.6951664612144349	0.9021486522685487	1.1091193803152952	0.1483069176089418	0.3553205953455918	0.5623235542724065	0.76931780415181	0.9763042779500218	1.183283067867712	0.22244924623507664	0.4294606445560307	0.6364634671828702	0.8434594873175908	1.0504500198735982	1.2574361512981436	0.29658556315003765	0.5035944212948937	0.7105971041938195	0.9175945807783774	1.1245881847746282	1.3315800076319657	0.3707156199820672	0.5777236246692871	0.784727042997997	0.9917258466960653	1.198721268529256	1.4057157015391928	0.0	0.0	0.0	0.0	0.0	0.0	0.19321846972685983	0.19323094428504348	0.1932407306686097	0.19325018048440956	0.1932611250068992	0.19327602609564357	0.3864416115876086	0.3864644467380405	0.3864830233288448	0.38650090636956785	0.3865214489003229	0.38654829321403766	0.5796707895896043	0.5797013603021098	0.5797269609637549	0.5797518043476738	0.5797798729779874	0.5798153558715556	0.7729058259331362	0.7729414646470083	0.7729723259945808	0.7730026817089021	0.773036277714803	0.7730772640890051	0.9661449614703256	0.9661834645753812	0.9662186325447661	0.9662536085213191	0.9662915674489996	0.9663355181355566
0.0	0.20716521849242917	0.4143176746072961	0.6214592346059522	0.8285891497339124	1.035703945339557	0.07494571142614195	0.2821128953821585	0.489267321238535	0.6964113637436296	0.9035451994101502	1.1106672497656676	0.14988316177537014	0.35704937362995454	0.5642045564454097	0.7713507930171835	0.9784890533863269	1.18561944059398	0.22481330740569566	0.43197718445751887	0.6391322309884018	0.8462802935694219	1.0534227418934339	1.2605607082311236	0.29973728251116627	0.5068985525122616	0.7140534587813159	0.9212030241298262	1.1283486401257672	1.335492475634114	0.37465482571874426	0.5818152221720191	0.788970891024644	0.9961218270755744	1.2032693193595994	1.410415846074725	0.0	0.0	0.0	0.0	0.0	0.0	0.1930760676557102	0.19308886532547612	0.19309890653765202	0.19310861077954916	0.1931198642582337	0.19313520301164258	0.38615695776186615	0.3861803852002811	0.3861994441157557	0.386217804855646	0.3862389214735675	0.38626654654276443	0.5792440648136274	0.5792754294807885	0.5793016927152876	0.5793271951565113	0.5793560414207548	0.5793925482777257	0.7723372012105038	0.7723737659627499	0.7724054232523713	0.7724365789845307	0.7724710983808694	0.7725132606269218	0.9654345550055511	0.965474058508657	0.9655101314833252	0.9655460240257786	0.9655850179327656	0.9656302232486134
0.0	0.2073197726248988	0.41462643608862865	0.62192189997479	0.8292053797500554	1.0364732796330673	0.07573575553116198	0.28305756085226674	0.49036625167229486	0.6976642756383837	0.9049518130993655	1.1122272373910318	0.15146301999859513	0.35878383788604323	0.5660933110615638	0.7733935971819187	0.98068570441157	1.1879697472070407	0.2271827843883184	0.43450121115819373	0.6418105478848468	0.8491127166850464	1.0564091436992795	1.2637010084943872	0.30289621693699226	0.5102119686146167	0.7175211644395907	0.9248248831257758	1.1321245759352763	1.3394224912907482	0.37860304282088636	0.5859179005763507	0.7932278867153781	1.0005330205374654	1.2078346492584184	1.4151353384927527	0.0	0.0	0.0	0.0	0.0	0.0	0.1929319445269523	0.1929450694155588	0.19295536892884935	0.19296533152809897	0.19297689933940856	0.192992683961458	0.38586886537780385	0.38589289268228966	0.3859124404106122	0.38593128604035254	0.3859529864525257	0.38598140653653906	0.5788121875994964	0.5788443564496609	0.5788712910729248	0.5788974622778199	0.5789270990167044	0.5789646481514954	0.7717617133661758	0.7717992161319382	0.7718316798429484	0.7718636471436334	0.7718991048628749	0.7719424636937519	0.9647155768683824	0.9647560937330634	0.9647930835603346	0.9648299056771296	0.9648699509475582	0.9649164327276971
0.0	0.2074764186176903	0.4149393757933904	0.6223908246125711	0.8298299434355207	1.0372530122252492	0.07652763812278172	0.28400615756050335	0.49147120019814056	0.698925287922237	0.906368604867639	1.1137994751990397	0.15304655101420073	0.3605240673807396	0.5679899179004579	0.7754463369418886	0.9828943718579263	1.190334149112979	0.22955776524039473	0.4370328332248311	0.6444985469281039	0.8519569062266837	1.0594093954076533	1.26685724283831	0.3060624837914	0.5135348074574765	0.7210003794982729	0.9284603365969465	1.1359161915986422	1.3433702746637113	0.3825604179341427	0.5900318270149728	0.7974982176766514	1.0049596351900973	1.2124174869051403	1.4198744281509423	0.0	0.0	0.0	0.0	0.0	0.0	0.19278608935638356	0.19279954553448142	0.19281010680880925	0.1928203317047651	0.19283221925607838	0.19284845801102013	0.3855773125266706	0.38560194721066177	0.38562199021192756	0.3856413279291138	0.3856636218875832	0.38569285133564163	0.5783751251524444	0.5784081083311109	0.5784357231168147	0.5784625727927546	0.5784930128953685	0.5785316227226285	0.7711793187447055	0.7712177714053139	0.771251051962863	0.7712838423755888	0.7713202533959684	0.7713648296259755	0.9639879725564792	0.9640295156471852	0.9640674341111642	0.9641051987945526	0.9641463118511795	0.9641940920286262
0.0	0.20763517750183239	0.4152565357677139	0.6228660715383066	0.8304629247047414	1.0380432477936483	0.07732138903541336	0.28495873632787433	0.49258223860852485	0.7001944933451973	0.9077956884010101	1.1153840977803902	0.15463381444807808	0.36227014269567864	0.5698944784821469	0.7775091347601712	0.9851151991525045	1.1927128107417946	0.23193833935444372	0.4395721609827412	0.6471963593572838	0.8548130143656829	1.0624236701714522	1.2700296054785072	0.3092362022179579	0.5168672090989412	0.7244912649135958	0.9321095664260367	1.1397236899902001	1.3473360497222167	0.38652709992819	0.5941571712672727	0.8017820745853066	1.0094018826372841	1.217018064901298	1.4246333687573776	0.0	0.0	0.0	0.0	0.0	0.0	0.19263849095745134	0.19265228245746827	0.1926631089393607	0.19267360007897025	0.19268581280812638	0.19270251401972388	0.3852822768956817	0.3853075264050558	0.3853280711096521	0.3853479081177231	0.38537080541837926	0.3854008586678851	0.5779328440720597	0.5779666516380843	0.5779949553154062	0.5780224931692036	0.5780537495713488	0.5780934386033676	0.7705899728832348	0.7706293872218625	0.7706634949941986	0.7706971200533543	0.7707344993968113	0.7707803139383881	0.9632516865581422	0.9632942686356276	0.9633331274541416	0.9633718476779014	0.9634140449797173	0.9634631455820001
0.0	0.2077960707468025	0.41557795893516036	0.623347705087138	0.8311044092261384	1.0388440932062064	0.07811703855964124	0.28591534886731496	0.49369944002474675	0.7014719864236036	0.9092331795896311	1.1169812423679957	0.15622487083813194	0.36402214575859626	0.571807096108153	0.7795821153177072	0.9873483323776545	1.1951058996173578	0.2343245974906577	0.44211930655799203	0.6499041186465723	0.8576811959440315	1.0654521442511071	1.2732182941766303	0.3124174931833929	0.5202093158527741	0.7279939843311092	0.9357727576200794	1.1435472775451345	1.3513200444344882	0.3905032399510845	0.5982941058232879	0.806079651262161	1.0138599780615245	1.2216366198634105	1.4294124184730777	0.0	0.0	0.0	0.0	0.0	0.0	0.1924891379373677	0.192503268751905	0.1925143638736905	0.19252512521099438	0.1925376685858011	0.19255484063655015	0.3849837357602441	0.38500960747044183	0.3850306602774417	0.38505100378461954	0.38507451426608097	0.3851054058408621	0.5774853103406192	0.5775199522624549	0.5775489535138438	0.5775771892502013	0.577609274932726	0.5776500617768086	0.7699936304959348	0.7700340181932932	0.7700689634890875	0.7701034347180092	0.7701417974481221	0.7701888713086055	0.9625066623328596	0.9625502960496035	0.9625901068711824	0.9626297955883693	0.9626730936282212	0.9627235367738383
0.0	0.20795912027056032	0.41590368911676917	0.6238357909403784	0.8317544844621286	1.0396556575712022	0.07891461745346653	0.28687604780492026	0.49482287892816856	0.7027578634813205	0.9106811965789292	1.1185910488980972	0.15781978165675986	0.3657801598757613	0.5737278759038611	0.7816654055656596	0.9895939203332899	1.1975135864296897	0.23671663181058095	0.4446743839210184	0.6526219605587881	0.8605616085378719	1.0684949970880573	1.276423510323793	0.3156064795224752	0.5235612723432023	0.7315087041504224	0.939450098385141	1.1473871643441362	1.355322490862362	0.39448899148526795	0.6024428059496232	0.8103911447478656	1.018334140309821	1.2262733925187637	1.4342118400177235	0.0	0.0	0.0	0.0	0.0	0.0	0.1923380186931027	0.19235249277334499	0.1923638599523601	0.19237489544799571	0.19238777496573348	0.19240542629606797	0.38468166597594	0.38470816718910966	0.38472973446468595	0.38475059168292697	0.38477472522541717	0.38480646973395194	0.5770324893110583	0.577067975463028	0.5770976829220018	0.5771266262419816	0.5771595542291112	0.5772014575849171	0.7693902454579608	0.7694316180880335	0.7694674111537455	0.7695027400628175	0.7695421012827429	0.7695904555610921	0.961752842291246	0.9617975401869152	0.9618383145878202	0.9618789847285546	0.9619234000307789	0.9619752079256201
0.0	0.20812434844984734	0.41623377105163734	0.6243303961563504	0.832413239710192	1.0404780522885142	0.07971415695371196	0.2878408867016022	0.4959526311921261	0.7040522226918915	0.9121398598219891	1.120213660072868	0.15941860933368268	0.3675442697650253	0.5756569248618002	0.7837591347789262	0.9918521146006242	1.1999360451089218	0.2391145359113597	0.44723750893106956	0.6553500232000476	0.8634544125223883	1.0715524113798576	1.279645459025896	0.3188032859836871	0.5269232255607696	0.7350355935912661	0.9431417802026055	1.1512435641999084	1.3593436252580042	0.3984845104047119	0.6066034497567739	0.8147167553804368	1.0228245919814372	1.230928627803395	1.4390319007778545	0.0	0.0	0.0	0.0	0.0	0.0	0.19218512140730468	0.19219994266144366	0.1922115852992502	0.19222289891995967	0.192236120106882	0.1922542592143645	0.3843760439703621	0.3844031819125302	0.3844252699883913	0.3844466481323487	0.384471414656569	0.3845040267901838	0.5765743456947191	0.5766106858533244	0.5766411081023004	0.5766707687018138	0.5767045520594802	0.5767475907163284	0.7687797707891103	0.7688221398149305	0.7688587908322144	0.7688949889169988	0.7689353637674146	0.7689850196508987	0.9609901677746107	0.9610359422715699	0.961077691752869	0.9611193562221622	0.9611649053402289	0.961218100273962
0.0	0.20829177813083286	0.4165682504181915	0.6248315892022587	0.8330807661453188	1.0413113911026064	0.08051568878787427	0.28880992007554135	0.4970887741149784	0.7053551641221765	0.9136092921337656	1.1218492214251867	0.16102141727964123	0.3693145615900855	0.5775943518864819	0.7858634346115538	0.9941230696081559	1.202373452901845	0.24151840486132434	0.44980879938233537	0.6580884470764524	0.8663597711390636	1.0746245731580037	1.2828843491920119	0.32200803927665145	0.5302953249202952	0.7385748247620068	0.9468479979082557	1.155116694746815	1.3633836881641157	0.4024899550341279	0.6107762182688617	0.8190566868755481	1.0273315595187618	1.2356025749635313	1.4438728729188612	0.0	0.0	0.0	0.0	0.0	0.0	0.19203043404407916	0.19204560633575216	0.1920575278173654	0.19206912353550815	0.1920826919463382	0.19210132738483549	0.38406684573466715	0.38409462755293683	0.3841172427247847	0.38413914901078233	0.3841645584767804	0.3841980530078201	0.5761108435486744	0.5761480473889427	0.576179192957101	0.5762095805254183	0.5762442323595875	0.576288425193726	0.7681621586369183	0.7682055354063896	0.7682430544895436	0.7682801332289408	0.7683215368859926	0.768372515646841	0.9602185790338206	0.9602654424326896	0.9603081784173844	0.9603508500930029	0.9603975496071739	0.9604521539495952
0.0	0.20846143264006659	0.41690717385607245	0.6253394399869817	0.8337571568636792	1.0421557901570397	0.08131924518618498	0.28978320342515446	0.49823138645398013	0.7066667897771182	0.9150896187467292	1.123497881385151	0.16262826991054133	0.37109112299550395	0.5795402678403027	0.7879784391535227	0.996406942699329	1.2048259904504428	0.24392833523616556	0.45238837505097423	0.6608373751519871	0.8692778505644528	1.077711671867578	1.2861403936248978	0.3252208681203742	0.5336777223199534	0.7421265727295895	0.9505689497730925	1.159006777532575	1.3674429245164879	0.4065054862093038	0.6149612954948042	0.8234111464085633	1.031855273300222	1.2402954876593817	1.4487350334996434	0.0	0.0	0.0	0.0	0.0	0.0	0.19187394434466984	0.1918894714914142	0.1919016751845426	0.1919135569776125	0.19192747819503572	0.1919466185738792	0.3837540468149318	0.38378247957471123	0.38380562810072233	0.3838280697457413	0.3838541321517757	0.38388852393174727	0.5756419462627562	0.5756800233546274	0.5757119007158095	0.5757430249340912	0.575778558389091	0.575823924360933	0.7675373602593544	0.7675817560011202	0.7676201531945807	0.7676581240490211	0.7677005717222751	0.7677528947142904	0.9594380152076682	0.9594859796829318	0.959529713513136	0.9595734052435074	0.9596212717585078	0.9596773079558581
0.0	0.20863333579577298	0.4172505889887013	0.625854019894885	0.8344425069276543	1.043011368050682	0.0821248588941949	0.2907607932529266	0.4993805484603592	0.7079872036460525	0.9165809673683956	1.1251597913488118	0.16423923267261753	0.3728740431430859	0.5814947855911466	0.790104284989571	0.9987038942025721	1.2072938418731396	0.24634442515670504	0.45497635774407696	0.6635969529086934	0.8722088199815721	1.080813900449851	1.2894138091148026	0.3284419032935796	0.5370705722027883	0.7456910155922563	0.9543048375872675	1.1629140381134084	1.37152158375035	0.4105312673399623	0.6191588685023474	0.8277803446997732	1.0363959677367414	1.2450076240728183	1.4536186645914906	0.0	0.0	0.0	0.0	0.0	0.0	0.1917156398230174	0.19173152559474124	0.19174401484903753	0.19175618669918504	0.19177046633333797	0.1917901203164689	0.3834376223032645	0.3834667129855254	0.3834904010848559	0.3835133853055333	0.38354011068693405	0.3835754146446231	0.575167616546217	0.5752065763509729	0.5752391939216149	0.5752710644614655	0.5753074927183112	0.5753540508696368	0.7669053260070325	0.7669507518263947	0.7669900371022761	0.7670289115119436	0.7670724184423449	0.7671261070974797	0.958648414300628	0.9586974918962977	0.9587422348304698	0.9587869594326306	0.9588360095753345	0.9588935001465818
0.0	0.2088075119195118	0.41759854444657823	0.6263754018207303	0.8351369134123259	1.04387824589574	0.08293256318551345	0.29174274708976616	0.5005363419152834	0.7093165117502747	0.918083468240474	1.1268351057488917	0.16585437206792528	0.3746634127489557	0.5834580200610516	0.792241111259449	1.0010140875031333	1.2097771948482106	0.24876677432714922	0.45757287134948155	0.6663673284080616	0.8751528516528734	1.0839314554268344	1.2927048165355906	0.33167127768574645	0.5404740316192972	0.7492683345537009	0.9580558667458215	1.166838706151357	1.3756199199092563	0.41456746447357296	0.623369127493421	0.832164496101324	1.040953881370257	1.249739247017481	1.4585240533997557	0.0	0.0	0.0	0.0	0.0	0.0	0.19155550776117888	0.19157175587864958	0.19158453402497433	0.19159699991853352	0.1916116436064889	0.19163181991158856	0.3831175468286377	0.3831473023272074	0.38317153617852306	0.38319507019016413	0.3832224686181898	0.3832586997577507	0.5746878164139704	0.5747276682807089	0.5747610344178137	0.5747936609398568	0.574830997214579	0.5748787666657036	0.7662660053048603	0.7663124721797501	0.7663526554354335	0.7663924448185231	0.7664370262763605	0.7664921021012586	0.9578497131599126	0.9578999157852467	0.9579456789954791	0.9579914492530659	0.9580416996701996	0.9581006672032869
0.0	0.2089839858481622	0.4179510898912263	0.6269036602055527	0.8358404754532553	1.0447565473773999	0.08374239187511007	0.2927291235202452	0.5016988501670351	0.7106548221921334	0.9195972541998672	1.1285239821276725	0.1674737556809563	0.37645932412207805	0.5854300882766441	0.7943890597202636	1.0033376891173258	1.2122762406999221	0.25119548407498926	0.46017804188755734	0.6691486523547158	0.878110120995833	1.0870645369887708	1.2960136409441212	0.33490912635027636	0.5438882602924685	0.7528587140000017	0.9618222463375224	1.1707810155150227	1.3797381917577127	0.4186142463617679	0.6275922658824197	0.8365638186873946	1.0455292569758092	1.254490624052778	1.4634514923897453	0.0	0.0	0.0	0.0	0.0	0.0	0.19139353520465663	0.19141014933800746	0.19142321968770504	0.1914359836147258	0.19145099701997417	0.1914717044175789	0.3827937945475384	0.3828242216664255	0.382849007406458	0.3828730984220615	0.382901180002753	0.3829383534017721	0.5742025071725612	0.5742432603347155	0.5742773833338622	0.574310775486342	0.5743490330283134	0.5743980329752228	0.7656193466333245	0.765666865410328	0.7657079564660988	0.7657486722171086	0.7657943434999878	0.7658508280724894	0.9570418474520751	0.9570931868773559	0.9571399814467217	0.957186810108008	0.9572382774638686	0.9572987446119308
0.0	0.20916278294633306	0.4183082760399877	0.6274388710738141	0.8365532942959626	1.0456463988155884	0.08455437933287942	0.29371998220853046	0.5028681581693021	0.7120022452056682	0.9211224607416354	1.1302265812122736	0.16909745220578878	0.37826187120374233	0.5874111094209626	0.796548274810638	1.0056748687690138	1.214791174487338	0.25363065739175883	0.4627919975642744	0.6719410781618096	0.8810808066606783	1.0902133490841839	1.2993405116826184	0.3381555865588423	0.5473134206844279	0.756462341578589	0.9656041892361639	1.1747412043831973	1.3838766628971195	0.42267178452826365	0.6318284803764175	0.8409785343467346	1.050122341666418	1.2592620276011006	1.4684012794162493	0.0	0.0	0.0	0.0	0.0	0.0	0.19122970895754862	0.19124669272480485	0.1912600585689923	0.19127312452277806	0.19128851333470528	0.19130976064730634	0.38246633913426153	0.3824974445850178	0.3825227883071472	0.3825474435364456	0.38257621840947686	0.38261434921700954	0.5737116494055968	0.5737533129775052	0.5737882010708992	0.5738223684883043	0.5738615605785691	0.5739118102900215	0.7649652975090611	0.7650138788995019	0.7650558874962395	0.7650975409842994	0.7651443174151235	0.7652022323807359	0.9562247516387157	0.9562772394910892	0.9563250764110499	0.9563729761870293	0.9564256771612225	0.9564876666387702
0.0	0.20934392911912966	0.41867015469153046	0.6279811120716219	0.8372754733468227	1.0465479292285063	0.0853685604976828	0.29471538392514707	0.5040443525206572	0.7133588932087883	0.9226592260838586	1.1319430669921793	0.17072553147415295	0.38007114960831784	0.589401204886909	0.7987189037168513	1.008025799468434	1.2173221950958126	0.25607239897512574	0.4654148688259631	0.6747447620184682	0.884065090610515	1.0933780995126876	1.3026856624841467	0.34141079785750794	0.550749678065211	0.7600794082796953	0.9694019121947034	1.1787195153516823	1.388035601885258	0.4267402533390064	0.6360779710579628	0.8454088688781395	1.0547333870012545	1.2640537350686862	1.4733737178570745	0.0	0.0	0.0	0.0	0.0	0.0	0.19106401557759414	0.1910813725432191	0.19109503715208842	0.19110840912873908	0.19112417906210044	0.19114597516322882	0.3821351537709928	0.38216694417011254	0.38219285192297764	0.3822180785714908	0.3822475569090165	0.38228666034359776	0.5732152029588645	0.5732577859323893	0.5732934472869532	0.5733283995886664	0.5733685395382702	0.5734200583528656	0.7643038044650042	0.7643534590410858	0.7643963948380059	0.7644389974052418	0.7644868943302012	0.7645462613985351	0.9553983589516629	0.9554520067110427	0.9555008968789166	0.9555498804414339	0.9556038317266299	0.9556673663057023
0.0	0.20952745082531565	0.41903677875214573	0.6285304625061306	0.8380071182255392	1.047461270398126	0.08618497089171201	0.29571539057446133	0.505227521505151	0.7147248808569603	0.9242076912343986	1.1336736067990585	0.17235806448421104	0.3818872566651212	0.5914004983322056	0.8009010964408829	1.010390657593312	1.2198695053311748	0.25852081527207965	0.4680467884155669	0.67755986295912	0.8870631582037394	1.0965590000204715	1.3060493315811634	0.3446749021243316	0.5541972005834186	0.763710108520084	0.9732156359420748	1.1827161955431817	1.3922152823592455	0.43081983007416663	0.6403409414701198	0.8498550520885682	1.0593626490968506	1.2688660289699194	1.478369116750408	0.0	0.0	0.0	0.0	0.0	0.0	0.1908964413710861	0.19091417504454852	0.19092814166668265	0.19094182366464352	0.19095798045903414	0.1909803342723301	0.38180021113762463	0.3818326930039835	0.3818591707901208	0.3818849760582256	0.38191516806372655	0.38195525941135533	0.5727131269250464	0.5727566381662471	0.5727930808817546	0.5728288276707302	0.5728699288190527	0.5729227361422703	0.76363481303	0.7636855512210101	0.763729423793462	0.7637729867533997	0.7638220195399729	0.7638828604811445	0.954562601367485	0.9546174203625225	0.9546673745790182	0.9547174545589502	0.9547726728586613	0.9548377753649485
0.0	0.20971337509092364	0.41940820226294073	0.6290870033862865	0.8387483368194036	1.0483865569379234	0.08700364663542062	0.29672006522317923	0.5064177551343696	0.7161003250988048	0.925768000060017	1.1354183713893862	0.17399512343040424	0.3837102914617983	0.593409115736317	0.8030950058708634	1.012769622972835	1.2224333120172117	0.2609760145236986	0.47068789143092177	0.6803865429353019	0.890075198279372	1.0997562663991558	1.309431761817881	0.34794804362902704	0.5576561593393751	0.7673546402297303	0.9770455852833991	1.1867314967210372	1.3964159831627783	0.43491069500267193	0.644617598704495	0.8543173178946959	1.0640103887421914	1.2736991970559588	1.4833877909369573	0.0	0.0	0.0	0.0	0.0	0.0	0.19072697238761177	0.1907450862219749	0.19075935808367803	0.19077335410329435	0.19078990352261635	0.1908128240208844	0.38146148340122854	0.3814946631535627	0.38152171692807507	0.3815481080100901	0.38157902391721643	0.3816201185293145	0.5722053796279196	0.5722498278737806	0.5722870599810348	0.5723236108425012	0.5723656865555921	0.5724198018567958	0.7629582677077329	0.7630100997963125	0.763054918633633	0.7630994532696408	0.7631496373046044	0.7632119739456057	0.9537174095811422	0.9537734109852668	0.9538244399520824	0.9538756289375702	0.9539321309639488	0.9539988242728852
0.0	0.20990172952328834	0.4197844804278756	0.6296508174648365	0.8394992393392415	1.0493239263627092	0.08782462446278648	0.2977294721295996	0.5076151451906669	0.7174853452332928	0.9273402993575126	1.1371775350295024	0.17563678173400793	0.3855403548888389	0.5954271854589245	0.805300787853504	1.015162878974022	1.2250138260959718	0.2634381068110041	0.4733383153845484	0.6832249668894014	0.893101403244749	1.1029701185874252	1.3128332007658337	0.3512303690941135	0.561126728460202	0.7710132049408392	0.9808919892029567	1.1907656754061497	1.4006379884769815	0.4390130314586453	0.6489081534915948	0.8587959044272201	1.0686768715169856	1.2785535324469686	1.4884300612061123	0.0	0.0	0.0	0.0	0.0	0.0	0.19055559441465372	0.1905740918051875	0.19058867210982994	0.1906029861529076	0.19061993398483343	0.1906434301890818	0.38111894220524684	0.3811528261596753	0.381180461828931	0.3812074459122176	0.3812390959836297	0.3812812092749745	0.5716919186061354	0.5717373124613512	0.5717753419204076	0.5718127064205993	0.571855770089517	0.5719112128989301	0.7622741119550899	0.7623270480735698	0.7623728225769957	0.7624183401407684	0.76246969082822	0.7625335450492554	0.9528627129789369	0.9529199078064687	0.9529720221239597	0.9530243326586927	0.9530821351303528	0.9531504421631806
0.0	0.21009254232551292	0.42016566964266544	0.6302219892816331	0.8402599383770814	1.0502735191606154	0.08864794173711173	0.29874367677383856	0.5088197852718022	0.7188800629687743	0.9289247389271216	1.1389512755833642	0.1772831140747424	0.3873775496855799	0.5974548383003235	0.8075186012688782	1.0175706125908777	1.2276112627312785	0.26590720410238405	0.4759982002654455	0.6860753028308314	0.8961419691660796	1.1062007807759595	1.3162539008431677	0.35452202775815755	0.564609085177415	0.7746860078798213	0.9847550809705491	1.19481899299772	1.40488158795551	0.44312702592043607	0.6532128202942081	0.8632910541386255	1.0733623679138267	1.2834293337686713	1.493496254446864	0.0	0.0	0.0	0.0	0.0	0.0	0.19038229297205247	0.19040117725486952	0.19041606918224746	0.19043070525161987	0.19044805730705236	0.1904721382855179	0.38077255865840787	0.38080715302599855	0.38083537644636156	0.3808629607104413	0.38089535523664925	0.38093850268328144	0.5711727005965815	0.5712190485304016	0.5712578832288391	0.5712960709137572	0.5713401359529117	0.57139692585856	0.761582288159971	0.7616363382867775	0.7616830777674183	0.761729589477502	0.7617821222368953	0.7618475159676872	0.9519984396107706	0.9520568387131073	0.9521100488780236	0.9521634934595793	0.9522226130994408	0.9522925568192466
0.0	0.21028584231142544	0.42055182752466175	0.6308006052084062	0.8410305489657794	1.0512354788675196	0.08947363646723636	0.2997627458889581	0.510031770836971	0.7202846024838917	0.930521471648289	1.1407397746031556	0.17893419642322222	0.38922198048753887	0.599492207563641	0.8097486081075126	1.019993014536343	1.230225841415533	0.2683834203022916	0.4786676886026505	0.6889377219144639	0.8991970958617509	1.1094484815156014	1.31969411943766	0.3578231714407129	0.568103409906711	0.7783732580619485	0.9886350982510312	1.1988917158976502	1.4091470768638001	0.4472528680917891	0.6575318174034186	0.8678030139140709	1.0780671534639688	1.288326905293006	1.4985867038033145	0.0	0.0	0.0	0.0	0.0	0.0	0.1902070533062876	0.19022632775700396	0.19024153446271488	0.19025649656181615	0.19027425867434528	0.19029893354150312	0.38042230332327687	0.3804576142076592	0.3804864311842521	0.3805146227999412	0.38054777209814294	0.38059196923524874	0.5706476815171999	0.5706949918603359	0.570734639611575	0.5707736600057773	0.5708187398512778	0.5708768964959029	0.760882737618371	0.7609379115745045	0.7609856252513768	0.7610331422917381	0.7610868725559312	0.7611538277719943	0.9511245161614901	0.9511841302233723	0.9512384466266688	0.9512930377049068	0.9513534912380661	0.95142509464579
0.0	0.21048165892101012	0.4209430129436815	0.6313867534949558	0.8418111886405346	1.0522099521438302	0.09030174732436502	0.30078674749318324	0.5112511992543979	0.721699090490526	0.9321306535579461	1.1425432174228722	0.1805901060746168	0.39107375387543314	0.6015394291192112	0.8119909735501103	1.0224302793373503	1.232857786080089	0.27086687130171444	0.4813469255310453	0.691812398521781	0.9022669869988242	1.1127134538291876	1.323154119033869	0.3611339546095779	0.5716098863305473	0.7820751683892758	0.9925322832175834	1.2029841156391592	1.413434756223003	0.45139075098587994	0.6618653670379577	0.8723320351860901	1.0827915088673892	1.2932465570835476	1.5037017488354223	0.0	0.0	0.0	0.0	0.0	0.0	0.1900298603846036	0.19004952821702517	0.1900650528318589	0.19008034496430373	0.19009852298966015	0.19012380090521894	0.38006814620449647	0.38010417959952114	0.3801335958850212	0.3801624020135828	0.38019631642650126	0.38024157884626986	0.5701168164493365	0.5701650973909327	0.5702055659326043	0.5702454285380265	0.5702915366460346	0.5703510797239774	0.7601754005108387	0.7602317079564267	0.7602804049545525	0.7603289384731913	0.7603838816865098	0.7604524204053952	0.9502408679214566	0.950301707457313	0.9503571403820331	0.9504128903575477	0.9504746945091738	0.9505479806395922
0.0	0.21068002223634827	0.4213392860538554	0.6319805243168704	0.8426019775024373	1.05319708885381	0.09113231365928806	0.30181575092302365	0.5124781698503431	0.7231236562986663	0.9337524439312173	1.1443617932548444	0.18225092168312687	0.3929329784255262	0.6035966414707903	0.81424586604962	1.0248826054327336	1.2355073252089912	0.273357675029957	0.4840360588589857	0.6946995103443624	0.9053518501923764	1.115995935326734	1.3266341673441504	0.36445453444989845	0.5751287014830767	0.7857919557514313	0.996446882668361	1.2070964690192827	1.4177449329583172	0.4555408710116869	0.6662136954464059	0.8768783740526532	1.0875357201267235	1.2981886051453082	1.5088417356846386	0.0	0.0	0.0	0.0	0.0	0.0	0.18985069888895836	0.18987076325379396	0.1898866088831401	0.18990223505231021	0.18992083486781536	0.18994672503569746	0.3797100567366713	0.3797468185241193	0.37977683981758886	0.37980626760990327	0.3798409575046225	0.37988730085407857	0.5695800596195586	0.5696293192042289	0.5696706161965934	0.5697113304914015	0.5697584803364891	0.5698194295905434	0.7594602158782248	0.7595176663091524	0.7595673556577226	0.7596169167653304	0.7596730883816452	0.7597432326591548	0.9493474187562236	0.9494094941065994	0.9494660537258358	0.9495229749484664	0.9495861464417241	0.9496611383594079
0.0	0.21088096299806697	0.42174070832648863	0.6325820098247638	0.8434030382840374	1.0541970421474196	0.09196537552021684	0.30284982686751805	0.5137127839597386	0.7245584318834123	0.9353870053647642	1.1461956952893981	0.18391672329766748	0.3947997647616889	0.6056639858239907	0.8165134574160323	1.027350195274368	1.2381746919564476	0.2758559515081347	0.4867352391381514	0.6975992384700977	0.9084518971080726	1.1192961683243567	1.3301345374439117	0.3677850709354592	0.5786600458377795	0.7895238411296085	1.0003791481468542	1.2112290582355918	1.4220779200520401	0.45970342806310716	0.6705770330126453	0.8814422913989868	1.0923000786854662	1.303153371579311	1.5140070172448223	0.0	0.0	0.0	0.0	0.0	0.0	0.18966955320980894	0.18969001719341078	0.1897061869166829	0.18972215112532065	0.189741178629334	0.18976769029664123	0.3793480037719269	0.3793854997192699	0.3794161316650219	0.3794461882607757	0.3794816640275768	0.3795291040063892	0.5690373643809815	0.5690876105059152	0.5691297435303352	0.5691713189678105	0.5692195240413255	0.569281899259564	0.7587371215967771	0.7587957243413972	0.7588464149720027	0.7588970147406687	0.7589544302214902	0.759026202147863	0.9484440910754007	0.9485074124034716	0.9485651087784054	0.9486232135458084	0.9486877690998115	0.9487644898950593
0.0	0.21108451262235534	0.42214734258405734	0.6331913041952117	0.8442144964171789	1.0552099685449885	0.09280097367118727	0.3038890474036149	0.5149551449785276	0.7260035519542478	0.9370345038629646	1.148045120797915	0.18558759239869452	0.39667422560917204	0.6077416061569956	0.8187939229040208	1.029833255431722	1.240860124268277	0.2783618229044497	0.489444619735746	0.7005117674723181	0.9115673435682248	1.1226143999672467	1.3336555079114853	0.37112572690239587	0.5822041133980849	0.793271049704116	1.0043293360663725	1.2153821710276012	1.426434036701877	0.46387862561104953	0.6749556143648581	0.8860240530235078	1.0970848815708543	1.3081411847424154	1.51919795333897	0.0	0.0	0.0	0.0	0.0	0.0	0.18948640743969153	0.1895072740628245	0.18952377093290132	0.1895400771827102	0.18955953829407343	0.18958668075003812	0.37898195556705644	0.37902019132526976	0.3790514395117698	0.3790821320386638	0.37911840408986125	0.37916695644812703	0.5684886831939779	0.5685399236061159	0.568582900163582	0.5686253461710402	0.5686746199794787	0.5687384409920496	0.7580060543524108	0.7580658185683372	0.7581175193132693	0.7581691687752344	0.7582278435878246	0.758301265283894	0.9475308058004853	0.9475953830886606	0.9476542261666805	0.947713526722963	0.9477794830507567	0.9478579558355061
0.0	0.21129070321852111	0.42255925303528286	0.633808503683305	0.845036480102985	1.056236028024573	0.09363914961101961	0.3049334860326502	0.5162053584176396	0.7274591540264866	0.9386951089268027	1.14991027123914	0.18726361193615731	0.39855647585004633	0.6098296492934793	0.8210874413033284	1.0323319966996911	1.2435638650071785	0.28087541359113927	0.49216435690890914	0.7034372855016795	0.9146984096611412	1.1259508823564708	1.3371973629723675	0.3744766681251533	0.5857611017907772	0.7970338109652545	1.0082977078383937	1.2195561008225817	1.4308136084841925	0.46806667079837905	0.6793496784879164	0.8906239297676913	1.1018904315412232	1.313152379412152	1.5244149109014977	0.0	0.0	0.0	0.0	0.0	0.0	0.18930124536663387	0.18932251758327392	0.18933934462595806	0.18935599691721072	0.18937589757468865	0.1894036801496102	0.3786118797703316	0.37865086087176164	0.37868273083056625	0.37871406640354366	0.3787511451723211	0.3788008257083264	0.5679339676063827	0.5679862098996669	0.5680300374093792	0.5680733633871229	0.5681237194505089	0.5681890061264059	0.7572669496143066	0.7573278842852922	0.7573806038759131	0.7574333140223726	0.7574932636378738	0.7575683572511986	0.9466074823318544	0.9466733253784708	0.9467333249913751	0.9467938335257924	0.9468612073323665	0.9469414552360814
0.0	0.21149956760715719	0.42297650531142517	0.6344337066770277	0.845869120384275	1.0572753841123472	0.09447994559286187	0.3059832177180195	0.5174635319587698	0.7289253784951308	0.9403689936457756	1.15179135236911	0.1889448663685967	0.4004466325803989	0.6119282649778947	0.8233941950321291	1.0348466342100135	1.2462861620821846	0.2833968502031438	0.4948946098814613	0.7063759843809876	0.9178453198540264	1.1293058726799343	1.3407603926482228	0.37783806339470705	0.5893312123622794	0.8008123588276775	1.01228453000501	1.2237511468860793	1.435216967522575	0.47226777453769003	0.683759468839213	0.8952421976499874	1.106717037238025	1.3181872969568333	1.5296582641664052	0.0	0.0	0.0	0.0	0.0	0.0	0.18911405046734966	0.1891357311635128	0.1891528913770075	0.18916989370816112	0.18919023986988026	0.18921867193404754	0.3782377434078771	0.3782774752641648	0.37830997246889897	0.37834195818939337	0.378379854128641	0.37843067868659824	0.5673731682330428	0.5674264198457404	0.567471105643747	0.567515320964054	0.5675667728143285	0.5676335450581333	0.7565197416076358	0.7565818555405374	0.7566356026057244	0.7566893843856825	0.7567506242772667	0.756827411978236	0.9456740385146644	0.9457411569307738	0.9458023227930572	0.9458640514387755	0.9459328594191113	0.9460149055846502
0.0	0.2117111393388898	0.423399166503738	0.6350670137533777	0.8467125512202999	1.0583282039758881	0.09532340464443471	0.3070383189241339	0.5187297755120226	0.7304023687111721	0.942056334792823	1.1536885743546823	0.19063144170367147	0.40234481516954007	0.6140376059533507	0.8257143702335585	1.0373773875464352	1.2490272685824468	0.28592626169891666	0.49763554092337037	0.7093280597033272	0.921008303109765	1.1326796333478046	1.3443448929109332	0.38121008459963635	0.5929146502783663	0.8046069317487673	1.016290074375968	1.2279676144776057	1.4396444526621546	0.4764821516126183	0.688185233468612	0.899879138004442	1.111565013343131	1.3232462855115266	1.534928394861881	0.0	0.0	0.0	0.0	0.0	0.0	0.188924805900255	0.18894689789285743	0.18896439424726166	0.18898175061458092	0.18900254825746488	0.18903163922006394	0.3778595128696882	0.3779000007697506	0.37793313063512335	0.37796577359032774	0.37800449717148016	0.37805648163924194	0.5668062347348315	0.5668605029469368	0.5669060542848302	0.5669511682909782	0.567003729470397	0.5670720072189956	0.7557643632855697	0.7558276651074045	0.7558824481720676	0.7559373124912433	0.7559998581322805	0.7560783621101926	0.9447303906038577	0.9447987938101117	0.9448611355173387	0.9449240963502648	0.9449943551874155	0.9450782227668777
0.0	0.2119254527137965	0.4238273052022615	0.6357085277364897	0.847566909564146	1.0593946585207907	0.09616957058888508	0.3080988676566546	0.5200042012755014	0.7318902710605075	0.9437573129225361	1.1556021518910073	0.1923234255398778	0.40425114532107354	0.6161578280420228	0.8280481568754464	1.0399244808637416	1.2517874429155496	0.28846377942300105	0.5003873154326571	0.7122937109332979	0.9241875930074813	1.1360724321323785	1.347951165841752	0.38459290680958125	0.5965116246269349	0.8084177728507339	1.0203146181700995	1.2322058150113921	1.4440964096496476	0.48071002078214675	0.6926272251420628	0.9045350376236511	1.1164346807411356	1.328329700159699	1.5402256924112503	0.0	0.0	0.0	0.0	0.0	0.0	0.18873349449824187	0.18875600053399247	0.18877383597081474	0.18879155036800285	0.1888128054872053	0.18884256479521358	0.3774771538951624	0.3775184030032335	0.377552170884094	0.37758547814625126	0.377625039858127	0.37767820016487796	0.5662331157969325	0.5662884077276488	0.5663348317713226	0.5663808537766507	0.5664345378361916	0.5665043410554654	0.7550007463003184	0.7550652444554117	0.7551210719390886	0.7551770296588755	0.7552408965211237	0.7553211389802411	0.9437764532279543	0.9438461504515883	0.9439096774788556	0.9439738825165352	0.9440456088797409	0.9441313210302955
